1
848
1345
1570
1728
1765
1887
2254
2514
3142
3554
3660
4439
4579
4851
5387
5890
6559
7182
7330
7452
8334
8718
9100
9556
10171
10421
11059
11121
12115
12545
12979
13142
14854
16284
17093
17194
18175
18446
19669
19766
20900
21830
22544
23441
23894
24370
24512
24516
24770
26678
27519
27684
27993
28060
29523
29689
30697
31151
33104
33209
33777
34109
34407
35300
36653
36753
37584
38061
41161
41692
42724
43231
47376
47518
47553
48027
48275
48827
51007
51043
52091
52319
52849
53327
53349
53521
56154
56443
57240
60510
60595
61174
62413
62508
63032
63364
65829
66033
66076
66346
66504
66835
70648
71423
72444
73126
73232
73820
73905
74228
74864
75573
76062
76344
77707
79550
81217
81422
82860
83362
85278
85385
85911
86461
86915
87305
87633
88819
89021
89218
89926
91118
91205
91963
94847
96815
96850
97920
99429
99865
99922
99933
100064
100527
100652
100656
101060
102206
102750
103777
103825
104334
106056
106325
107180
108020
108272
109653
110237
111721
111878
112757
113590
113855
113917
114131
114378
115083
115504
116709
118608
118621
120564
121002
121865
122863
123103
123637
123666
123778
124281
126919
127191
129974
131498
132617
133188
133384
134553
134564
134796
135435
137260
138207
139573
139902
139972
140220
140684
140725
141522
141648
142286
142324
142380
142498
143402
143478
145016
146797
147790
147914
148449
149790
150780
151136
151384
151671
155111
158650
158939
159290
159365
159524
160387
162037
166241
169318
170357
170751
170916
171011
172360
172840
175602
175755
176319
176451
176998
178248
179512
180394
182417
183399
184222
184736
184965
185812
185901
186180
186912
188027
188085
188513
189035
190131
193509
194630
195188
195965
195976
196060
197453
199680
200836
201172
201192
201909
202644
202923
202965
204032
204545
205775
206026
208696
209927
212533
212657
214318
214369
216093
216299
217158
217400
217618
221791
222191
222299
222952
223228
223729
224907
226264
227437
228228
228424
228602
229029
229473
230433
231582
231610
233257
233359
237091
238598
238827
239146
239778
240894
241410
241523
241791
244497
244984
245658
245713
247272
248553
252842
255492
256619
256946
259412
262163
264772
265025
265647
265694
267808
268594
270292
271060
273778
274739
276308
278124
279032
279773
280123
280671
281671
281727
282245
282621
283799
283877
286903
288709
289706
289937
290463
293221
293583
298012
299194
301541
303872
305377
305482
305747
306041
307010
307121
308175
308537
309353
310534
311961
312176
315029
317042
319554
320850
321133
321680
323674
324802
325032
325351
326691
326784
326998
327020
327477
328990
329101
329815
331015
331475
333985
334548
334859
336583
337052
339131
339609
340077
344499
345154
345796
346402
347360
347737
348313
349888
350710
352679
353163
353885
354117
354455
356250
356432
358476
359775
360323
360344
360437
360683
362831
362868
366196
366208
366514
367085
371696
372495
373129
374733
376574
376915
376983
377616
379210
379531
379792
380512
380666
382070
382073
384004
384912
388267
390546
390601
391587
391946
392559
393439
395560
397142
397434
397914
397999
398326
399180
400374
402546
402860
403444
404184
405691
405835
406089
407844
410537
411178
411870
412093
414522
415073
415091
415458
415631
415945
416219
416280
416417
416466
417045
417376
418616
418829
419971
420037
422148
422527
423245
427253
427933
428060
428340
428396
430150
430223
430931
431336
432713
433438
434898
436048
436483
436641
436742
437928
438353
439627
441079
442271
444454
445112
445211
445683
445999
446197
446850
447049
447517
448992
450637
451074
451851
453324
454184
455514
455632
460213
461043
462306
462891
463342
464619
465358
467104
467136
469089
470413
470455
470770
471253
471474
473445
473464
474273
474422
474511
475181
476524
476535
477180
477323
479649
480196
483314
484910
486338
486358
486545
487719
491703
495297
497775
498165
498678
499034
500719
502602
503627
504257
507172
508556
508576
509122
509995
510291
512020
512137
515851
517781
517952
518023
519109
521851
524234
524767
526190
526899
527721
528978
530627
530886
531091
535025
535276
537984
540016
542006
542124
542460
548103
548280
548405
548560
550312
552660
553542
553683
554014
555952
556231
557195
558127
558759
559409
561500
561979
562911
565997
566587
567928
568003
572063
574245
576357
577017
579250
581820
582214
584242
584475
585393
587138
587226
592197
592670
593992
598605
599094
599309
599728
600149
602598
604926
605762
607090
607969
608649
608929
610339
610599
611582
613137
614525
616968
617309
619118
619235
620097
622197
626389
627251
627573
628881
631127
631808
633039
634529
634834
636828
636831
637720
643137
643605
644385
645541
646082
648023
649840
651183
651763
651939
652282
652293
652355
653182
653527
654366
654774
655107
655892
656098
656172
656650
657119
658060
659255
659603
661198
661724
662508
663027
664543
664806
666104
666456
666533
668989
670555
671827
671966
672997
673079
673548
675932
676635
676706
680691
681505
681896
684839
686531
688614
689321
690295
692298
693390
693784
693956
695009
695275
695479
696080
696417
697284
700502
700762
701303
705497
705815
706112
706672
707195
707402
708449
709996
710324
712737
714907
716491
717966
719798
721003
721233
721382
721533
722710
727836
728244
728346
728755
729005
729119
733291
734077
735845
736106
736290
736720
738110
738143
738238
739694
741033
743857
745048
746120
746677
748485
750106
751284
754153
754579
754758
755627
756464
757243
757906
762396
763065
763650
764162
764442
765545
766127
766412
769075
769838
770660
770798
772008
773500
773852
774913
775516
776078
776391
777233
777547
780467
782099
783362
785733
786304
790499
791780
792597
793049
794269
795758
795795
797693
798186
798808
799674
799994
802328
802433
804012
805834
806171
807827
809594
810952
811833
811889
813104
814182
815489
815772
818089
818298
821150
823507
823952
824614
824887
826403
828188
830522
831587
832925
834014
838119
838318
839339
839734
840833
841847
842174
843960
844127
848935
849260
855758
856404
858387
859928
862844
863212
867915
868617
869846
873403
875651
876156
878676
881513
881721
882027
882541
883500
886118
887663
888713
889237
890998
891071
891282
891550
894214
895568
896927
897420
897618
899229
899378
900837
901428
903837
905788
906651
909167
911580
911635
912296
912736
913762
914105
914109
914772
919791
921265
923702
925193
926994
928924
929610
931531
934329
935768
936650
938084
938883
939586
940905
941500
944653
946313
946396
947933
948152
949644
949964
952065
952119
952681
953411
954841
959652
962082
963499
964171
965349
965956
971317
971863
972355
974264
975257
976737
978361
978381
981623
982006
982166
982170
982602
984143
985129
985643
986157
987862
991486
992020
992145
992647
993015
994755
996160
996441
997513
998122
999656
1000437
1001239
1001537
1003158
1005700
1008422
1010292
1014496
1016220
1017833
1018153
1018692
1018870
1019663
1020055
1022138
1026187
1026948
1027220
1030349
1031765
1032030
1032668
1033383
1034826
1035022
1035424
1037441
1037620
1037748
1038117
1039254
1039478
1041753
1044299
1045628
1045684
1045765
1046758
1048206
1048309
1049091
1049267
1051051
1054512
1055543
1055826
1056223
1057697
1059682
1060986
1061695
1069337
1081845
1082721
1084089
1086764
1087978
1088072
1089484
1089937
1090524
1091511
1091587
1091808
1093751
1094669
1097673
1098645
1100012
1100242
1102124
1102499
1103510
1103794
1108936
1110108
1110895
1111219
1114632
1115480
1116593
1116906
1117858
1120222
1122029
1126183
1128379
1128381
1129917
1130985
1132904
1135140
1135790
1136933
1137614
1138026
1138319
1144262
1145357
1145802
1146269
1146334
1146501
1147702
1150167
1152667
1153501
1155385
1165444
1166302
1166344
1167207
1168437
1170613
1172690
1173248
1174357
1174729
1175480
1182086
1185122
1185214
1185272
1186323
1186731
1187562
1187981
1188036
1189842
1190053
1191202
1193821
1194199
1195295
1197146
1198156
1198581
1203441
1204648
1205583
1208196
1210194
1212892
1213980
1214473
1216637
1217410
1217749
1221922
1223213
1223353
1223497
1223509
1224579
1224592
1224759
1224850
1225685
1226545
1226902
1228312
1228520
1230362
1230380
1230702
1231125
1231488
1232645
1233760
1235789
1236555
1239530
1240303
1241918
1242154
1242212
1242523
1243536
1243696
1244372
1245311
1246709
1247667
1251509
1251730
1252700
1253034
1255830
1256599
1257927
1258491
1261586
1262457
1264298
1265075
1265137
1265381
1265656
1266799
1266833
1267312
1272515
1274786
1274950
1275479
1275572
1276950
1278441
1280378
1280633
1284832
1285315
1286228
1286997
1287539
1287558
1288940
1290044
1291617
1292122
1292944
1295075
1297424
1298306
1300682
1302092
1303875
1304515
1305905
1307051
1307139
1308252
1312168
1312736
1313331
1315117
1315740
1317010
1319100
1321639
1323712
1324817
1325142
1325707
1330519
1331913
1333503
1334257
1340695
1342280
1343218
1343906
1345040
1346542
1350112
1350694
1352993
1353511
1353851
1359326
1360859
1360953
1360989
1361879
1362628
1366782
1367539
1368670
1369770
1370684
1372929
1375613
1375990
1380042
1380567
1382628
1385014
1385412
1386316
1387075
1387912
1389076
1389497
1394041
1394857
1397855
1397870
1398268
1399173
1399514
1401946
1407762
1410718
1411911
1412157
1412340
1412773
1416336
1422065
1423160
1423336
1424613
1426457
1427500
1431053
1431623
1433896
1434061
1434346
1436353
1437647
1438511
1442954
1445538
1447386
1449152
1449825
1449854
1449941
1452123
1453042
1453412
1457009
1457889
1459918
1460619
1464893
1466505
1467964
1469705
1470911
1471482
1472930
1477509
1479696
1481663
1481731
1482382
1485803
1486937
1487952
1488241
1488814
1488990
1490322
1491433
1493306
1493893
1495543
1497779
1497977
1500206
1502455
1502620
1504591
1505571
1509206
1509979
1510204
1510253
1512770
1513091
1513736
1514125
1515862
1516019
1518644
1519519
1521259
1524069
1524664
1525642
1527312
1527753
1530862
1531777
1532718
1535135
1535808
1538445
1539121
1539233
1539995
1540295
1541122
1542569
1544519
1545463
1547425
1547734
1549373
1549763
1551537
1551861
1551926
1552168
1560762
1562681
1566185
1567448
1568457
1572628
1573644
1573925
1574373
1575440
1577613
1583490
1583909
1584163
1584664
1585472
1591762
1592401
1593931
1594378
1595599
1596091
1599249
1601120
1601672
1601899
1603813
1604506
1605400
1612352
1614413
1614950
1615002
1615751
1618260
1619656
1620730
1620867
1622255
1623011
1624895
1625317
1626472
1626897
1628281
1631353
1635350
1635878
1636253
1637106
1639167
1641357
1641742
1644778
1645389
1646205
1646287
1648568
1650922
1651594
1651909
1654432
1656522
1659348
1660118
1660642
1660901
1661021
1665027
1667264
1670883
1671682
1673116
1673238
1678733
1679083
1679377
1679938
1680043
1681135
1685420
1686345
1686346
1687388
1689534
1690076
1690210
1691523
1692339
1693059
1693273
1694748
1695030
1695424
1695650
1695669
1700332
1700951
1702686
1702739
1703233
1704493
1707402
1709372
1713070
1716272
1717150
1717379
1718209
1719663
1719756
1719778
1720021
1722861
1726889
1726943
1728711
1729127
1729545
1735971
1736545
1737825
1739317
1740088
1742262
1743591
1744984
1745415
1745453
1745934
1747504
1747623
1748235
1751391
1753510
1755128
1756271
1756542
1758687
1762690
1762704
1766411
1767115
1767657
1770604
1772042
1773386
1781636
1781983
1782190
1782483
1785000
1787900
1789788
1792137
1792254
1798011
1799298
1799539
1800975
1801294
1803629
1803993
1806224
1807923
1808283
1810134
1812452
1814298
1820263
1822008
1822168
1822791
1825053
1825562
1827238
1828451
1830056
1830852
1832249
1836110
1837419
1840041
1841963
1842067
1846567
1846970
1847201
1849609
1852710
1853065
1854905
1855430
1855529
1861292
1861406
1863060
1863341
1865813
1865878
1866094
1867335
1867452
1867648
1868922
1870926
1874744
1875314
1878494
1882870
1884686
1886504
1887047
1888486
1889537
1890072
1891140
1893521
1899796
1900020
1900310
1901316
1906731
1912851
1914802
1914879
1915328
1916008
1919743
1919788
1921290
1921573
1922081
1922489
1923150
1923870
1924180
1924194
1928778
1929243
1933339
1937312
1937466
1937616
1937898
1938050
1939242
1939592
1941069
1942517
1942780
1944026
1947490
1947510
1947814
1949797
1950036
1950353
1951885
1952715
1952868
1956113
1956198
1960675
1964489
1964648
1964679
1965560
1966998
1967323
1971804
1972171
1972919
1973822
1974053
1974237
1975081
1976196
1976777
1981791
1981907
1984455
1984714
1984800
1987469
1988024
1988074
1988949
1988972
1989115
1989543
1990905
2000613
2003521
2004922
2009751
2011721
2012236
2012476
2013592
2016159
2016303
2016749
2017810
2019388
2019678
2020431
2020704
2020846
2023264
2027819
2030601
2034177
2034980
2037306
2039310
2040843
2040936
2042009
2043339
2043882
2047042
2051200
2051758
2053335
2060960
2066377
2067424
2069582
2070341
2071698
2073697
2076243
2077678
2078847
2078976
2086884
2087876
2087901
2091437
2092157
2093532
2093982
2096201
2096469
2097494
2099805
2099812
2101891
2102217
2102276
2105513
2106990
2107108
2108382
2109283
2109640
2109768
2116780
2119630
2122653
2123968
2124619
2125860
2125967
2132567
2133490
2135216
2138238
2138311
2138828
2141007
2141290
2144253
2146881
2147083
2148438
2148557
2150423
2152161
2153848
2154648
2158947
2159946
2162398
2167291
2168321
2168711
2173097
2174462
2176219
2176828
2177403
2177442
2178132
2178548
2178586
2179453
2179718
2180614
2180765
2181804
2183520
2184168
2185333
2186323
2186753
2188284
2188712
2190919
2192230
2193570
2198345
2200058
2203742
2205868
2208369
2208747
2211491
2212489
2213772
2217063
2222356
2223075
2226409
2227315
2228284
2230305
2230906
2231236
2236980
2238651
2243586
2244264
2249366
2252857
2253338
2254147
2254877
2256811
2257186
2258214
2260043
2260076
2261679
2261792
2262342
2263935
2264304
2267692
2273135
2274223
2274280
2280263
2282767
2284026
2284094
2287827
2289721
2292721
2292952
2294163
2294678
2297505
2297553
2300099
2300389
2302333
2303352
2304174
2304509
2308685
2309632
2310255
2312320
2317343
2317493
2318182
2319393
2326574
2328158
2329340
2329608
2332874
2333372
2337709
2338067
2338835
2340085
2344080
2344106
2348064
2350604
2351112
2351433
2351435
2352181
2353437
2353955
2354011
2354249
2355786
2356402
2356483
2356702
2357970
2359512
2360183
2360634
2363423
2363654
2366332
2366788
2368223
2368806
2371533
2372046
2378270
2379913
2380996
2382061
2383810
2387932
2388784
2389942
2390808
2391203
2393612
2395876
2399535
2400397
2401805
2403389
2404761
2405260
2407553
2410788
2411776
2412295
2412425
2413108
2414594
2415371
2418021
2418925
2421333
2423506
2424316
2425906
2428327
2428980
2429013
2429952
2431900
2433069
2436148
2441260
2444932
2446531
2448651
2451570
2452702
2456583
2457095
2458589
2458871
2459357
2459881
2460194
2462919
2467779
2472701
2476337
2478580
2481172
2482136
2483000
2483719
2484891
2485826
2487811
2488797
2489592
2491396
2495118
2495129
2495328
2499391
2501783
2502008
2502192
2502833
2503814
2503966
2504939
2505243
2505939
2508120
2511065
2512136
2512885
2513684
2513723
2514048
2514325
2518599
2520092
2522807
2525014
2525506
2527560
2530791
2535401
2535730
2536184
2538653
2539012
2540863
2541165
2541981
2542584
2543568
2544458
2546496
2547518
2548511
2551505
2551565
2551960
2553058
2555708
2557121
2560421
2560870
2563493
2564227
2566696
2566980
2567200
2567820
2568650
2573969
2574268
2574788
2575439
2576260
2576708
2579143
2579804
2582416
2584020
2585239
2589714
2590567
2591932
2593126
2593179
2593741
2594375
2595638
2595864
2598539
2598682
2598999
2600121
2601395
2602512
2604739
2605139
2610301
2614671
2620432
2621592
2622548
2625455
2625489
2630728
2631798
2632324
2633039
2636440
2639019
2641791
2643659
2644939
2645413
2645985
2651652
2654436
2654739
2656736
2658623
2659484
2661707
2661893
2663201
2663838
2665755
2666802
2666878
2669441
2670620
2670808
2671481
2678753
2679177
2680088
2680528
2682751
2684447
2688133
2689507
2692939
2693061
2694336
2695407
2695827
2696081
2697351
2697704
2700155
2702534
2703343
2704540
2705442
2707901
2708854
2709278
2711458
2711835
2712715
2712717
2713160
2714947
2716783
2716901
2719128
2721680
2723145
2724846
2735838
2738501
2738505
2739593
2742746
2752887
2754027
2755182
2756089
2757068
2759263
2760010
2761790
2762611
2764370
2765225
2767070
2773255
2774594
2778495
2778887
2781992
2790408
2792929
2793085
2793564
2797848
2798505
2802628
2803208
2808815
2812548
2812604
2815894
2816570
2820041
2821284
2822388
2822902
2823373
2823871
2827370
2827914
2829923
2830422
2830702
2831489
2833749
2836498
2841341
2842124
2842341
2842794
2843777
2844736
2846217
2846351
2848590
2849748
2850226
2854809
2854829
2856337
2857747
2860631
2861022
2861079
2861130
2866439
2869007
2873753
2877264
2880851
2886219
2888893
2889146
2889466
2890568
2890601
2891293
2892863
2896770
2898403
2899986
2900471
2901770
2904650
2906541
2907630
2911099
2911825
2914965
2916713
2919052
2920058
2922106
2930794
2932534
2933257
2935485
2936805
2936888
2941826
2943713
2944193
2945812
2950003
2950124
2950855
2950910
2954121
2956093
2956491
2958888
2960204
2960306
2961963
2964570
2964863
2967069
2967561
2968717
2970178
2971324
2972611
2973198
2974856
2975892
2976368
2977042
2977097
2977656
2979192
2979563
2981439
2982028
2982201
2983630
2984914
2987721
2988406
2989053
2991140
2991247
2991545
2994254
2995415
2997519
2998637
2999459
3004229
3005998
3008006
3009098
3009671
3012621
3014237
3014298
3014462
3017433
3018884
3019520
3021301
3022203
3023299
3024334
3025602
3027302
3030648
3034724
3035295
3036003
3036875
3039397
3043468
3047827
3049751
3049840
3051008
3056561
3061018
3063252
3067115
3070193
3073449
3073880
3076915
3080481
3080866
3081070
3081273
3081744
3084145
3085041
3085806
3087149
3087465
3088926
3098794
3100788
3103347
3104008
3106127
3106467
3107031
3107036
3107992
3110366
3111136
3112377
3112761
3118492
3119117
3119606
3121427
3123662
3124917
3127001
3127309
3128333
3129242
3130208
3131423
3131628
3133460
3133926
3138149
3138184
3138399
3141453
3141966
3146716
3147173
3147860
3148833
3151592
3151679
3151782
3153327
3154969
3155548
3155910
3156819
3159392
3159556
3161403
3167179
3167233
3167271
3168642
3170163
3174843
3175077
3175590
3175704
3177395
3177573
3179271
3179567
3181077
3181081
3181565
3181589
3187910
3195778
3196125
3197333
3197366
3199198
3200606
3206272
3210217
3212173
3214770
3214864
3216224
3218309
3220427
3220575
3221104
3222036
3222828
3222903
3223410
3227805
3232030
3232798
3234194
3234861
3237918
3239222
3242621
3246118
3247442
3248184
3248222
3248236
3252040
3252442
3255829
3255908
3259545
3266367
3266574
3268007
3269191
3273771
3275181
3278817
3282089
3282562
3284385
3288611
3294875
3296495
3296898
3297991
3301514
3301761
3304006
3304584
3311498
3312708
3316409
3318465
3318750
3320652
3323139
3324723
3325823
3334530
3334771
3336479
3336589
3341896
3343800
3345007
3347637
3347865
3348099
3348134
3350377
3352781
3354454
3354593
3354677
3355348
3357857
3358925
3359377
3359824
3361088
3361480
3362602
3362904
3368220
3368227
3371417
3371784
3373563
3373731
3374000
3377786
3378642
3378909
3381004
3382126
3382630
3387425
3390381
3395261
3398564
3398878
3403940
3406538
3406725
3407904
3411287
3417332
3421044
3422167
3422719
3423102
3427252
3429777
3435461
3435546
3436586
3437194
3437206
3438299
3439391
3439807
3441678
3443382
3443623
3446337
3449952
3454427
3454839
3456433
3456918
3457252
3458305
3459396
3460166
3464040
3469239
3470081
3474271
3474961
3476439
3477318
3478034
3478454
3478939
3480939
3481119
3483298
3483939
3483990
3484330
3485793
3486172
3486240
3489032
3490296
3492164
3493046
3494175
3496456
3496629
3498364
3498884
3501392
3503404
3507018
3508632
3511104
3512561
3514662
3514953
3516114
3516841
3517761
3521950
3521976
3522986
3525269
3526566
3527182
3532933
3533425
3533725
3534046
3542898
3543115
3547012
3551720
3552141
3553282
3553929
3556045
3557142
3560811
3561957
3562640
3563220
3563330
3563756
3563990
3564469
3565391
3571356
3574797
3579651
3580593
3585667
3586764
3587144
3588136
3591738
3593211
3598145
3599234
3600148
3601386
3602560
3608035
3609777
3613354
3616748
3621181
3622788
3623642
3625229
3627602
3633173
3635362
3636483
3636720
3638010
3638100
3642687
3645995
3648237
3651071
3652645
3653409
3655667
3657347
3658256
3661168
3662038
3663109
3664846
3664867
3668263
3673667
3674028
3674128
3676906
3676947
3677575
3683888
3689152
3692571
3692873
3693942
3698925
3699027
3714056
3715521
3716022
3717575
3718408
3718501
3718592
3719088
3719579
3720827
3725413
3725620
3727141
3730197
3730214
3734495
3737827
3739200
3742251
3744919
3745689
3753903
3756765
3756888
3757963
3757981
3759397
3760775
3763064
3766085
3766993
3771049
3777394
3777441
3782800
3783494
3783662
3783801
3784431
3785664
3788431
3789886
3791532
3793848
3794971
3796558
3800156
3801818
3802243
3809423
3810604
3812364
3812995
3813828
3813896
3816456
3816848
3817398
3818650
3819458
3819627
3819975
3820237
3826671
3833038
3833118
3834672
3834783
3836997
3838382
3840025
3843645
3847026
3849001
3849352
3852434
3853788
3853816
3854768
3855399
3858701
3858715
3861123
3861794
3863834
3870755
3871803
3873871
3874576
3874825
3874870
3877642
3879626
3880130
3886144
3887880
3891332
3893510
3899147
3899600
3900772
3905716
3908201
3912732
3912834
3915246
3916830
3919171
3926359
3926992
3927403
3929386
3931526
3931948
3934339
3935856
3936369
3937859
3940392
3942504
3943072
3943960
3945785
3946850
3948641
3950550
3950580
3950706
3952004
3953086
3960281
3960883
3963739
3964127
3964437
3965245
3965783
3970822
3971783
3971919
3974238
3974422
3975956
3977768
3979616
3981153
3984667
3985027
3985390
3992099
3993136
3994235
3996004
3998222
3999701
4002360
4003358
4004543
4008823
4008992
4010477
4010852
4013694
4015421
4017975
4019466
4019692
4021498
4022027
4022901
4029286
4030763
4034601
4034662
4035288
4035290
4036431
4036723
4036792
4036854
4037756
4038173
4039229
4043908
4044711
4045505
4047708
4047849
4049238
4049564
4053998
4055819
4055872
4057356
4060904
4068413
4068728
4070914
4072750
4073005
4073735
4076672
4087313
4089087
4090200
4090302
4092880
4096576
4097354
4098196
4106053
4109189
4112036
4112214
4122097
4125782
4126331
4128878
4140010
4140382
4140410
4144281
4145615
4147405
4152752
4154788
4155847
4156648
4157461
4158695
4160427
4160953
4171657
4175490
4176987
4177404
4182440
4183701
4185264
4188231
4190808
4191577
4198316
4199167
4199278
4200440
4200643
4205014
4205187
4206376
4208860
4209393
4211516
4212367
4213019
4218978
4222671
4223709
4225799
4231028
4236251
4241343
4242917
4245222
4248942
4249241
4252032
4255905
4256871
4256997
4258322
4258341
4259363
4259736
4265671
4267134
4269582
4274704
4275485
4277006
4278522
4280641
4281167
4283224
4286102
4291666
4292293
4292987
4293373
4294600
4296730
4299322
4299858
4300662
4302725
4304721
4307771
4309822
4310152
4310296
4310601
4314685
4316089
4323788
4324500
4329512
4330184
4330603
4332246
4332933
4334159
4335384
4339629
4340819
4342022
4343559
4344131
4344617
4347730
4350063
4350962
4361341
4361735
4362108
4362874
4363406
4364018
4366466
4366999
4369449
4371331
4371964
4374252
4375923
4376478
4377514
4377744
4380726
4380912
4388378
4388742
4396672
4397538
4397818
4399715
4401041
4401785
4405905
4407140
4413255
4417510
4419071
4419181
4419713
4423986
4424690
4426927
4428300
4429748
4429913
4433023
4435587
4437488
4441385
4444590
4447654
4448062
4450617
4453009
4453710
4457338
4457496
4457866
4458935
4464526
4466679
4469338
4469367
4469444
4469735
4469942
4472431
4474677
4476387
4480758
4488905
4489515
4493566
4493820
4493958
4495451
4497042
4500374
4502962
4507757
4509074
4510367
4513232
4518490
4519967
4521021
4523749
4527108
4530214
4534932
4536831
4542428
4543256
4544274
4544797
4545190
4550512
4552088
4552374
4553738
4554226
4555448
4556245
4556485
4556919
4561036
4566612
4567359
4576393
4576520
4576679
4577802
4584791
4589073
4593264
4594424
4595027
4595798
4596439
4600038
4600173
4602743
4602871
4604753
4605964
4607590
4609047
4609814
4613235
4621319
4621483
4623375
4625972
4626078
4626681
4627024
4630464
4630892
4631208
4636225
4636874
4638804
4646658
4650839
4653304
4653815
4653994
4654038
4655064
4657262
4658437
4660988
4664286
4664794
4665450
4667360
4668116
4670222
4676330
4677523
4680826
4681068
4682570
4686593
4687106
4687329
4689670
4690414
4690539
4691390
4692063
4695234
4700273
4701726
4706399
4708229
4709503
4713372
4714283
4715409
4716758
4718657
4719064
4719630
4722731
4724247
4725829
4728943
4729208
4729589
4729664
4730284
4731368
4734071
4738350
4739676
4739770
4740308
4743615
4746528
4748503
4748788
4749297
4751576
4752200
4755315
4758969
4760268
4762245
4763010
4765543
4766278
4767542
4767770
4770447
4771213
4771926
4773357
4776295
4777321
4777395
4780150
4780659
4784071
4785358
4786576
4789511
4791483
4793412
4794501
4794766
4801191
4801668
4803645
4804511
4805002
4805652
4807247
4810171
4810196
4810754
4815230
4815334
4816055
4818478
4819481
4822633
4822639
4824149
4824888
4825267
4825552
4830321
4832201
4835135
4838037
4848076
4848874
4849040
4849098
4851164
4855909
4856895
4860715
4861009
4867347
4870170
4877187
4877199
4882023
4882048
4884565
4888224
4889789
4893217
4896034
4898892
4900285
4901240
4903942
4910233
4912937
4916432
4918414
4918617
4922813
4925187
4929923
4937657
4937858
4945027
4948177
4951945
4952714
4953216
4956171
4957191
4959380
5001024
5001481
5005851
5010264
5010892
5013523
5014819
5015278
5021306
5021894
5023193
5025382
5027132
5028367
5029709
5029956
5032209
5032798
5036681
5037581
5037603
5038019
5039575
5039594
5041237
5041664
5043722
5044474
5046052
5046919
5047006
5049357
5051592
5051965
5053610
5053808
5053902
5053920
5054709
5056204
5056801
5063486
5070273
5070672
5072451
5076018
5076401
5078347
5083329
5087966
5088327
5088528
5089075
5090858
5091363
5093985
5099540
5106136
5108150
5109020
5110081
5110214
5111985
5112152
5112384
5115472
5116562
5119594
5120205
5121294
5124998
5126144
5127672
5129254
5134271
5137487
5138888
5139300
5140362
5144333
5148660
5149918
5150472
5151272
5151795
5153017
5153139
5153389
5154968
5158531
5159526
5161590
5164015
5165486
5168177
5169677
5169757
5169794
5170166
5170410
5171008
5175807
5175831
5177276
5179979
5183465
5185660
5187819
5190309
5190666
5196906
5198451
5205039
5211517
5212192
5212957
5213461
5213983
5216875
5222111
5222242
5223157
5223166
5227219
5229629
5237641
5239101
5239782
5244499
5247823
5248049
5248654
5255470
5257719
5257910
5259131
5262252
5262438
5273143
5274179
5276614
5277994
5278878
5281905
5284984
5290222
5292932
5293105
5295118
5298415
5301664
5307133
5307203
5307769
5312355
5312759
5317987
5318390
5318918
5322537
5324195
5324835
5329029
5330628
5331595
5331898
5333202
5334516
5337687
5338318
5339435
5340718
5341567
5343507
5347977
5348616
5349277
5353636
5355362
5357588
5357716
5360092
5361780
5363584
5365973
5368376
5369628
5372011
5372797
5372952
5375732
5377429
5377910
5379691
5381183
5383465
5384618
5389331
5390666
5393607
5402927
5404116
5408968
5412737
5413006
5414800
5415396
5417279
5420531
5420596
5422138
5425791
5427296
5432715
5433870
5434029
5435558
5435953
5440225
5442805
5444755
5445079
5446922
5447123
5447555
5450515
5451426
5452185
5452775
5452828
5453170
5453180
5453662
5454286
5459803
5462699
5462881
5467309
5468433
5468882
5474104
5475372
5478309
5478750
5480973
5481777
5484059
5486561
5486956
5491120
5492678
5492946
5497018
5497069
5497074
5497713
5498360
5498593
5501380
5501864
5505884
5506446
5508310
5510936
5515061
5516415
5518307
5521318
5527728
5528180
5530130
5533436
5534874
5537957
5539398
5539406
5545651
5547483
5547752
5550187
5551141
5553071
5556450
5558964
5561495
5561595
5562680
5563481
5565932
5566933
5567204
5569703
5571258
5575453
5576420
5577279
5582958
5588644
5589360
5590155
5593009
5596510
5596817
5600521
5601593
5603621
5604447
5609698
5611998
5613657
5614879
5618696
5620390
5620535
5623746
5626260
5626976
5627458
5630964
5631228
5632260
5633830
5636783
5637215
5638548
5649801
5652280
5655413
5655631
5661297
5665572
5666190
5666839
5668492
5674803
5676202
5676230
5676309
5677336
5677694
5682567
5685984
5687217
5687577
5692059
5698207
5707283
5708373
5709305
5711062
5716587
5720641
5722378
5722629
5723085
5724207
5730573
5733743
5735518
5741292
5742139
5743780
5744364
5746196
5746302
5749440
5751522
5753950
5755985
5764023
5768085
5769064
5771908
5772747
5778642
5779863
5780182
5780276
5780413
5781529
5786233
5786845
5794051
5795276
5799169
5799813
5800531
5800601
5803008
5803206
5807609
5810170
5812781
5812905
5815023
5815868
5821567
5823824
5824326
5828833
5829367
5833047
5835373
5835647
5835766
5850522
5850530
5850901
5852023
5855923
5859461
5861510
5863294
5863523
5864044
5865390
5865715
5866385
5867057
5871334
5871413
5873582
5876087
5876756
5878282
5878748
5879679
5881699
5882115
5882129
5886742
5887774
5891238
5891487
5892278
5895414
5896360
5898893
5901775
5903237
5903767
5909451
5913837
5916551
5919491
5920054
5920459
5925051
5927649
5929003
5931354
5932559
5932578
5935361
5935574
5937214
5937325
5938946
5940107
5941665
5944066
5944306
5951441
5951497
5951959
5953485
5962280
5963897
5975667
5975851
5976261
5979414
5980271
5982946
6002713
6005040
6006008
6006009
6007259
6008992
6009106
6012136
6012581
6013249
6019077
6019488
6026418
6029516
6029820
6033480
6033803
6040425
6044044
6044086
6047592
6047773
6047875
6050827
6051788
6051925
6054853
6056316
6056790
6057916
6058656
6060997
6061488
6063450
6063775
6064017
6068429
6070900
6071706
6085674
6086311
6087378
6088940
6091782
6092496
6105957
6106291
6112669
6119771
6120470
6122273
6123091
6124394
6124617
6126633
6128779
6134425
6142252
6144562
6145024
6148929
6150710
6151320
6158796
6159094
6171431
6172596
6172782
6172915
6174727
6175550
6179084
6179839
6183356
6184701
6187198
6189052
6189999
6191411
6192277
6192313
6192441
6195319
6202262
6202986
6209690
6215663
6216836
6220292
6220980
6226154
6226366
6227780
6228091
6229948
6230191
6237851
6238223
6241261
6244362
6246380
6247596
6247909
6254691
6255273
6259174
6264221
6266002
6267729
6268516
6269719
6270498
6280613
6280767
6282858
6283507
6288619
6289550
6289788
6291464
6294710
6297520
6303477
6308633
6312740
6313555
6319524
6322966
6334679
6335824
6336203
6337430
6337972
6341306
6344101
6348936
6351049
6351646
6352277
6356313
6360027
6360504
6360568
6362029
6369505
6371036
6371067
6372081
6374050
6374486
6377337
6378737
6383896
6388311
6393624
6398930
6399244
6399670
6400523
6408053
6408214
6409158
6412794
6421799
6429223
6430926
6433599
6434658
6436542
6436676
6436816
6437264
6439326
6439337
6441251
6442978
6444092
6446225
6448200
6448461
6451462
6451829
6452129
6454701
6456868
6458348
6463482
6465448
6465950
6467271
6468660
6468855
6470731
6475216
6480574
6482393
6482706
6486465
6487397
6488917
6489609
6493164
6493530
6502681
6504143
6504967
6505109
6506065
6507160
6507235
6507292
6511403
6515849
6516435
6519540
6523805
6524000
6524371
6525447
6527167
6527644
6528698
6534069
6540522
6540747
6542374
6549159
6553823
6555823
6557624
6558038
6558687
6562879
6563795
6564231
6564599
6567708
6570821
6572189
6578928
6581015
6589339
6590491
6590591
6591345
6599232
6607949
6608862
6610513
6610771
6611554
6612501
6612901
6614642
6617252
6617402
6621521
6622118
6622560
6623626
6624035
6624076
6624834
6625746
6628003
6630105
6633368
6639838
6640634
6640937
6647437
6647564
6648792
6652863
6660699
6661653
6665410
6666712
6668711
6668948
6673026
6674116
6677177
6677707
6678058
6678682
6683027
6683342
6693692
6694825
6696807
6696888
6700225
6700850
6704453
6705013
6707807
6712206
6713453
6713759
6714935
6720695
6721060
6722235
6722706
6727842
6732708
6734243
6748650
6749868
6751176
6752074
6752108
6754503
6755855
6757169
6758517
6761455
6765915
6781137
6782868
6789112
6791992
6803595
6804503
6805485
6816223
6820943
6823991
6834111
6839335
6839882
6839959
6840307
6840882
6842733
6844114
6844235
6849807
6857301
6860408
6860625
6862655
6866010
6868199
6868511
6868992
6871962
6873084
6875193
6875972
6880420
6880880
6884554
6888435
6890594
6892551
6892935
6894221
6895041
6895722
6896525
6898481
6904135
6906342
6907029
6908339
6911566
6912818
6916877
6918467
6920318
6925368
6925792
6929301
6931966
6937230
6940782
6942366
6944740
6944831
6945319
6946820
6947700
6947893
6953416
6957828
6958378
6959490
6963889
6965319
7005049
7011521
7014490
7018646
7022313
7022315
7024304
7026758
7027046
7033121
7034455
7039054
7039170
7040463
7044708
7047169
7052193
7053589
7064547
7068008
7073161
7084233
7084590
7088324
7088481
7088781
7090736
7095969
7095991
7097691
7103496
7105937
7107971
7110950
7113184
7115169
7119203
7121813
7122447
7123391
7123731
7123764
7126453
7141792
7149679
7151559
7155360
7156417
7157729
7161857
7162740
7166478
7166847
7168817
7168976
7169258
7170421
7171236
7173881
7183944
7186036
7187395
7188527
7193888
7194551
7194684
7198806
7201390
7201589
7202353
7204275
7209326
7214410
7215186
7215696
7219339
7219903
7225286
7226125
7232388
7234191
7237791
7239999
7240128
7248834
7253607
7254467
7255224
7256819
7257095
7258517
7259678
7264865
7265715
7285801
7289104
7289193
7290799
7295226
7301292
7302568
7307762
7309272
7309968
7311751
7323312
7324096
7325637
7326309
7328825
7329937
7330813
7331559
7331867
7333904
7336645
7337750
7341225
7345297
7345641
7351789
7352770
7353452
7354945
7357478
7360347
7363627
7369895
7375761
7376731
7385470
7386937
7388231
7392271
7401179
7401844
7406032
7407827
7408474
7410946
7411526
7417566
7419195
7423304
7424651
7425732
7427771
7431244
7432099
7433607
7452253
7453504
7453954
7454249
7457701
7457743
7476975
7478033
7478795
7479406
7479665
7483598
7487208
7490652
7499449
7499737
7502704
7506486
7508266
7508541
7509200
7509524
7511129
7514054
7520151
7521193
7529692
7531894
7534758
7538040
7542267
7542889
7546213
7549513
7550317
7552043
7554780
7556973
7560285
7564013
7566817
7568991
7569855
7570388
7576888
7592513
7598832
7602663
7605125
7605514
7611343
7612193
7617975
7618425
7619792
7621835
7626374
7629196
7630918
7634642
7635424
7638856
7639864
7641593
7641996
7650685
7654384
7654909
7657380
7661124
7661785
7663449
7663615
7676000
7681046
7688148
7696061
7701462
7707086
7708362
7709494
7710385
7716331
7720632
7721296
7724155
7724519
7724702
7728104
7728836
7731691
7741551
7745552
7748220
7748360
7750265
7754520
7761212
7764125
7770614
7771528
7780552
7782929
7785781
7790339
7790358
7794620
7798858
7799735
7801079
7808305
7817303
7823161
7827784
7832241
7832933
7837975
7841496
7843376
7844480
7848203
7848547
7848761
7850052
7850540
7855517
7858880
7861911
7861938
7862352
7862565
7868217
7868384
7868774
7876272
7878713
7879045
7880170
7889049
7891793
7893177
7893790
7897976
7899376
7901255
7902194
7903191
7906170
7908266
7910432
7911022
7914925
7917366
7917758
7920603
7921425
7921738
7923553
7924840
7932668
7933887
7936581
7940491
7942900
7955078
7955147
7955333
7955972
7957461
7959754
7963163
7964604
7970674
7973266
7973753
7973786
7981409
7982249
7983393
7984984
7987742
7993935
7994852
8004042
8005085
8006960
8007267
8009126
8011962
8014332
8016624
8017466
8017713
8021228
8022679
8023098
8023532
8024670
8024673
8026351
8029105
8031772
8038599
8042244
8043736
8045980
8046008
8051038
8055635
8055742
8056197
8056869
8060661
8065518
8068264
8068856
8075765
8077107
8079058
8080326
8080509
8082283
8083673
8090301
8091801
8092311
8092647
8094221
8097139
8098551
8100985
8101944
8102096
8108048
8110240
8120151
8121364
8122615
8127846
8129217
8130104
8130358
8130508
8131702
8132779
8138662
8139018
8146348
8147796
8148200
8151586
8154933
8155953
8156611
8156870
8159802
8170484
8174204
8174404
8182887
8189566
8204716
8214479
8217080
8220738
8224655
8227106
8231515
8231815
8232311
8237602
8243112
8245464
8246952
8250354
8255352
8259973
8261071
8269367
8273441
8280194
8287414
8288490
8289315
8294201
8294421
8298256
8311048
8312403
8321934
8322112
8322943
8328178
8334306
8343644
8344245
8349625
8351224
8352445
8358850
8361557
8364993
8366899
8366980
8370763
8372536
8373679
8375727
8379841
8385211
8388226
8388348
8389986
8400454
8402793
8404791
8405773
8406346
8410382
8410717
8413668
8415019
8415064
8416411
8416523
8418231
8420284
8426587
8427279
8432010
8433480
8447641
8450313
8451166
8457797
8457829
8463307
8482505
8487682
8490051
8491740
8497746
8498368
8499424
8500759
8501319
8502049
8503943
8507525
8512793
8514712
8515542
8525320
8526205
8527711
8528812
8530249
8533055
8533542
8534914
8541944
8544291
8545621
8546584
8547230
8562623
8568205
8577608
8583120
8583229
8586807
8592153
8592676
8594584
8599028
8599263
8599620
8611396
8612403
8612629
8613572
8614753
8617022
8620889
8620907
8631755
8636442
8637256
8647621
8648194
8652640
8653268
8653335
8653721
8656047
8665317
8669803
8673495
8674052
8688335
8691289
8695711
8698868
8699906
8700140
8703279
8705626
8707832
8710075
8725959
8727859
8730377
8733440
8742124
8747044
8754112
8756522
8756911
8757402
8760338
8761245
8762940
8764429
8765564
8773499
8775231
8776182
8776766
8780867
8784068
8786510
8789822
8797535
8798227
8800814
8801855
8811034
8813045
8813715
8820384
8828019
8829554
8830549
8832246
8832320
8836011
8840353
8841005
8843586
8848457
8850219
8851122
8853285
8856083
8862947
8864303
8867779
8874681
8876231
8880405
8880943
8883553
8888324
8890606
8897784
8903322
8903933
8906827
8912924
8917013
8921754
8925448
8929386
8931250
8934996
8937213
8940603
8943378
8943471
8947450
8950295
8955732
8957361
8960217
8960597
8964573
8964895
8967019
8967306
8968414
8969850
8974139
8979586
8983192
8988861
8993558
8994193
8996170
8997473
9009972
9010637
9013949
9019498
9024423
9025346
9033786
9034285
9034456
9035504
9037099
9040823
9040992
9049923
9050303
9052753
9062495
9067836
9068904
9068987
9071500
9073132
9073145
9075068
9079797
9081051
9082081
9098513
9098723
9103475
9104545
9105791
9113980
9117767
9119025
9119659
9121094
9123694
9126006
9127182
9128871
9129957
9133950
9136834
9139183
9139879
9147335
9147939
9149402
9152695
9157430
9159848
9160876
9164273
9169682
9170640
9172152
9173916
9177381
9179692
9179931
9186371
9187420
9195018
9201804
9202813
9205341
9209514
9209817
9213574
9225348
9225953
9230071
9232642
9233670
9233952
9237454
9242781
9247495
9248217
9258932
9260327
9262796
9265362
9267240
9267513
9272327
9277977
9278202
9279908
9280512
9290700
9303116
9307506
9308444
9308581
9310725
9311156
9312344
9312955
9314750
9315039
9316507
9323467
9333054
9333264
9341784
9347488
9348636
9352737
9365080
9369084
9370398
9372669
9374121
9374288
9380447
9384199
9384907
9391954
9392101
9397097
9397183
9401831
9403516
9405422
9407339
9413458
9420550
9425774
9427593
9431379
9433277
9433704
9435317
9435951
9442627
9444998
9450227
9453166
9453292
9454420
9456182
9460027
9464144
9464392
9464613
9466189
9469930
9476829
9478823
9486802
9487948
9489572
9497072
9499496
9500017
9501824
9503159
9507016
9508486
9513435
9517319
9520196
9520413
9520575
9521014
9524683
9524900
9526940
9528435
9536233
9539857
9540427
9541060
9541688
9547338
9549381
9551304
9553668
9554195
9556223
9556507
9557533
9572686
9575135
9583583
9591512
9596204
9601507
9606176
9612988
9613329
9614912
9619132
9626090
9627034
9627096
9627927
9629998
9632015
9634108
9644101
9645102
9650051
9656575
9658347
9674455
9675692
9676343
9677922
9684214
9685548
9693783
9698843
9699172
9699372
9700995
9711865
9719372
9726373
9732001
9732089
9737138
9745159
9745202
9747371
9749414
9751803
9752169
9756799
9761441
9763457
9764336
9771424
9779857
9781991
9786292
9794812
9797620
9802270
9804114
9809929
9818978
9828222
9828256
9840901
9846230
9850297
9852282
9865076
9871590
9871838
9877788
9881357
9882669
9884123
9896097
9900488
9902063
9910268
9920588
9921312
9921730
9928838
9929926
9933547
9936608
9937073
9942562
9945155
9945279
9948812
9949464
9949577
9952122
9963767
10003465
10004076
10012047
10014806
10017197
10019637
10021276
10022072
10022152
10025684
10026468
10028881
10033999
10034919
10037247
10039327
10039339
10039792
10043071
10044231
10046713
10047713
10055760
10056564
10065259
10067626
10068878
10072799
10073520
10078112
10080657
10087451
10099467
10101527
10103382
10109123
10111305
10113553
10114066
10114227
10116876
10122121
10123262
10124572
10126114
10132642
10134156
10135404
10136618
10144858
10145715
10148697
10150529
10152799
10153131
10159855
10161023
10161981
10162700
10163442
10167911
10172856
10181480
10183011
10184541
10187259
10190308
10192622
10196333
10197496
10203368
10203822
10206650
10208549
10210412
10210645
10217467
10217548
10220756
10220802
10224674
10225677
10227519
10228134
10229082
10232845
10235603
10240001
10241668
10242002
10242719
10242949
10243539
10251436
10257371
10257739
10259269
10259307
10260930
10261542
10262027
10264529
10268501
10271803
10273665
10281581
10283353
10284120
10286234
10287104
10288565
10288941
10289158
10290996
10291225
10291551
10291992
10292816
10294745
10299209
10303317
10310487
10314680
10317822
10326881
10327083
10329324
10333206
10340555
10348705
10349411
10349552
10356592
10357339
10359696
10359941
10364741
10370005
10370788
10371995
10375047
10376821
10387401
10392222
10395461
10400963
10401816
10402114
10403701
10403803
10404584
10405921
10412055
10412851
10414927
10415242
10415410
10417436
10417723
10418013
10422600
10423543
10424438
10424679
10429824
10435579
10435933
10440106
10440739
10443973
10444952
10455229
10467593
10468600
10480592
10485474
10498686
10499282
10503795
10504625
10507901
10513041
10520745
10522076
10525316
10531227
10533032
10538235
10539465
10539987
10541109
10544690
10550278
10552466
10560450
10565608
10569618
10573131
10579067
10582766
10583327
10591798
10594670
10596413
10598243
10599042
10600386
10613400
10617170
10617354
10621985
10625346
10627898
10630011
10632150
10645816
10647227
10651006
10656479
10657952
10659280
10661239
10663663
10667143
10671231
10684690
10691905
10708368
10709727
10715312
10724449
10725043
10726779
10728746
10732420
10732705
10744234
10749890
10752023
10756622
10761846
10764018
10765571
10766376
10779698
10780350
10781149
10786468
10788149
10798843
10799246
10799512
10801177
10802137
10802184
10813722
10814783
10817797
10818729
10820168
10822121
10826497
10827911
10828885
10833840
10834749
10835181
10835370
10837957
10838522
10840319
10840980
10841180
10842921
10848022
10848879
10851370
10855316
10865568
10869259
10872714
10875707
10888315
10888507
10890219
10892874
10900592
10907595
10908474
10908665
10922331
10922346
10924538
10926327
10928317
10930106
10930616
10936282
10936647
10945395
10948479
10954662
10956810
10965157
10965581
10966213
10969771
10975632
11005821
11011424
11012452
11014418
11015578
11017543
11018561
11019578
11024183
11030614
11034977
11036937
11037479
11039087
11041359
11046503
11050383
11054141
11074017
11076574
11082411
11083949
11084769
11091694
11094055
11098707
11099261
11102859
11104219
11108285
11110471
11110569
11111442
11113616
11114279
11115463
11121027
11123293
11128218
11128720
11128967
11134609
11135310
11136708
11139147
11140608
11145695
11146400
11151439
11151735
11152882
11166356
11170595
11171784
11174871
11177959
11179848
11183911
11189524
11195049
11198571
11198725
11199528
11204483
11206315
11213877
11215427
11219277
11224514
11228236
11233924
11236189
11236331
11242277
11243677
11244436
11244808
11246520
11246769
11249175
11252754
11260025
11263153
11272239
11283150
11284471
11285822
11285985
11299777
11302630
11304088
11304143
11313366
11318920
11321135
11324842
11334229
11343672
11344397
11352276
11352773
11354993
11356833
11357441
11363442
11364802
11369001
11370090
11377874
11380749
11385643
11386324
11387902
11391737
11398631
11401593
11414240
11415031
11415801
11415978
11419634
11425277
11425403
11430528
11432122
11433568
11438532
11438710
11441928
11446350
11451184
11453210
11453679
11456753
11460421
11470528
11474060
11477183
11480459
11483363
11487762
11489599
11490169
11490593
11492179
11495351
11496944
11499197
11501862
11506274
11506553
11508331
11512169
11512605
11514006
11516502
11518330
11547857
11550719
11551258
11552652
11553308
11554228
11556578
11556862
11558569
11558879
11559488
11560506
11571974
11572948
11574376
11575982
11576164
11577083
11577553
11579425
11582359
11582608
11585256
11587169
11587250
11588094
11588470
11592050
11595222
11598364
11610979
11613774
11616150
11616314
11619516
11625054
11638060
11643002
11646500
11646727
11647173
11650631
11660306
11660984
11661216
11662705
11671341
11672479
11673088
11675083
11675839
11678170
11678345
11685668
11691025
11692029
11694879
11695218
11702330
11703370
11717353
11717759
11724699
11728481
11731342
11732911
11732947
11737165
11739879
11741844
11746796
11749493
11751184
11755423
11756631
11757296
11762984
11768957
11778641
11779455
11786434
11793998
11794573
11799568
11799789
11801236
11802356
11811633
11815027
11821535
11826748
11827455
11830494
11835107
11841947
11842339
11845694
11849448
11852329
11853732
11853899
11865852
11874260
11875086
11877077
11877659
11880006
11882165
11882888
11884719
11885598
11888083
11888897
11902446
11905470
11906186
11908661
11912841
11914604
11919808
11920893
11923959
11925334
11925575
11927511
11929491
11933562
11935603
11935616
11936186
11936469
11938429
11940258
11943428
11958010
11958079
11959505
11960521
11964511
11964654
11971710
11973225
11973557
11978819
11979120
11979352
11981422
11983373
11984872
11988059
11990015
11990512
12003080
12004231
12006211
12007997
12013081
12019153
12022663
12025241
12025793
12027886
12032707
12033646
12033708
12035833
12035964
12041992
12042164
12043462
12051697
12054960
12063358
12073083
12073457
12076402
12078812
12088786
12089049
12091848
12092642
12093941
12099779
12100448
12101071
12101659
12102557
12104751
12106181
12113025
12113518
12116441
12118804
12123249
12125491
12128128
12129302
12131559
12132530
12135929
12137577
12140807
12179703
12186505
12187417
12202346
12204294
12210970
12211486
12212418
12222230
12229881
12232676
12233735
12235664
12237694
12242865
12244698
12252756
12253043
12255192
12255673
12258565
12274341
12276842
12279808
12283530
12284862
12297609
12297919
12301892
12304658
12313394
12316256
12318483
12321385
12324048
12326203
12326829
12333253
12335538
12339799
12342630
12342812
12347890
12350309
12351020
12353982
12356761
12359488
12361324
12363175
12363439
12364638
12365150
12365865
12367604
12371938
12372407
12378954
12379504
12380779
12380972
12384429
12389900
12392553
12397442
12401766
12403334
12416347
12417383
12422480
12427443
12427959
12430326
12438265
12444614
12445062
12449639
12450212
12451727
12460330
12460787
12468564
12469563
12472899
12486737
12486822
12488942
12490456
12493376
12493409
12496481
12497914
12499089
12499954
12500692
12500783
12505477
12508757
12509547
12512173
12512371
12531448
12538004
12539476
12539882
12541037
12541558
12541836
12546862
12552408
12555371
12558629
12560057
12560618
12561995
12562325
12563222
12572132
12574223
12592948
12594320
12594428
12597780
12600642
12601033
12601518
12602894
12607760
12607770
12610208
12613810
12615483
12627087
12631220
12632430
12634574
12639652
12645579
12647970
12648712
12650339
12650705
12654227
12654520
12659805
12663687
12664776
12665064
12666018
12673728
12674430
12675457
12678053
12678826
12679429
12683080
12688540
12689265
12689418
12690529
12697205
12699775
12702282
12704256
12705503
12706973
12707495
12710062
12714676
12714761
12715485
12722431
12724564
12724775
12728649
12732656
12746697
12752588
12757398
12759228
12761367
12762447
12768263
12769325
12773975
12781778
12793264
12793951
12802515
12807185
12807751
12811190
12811961
12812316
12813701
12814765
12815276
12819252
12820432
12821434
12822066
12826049
12827255
12829310
12829852
12838176
12844672
12849510
12851438
12852334
12853539
12856103
12860619
12861606
12867858
12877354
12887272
12888261
12888794
12889629
12890003
12895158
12895273
12897508
12900262
12900981
12903384
12904412
12907642
12917541
12918734
12919416
12920272
12920406
12926393
12927788
12940601
12942463
12943293
12943934
12945480
12946275
12949499
12953730
12953774
12954066
12956780
12959525
12972715
12974611
12977433
12986941
12987250
12988047
12988297
12995394
13002443
13009281
13023876
13025657
13026645
13027190
13030195
13030985
13032811
13048260
13051792
13052067
13057063
13060257
13065252
13069908
13071693
13072598
13074986
13081897
13083720
13084931
13085473
13088126
13092349
13093283
13093338
13094027
13094296
13101451
13102062
13105638
13113950
13119656
13121794
13129596
13131105
13133276
13147948
13156901
13157397
13158590
13159283
13163410
13170344
13171709
13175898
13178617
13178769
13179143
13180784
13180895
13186673
13191360
13196949
13202526
13209226
13210322
13210769
13217112
13220619
13221567
13227955
13231106
13231503
13233330
13235318
13236681
13237031
13248502
13258669
13261190
13265808
13272883
13274760
13277530
13279287
13279639
13284169
13287130
13287405
13287461
13295648
13296820
13306780
13307166
13322857
13323168
13326196
13328876
13335231
13350000
13350951
13354281
13357556
13362355
13378201
13379051
13381802
13387904
13396430
13406661
13410262
13410523
13414003
13416593
13423391
13427475
13428326
13429302
13430809
13432196
13432916
13446566
13451613
13454653
13459663
13462374
13467663
13473600
13474262
13474986
13475138
13485775
13489834
13496412
13498501
13498749
13502284
13511729
13511832
13515299
13518182
13518858
13520360
13525312
13527730
13530419
13531649
13533568
13535766
13538839
13540206
13540452
13553161
13554579
13559043
13561211
13567606
13569882
13580211
13581664
13582334
13586073
13592614
13592989
13592996
13593775
13598087
13600363
13606069
13617151
13618643
13620141
13625169
13625266
13626471
13635103
13641973
13651575
13654818
13657115
13657710
13677316
13682517
13688172
13688299
13689391
13693905
13699048
13701980
13702446
13708886
13710008
13710231
13711820
13711867
13716753
13720838
13721145
13723488
13724910
13725392
13729058
13731865
13737045
13737976
13738087
13741879
13747787
13756170
13756280
13760894
13771279
13779591
13780275
13781487
13786004
13786033
13788082
13790858
13793419
13797033
13815887
13822207
13832831
13840993
13841614
13847899
13856808
13858467
13858701
13859547
13859826
13866522
13866736
13867637
13870157
13871348
13872376
13874170
13874601
13878308
13885576
13886408
13891063
13896486
13896884
13897526
13901835
13901965
13905206
13906485
13909293
13915908
13918731
13920064
13924481
13945176
13950780
13959366
13959773
13970882
13974147
13974401
13979184
13979663
13984359
13985901
13986867
13988364
13992520
14001667
14002489
14002865
14004468
14004965
14005740
14008145
14012480
14017340
14020964
14023152
14027561
14028501
14036562
14040478
14047435
14049278
14058097
14058588
14066571
14067852
14077479
14083403
14088827
14091093
14092458
14096278
14098951
14102485
14107808
14113073
14113963
14114632
14119083
14123048
14130048
14130455
14136301
14137237
14146459
14150839
14150937
14158120
14160170
14161263
14161947
14164348
14171165
14172049
14185089
14186529
14186632
14193207
14193460
14194848
14206187
14211341
14211760
14217838
14231854
14235172
14247522
14252772
14257701
14261250
14264252
14270392
14271757
14272648
14277189
14279021
14283142
14287204
14288162
14288685
14289820
14293929
14295632
14296890
14303675
14306752
14313294
14313380
14314566
14317622
14324044
14324323
14324976
14328956
14329470
14335554
14341333
14344208
14351382
14359630
14360480
14370400
14374038
14374179
14376661
14378718
14380920
14386770
14393932
14396289
14397797
14400303
14402091
14404480
14407208
14410086
14416310
14416675
14420590
14426317
14431288
14432428
14434488
14436781
14438554
14442551
14445681
14445744
14446283
14450627
14455843
14462499
14467851
14471228
14478358
14482390
14484831
14488224
14491611
14492122
14501550
14507329
14508763
14513043
14513163
14516594
14517545
14526823
14527329
14533490
14534592
14551402
14551460
14552125
14561959
14563036
14564473
14567205
14567262
14569736
14570197
14580077
14585122
14585663
14592043
14596541
14601119
14603608
14607638
14609350
14616510
14633833
14635349
14639879
14641100
14646262
14650051
14651003
14657536
14659090
14659680
14670951
14672078
14680596
14681075
14681145
14690612
14690909
14694762
14698916
14703596
14705297
14708568
14709027
14710449
14710459
14715719
14715781
14716542
14732700
14738088
14741550
14744506
14745825
14747574
14750496
14753292
14757266
14758439
14760168
14762271
14762521
14764575
14771054
14792631
14794027
14797976
14800402
14801132
14809005
14817288
14817505
14818225
14818549
14825456
14829067
14834592
14837804
14848912
14851861
14857408
14860128
14865147
14872028
14879656
14897044
14898106
14899269
14902742
14905624
14909143
14918391
14920892
14923789
14926952
14929941
14931464
14932909
14944209
14948277
14948799
14953092
14968336
14972665
15005085
15009077
15009108
15012161
15024645
15024762
15031127
15031746
15033854
15033927
15038377
15042518
15046386
15047011
15052234
15052548
15055209
15060707
15070025
15074258
15083645
15099337
15100503
15110636
15122153
15125592
15127506
15129138
15129964
15130142
15146491
15170079
15171946
15172150
15174982
15183546
15184824
15185405
15187883
15192585
15199093
15203764
15205364
15212111
15221520
15222842
15222894
15228572
15229023
15229901
15239661
15241861
15245048
15245057
15248785
15255340
15262096
15265850
15268739
15270927
15274785
15282928
15292267
15298566
15300850
15301860
15304761
15306016
15312643
15318166
15319876
15324569
15338497
15342246
15343815
15346793
15349804
15354074
15355643
15360235
15367104
15371809
15374028
15374391
15377605
15380527
15380858
15381365
15386283
15388250
15389307
15391244
15395392
15414340
15419584
15424303
15428434
15440117
15454249
15455170
15456697
15460446
15464529
15465938
15481465
15496769
15524386
15526655
15529206
15534653
15555438
15557005
15558546
15562064
15562668
15562711
15570497
15573200
15577648
15577811
15580868
15581799
15583844
15605238
15605824
15607288
15610640
15612953
15616985
15619339
15627640
15629440
15639009
15640932
15646770
15651950
15658544
15658950
15663637
15664822
15665941
15666469
15667042
15668409
15669246
15676014
15676628
15679127
15690953
15691281
15691933
15692538
15694274
15696550
15703226
15705529
15709674
15717408
15724111
15724918
15725775
15735525
15737424
15742334
15742881
15747530
15748153
15758058
15759872
15761804
15761853
15762384
15764702
15776294
15777223
15784159
15788023
15791264
15796044
15798600
15802232
15805290
15807839
15817240
15826746
15831989
15833106
15858160
15861851
15862508
15864171
15867034
15871813
15872792
15875322
15877216
15881629
15883927
15884978
15885241
15892132
15900342
15903869
15904160
15906989
15911113
15916856
15917943
15932587
15938982
15939305
15943116
15946360
15960088
15960426
15973509
15975369
15976366
15980530
15980583
15981610
15983545
15991406
16003762
16005850
16007247
16008102
16015969
16019559
16022229
16022562
16022629
16026815
16029988
16031839
16046567
16046908
16061583
16065591
16065986
16077710
16087004
16087387
16090359
16094254
16094305
16097607
16098423
16100587
16101456
16102968
16103398
16113694
16115689
16129495
16131358
16134402
16135284
16140926
16145957
16147710
16157534
16164675
16172168
16180165
16185105
16190177
16191512
16195348
16205898
16206622
16208282
16209575
16209798
16212260
16213593
16214042
16219573
16225615
16228360
16231012
16245284
16245363
16247295
16247316
16250065
16250823
16251515
16254426
16256218
16259142
16278803
16286044
16286981
16292195
16294334
16300771
16301923
16302764
16305987
16310135
16311494
16316715
16317397
16321481
16328423
16329546
16340938
16365052
16375611
16381308
16385824
16388174
16388443
16393311
16394840
16396727
16403898
16404459
16405989
16406596
16409350
16409361
16416446
16423257
16430829
16432280
16436210
16442714
16443326
16445186
16448811
16455522
16460199
16470365
16480066
16484259
16486648
16491460
16492210
16493514
16493726
16495258
16516378
16517438
16518518
16524166
16527832
16529104
16535126
16538647
16544051
16548028
16549767
16550963
16556852
16557103
16557767
16558250
16559309
16559977
16570623
16571893
16572834
16573619
16575036
16578167
16592528
16594784
16596732
16603020
16606447
16609976
16612340
16612750
16615671
16616345
16617511
16617988
16618135
16619080
16620799
16623277
16626198
16627954
16631140
16634054
16638880
16642432
16644341
16655102
16659963
16673465
16673986
16674937
16681543
16683217
16684341
16689646
16692149
16697971
16699983
16702728
16704724
16705975
16707347
16710753
16718473
16725297
16725930
16728910
16742260
16750911
16751503
16753277
16758945
16760992
16765371
16771818
16772852
16775829
16776870
16785015
16786538
16787075
16793019
16794519
16804531
16814447
16815465
16820547
16822291
16822331
16826366
16827541
16827600
16837918
16842242
16850464
16850739
16850878
16851306
16853567
16857672
16858160
16863228
16865893
16866645
16867724
16884435
16884499
16885586
16888394
16890035
16895840
16897059
16902717
16908796
16909160
16913264
16923728
16928133
16928390
16935022
16936735
16937575
16940632
16947980
16950670
16950688
16951977
16956029
16960972
16961649
16962138
16962473
16969529
17001324
17003328
17004343
17005001
17008226
17011525
17016271
17020783
17024630
17025094
17025568
17032643
17035650
17038111
17055365
17059756
17068429
17071190
17076724
17078107
17079201
17084939
17091168
17092718
17092918
17096068
17106081
17108711
17109015
17123359
17129118
17129830
17131099
17131572
17131710
17133724
17134852
17135374
17137217
17144340
17146235
17151342
17156058
17168222
17169293
17169484
17169827
17171240
17180318
17185979
17186178
17188036
17193175
17193234
17207099
17219183
17220980
17229010
17230111
17237409
17238715
17239981
17249286
17252737
17253816
17253817
17260797
17264225
17267540
17268896
17273455
17276615
17276874
17289453
17290984
17291874
17294950
17298239
17306441
17307778
17312273
17313378
17322806
17324909
17327981
17328665
17329054
17331628
17339848
17342477
17359657
17365405
17368693
17370433
17370618
17372233
17380002
17381532
17387180
17387499
17391603
17393751
17401486
17404364
17404974
17405993
17406755
17415950
17417373
17423561
17428241
17430007
17430100
17434030
17436746
17439656
17441012
17449257
17454053
17456665
17457097
17462710
17463335
17470057
17470292
17475330
17475932
17476887
17485736
17487471
17487895
17489651
17496966
17498117
17509945
17513502
17514197
17521736
17533535
17534146
17536458
17536579
17536960
17541290
17551891
17552497
17557828
17558882
17560271
17566165
17569436
17571438
17575251
17580911
17582965
17583639
17594464
17597932
17599407
17609563
17610260
17612715
17617178
17618319
17620144
17625816
17627564
17634176
17642134
17642300
17644688
17645018
17647272
17664379
17664649
17664820
17667834
17679651
17683282
17692899
17696828
17699209
17700531
17704210
17705956
17708448
17713276
17718853
17721206
17730845
17739407
17741676
17747065
17748917
17754660
17757724
17757780
17760789
17761178
17763028
17763661
17764586
17766554
17770364
17770416
17773454
17774102
17777073
17778792
17783285
17786461
17786561
17792191
17818204
17820777
17820826
17824904
17825105
17829608
17832137
17833336
17857132
17861329
17862971
17863987
17864944
17873263
17873552
17874570
17876980
17880934
17882099
17886883
17899958
17908638
17915536
17916530
17920160
17928140
17929998
17939158
17940650
17957510
17968511
18016372
18021246
18033130
18041989
18043268
18045902
18048003
18051833
18052210
18053435
18054011
18054225
18057259
18060108
18061980
18062553
18064678
18066972
18068370
18070952
18075224
18078621
18087744
18094725
18101058
18102478
18105441
18110942
18112004
18115453
18115763
18116505
18118929
18124509
18126461
18134160
18136301
18140448
18140800
18142902
18143519
18144497
18147963
18153452
18155215
18157312
18161905
18163645
18164881
18166634
18170021
18170226
18170804
18175776
18176926
18181649
18183418
18188384
18190245
18192330
18196473
18208721
18211216
18212876
18217631
18226011
18232411
18237038
18237345
18244384
18248003
18248116
18254980
18260867
18263211
18265843
18266204
18277694
18279037
18281009
18288975
18290833
18297221
18300876
18302816
18303401
18304040
18304524
18305654
18308295
18312075
18314538
18316237
18317731
18318446
18323661
18323958
18324355
18325657
18328411
18334420
18338570
18339729
18340489
18351138
18353803
18358821
18359412
18360432
18367349
18372112
18374942
18377679
18381750
18383546
18384051
18388296
18390213
18393621
18395447
18395575
18396350
18405959
18407603
18419806
18420539
18423176
18429085
18429494
18432442
18434058
18434893
18438959
18444993
18446991
18448203
18450868
18453916
18455422
18457572
18459140
18466922
18468754
18469058
18473930
18480837
18482744
18485204
18495123
18496982
18497600
18508231
18512436
18520180
18521374
18521726
18523501
18523600
18535381
18535646
18548373
18548993
18566594
18586948
18588600
18597014
18598005
18606346
18607667
18614704
18619125
18620298
18623589
18626421
18626628
18627069
18642609
18660288
18660470
18662020
18666382
18673751
18686339
18686452
18690370
18690928
18696171
18700332
18700632
18709623
18713114
18715365
18716604
18718756
18728857
18730265
18732428
18743605
18747247
18749058
18750768
18754850
18754867
18757344
18797783
18797969
18813725
18815878
18820683
18828815
18836280
18837628
18838513
18852612
18856022
18856524
18861391
18869058
18870435
18880540
18881069
18885254
18893516
18897023
18898404
18906992
18912287
18916720
18916823
18919266
18931902
18941678
18942803
19004851
19005185
19007358
19007774
19015060
19021093
19030066
19033536
19037450
19040403
19041074
19041990
19043838
19046193
19048822
19050486
19056429
19061292
19067897
19077085
19083035
19084103
19089585
19093766
19097388
19101562
19101848
19113391
19115180
19120576
19121526
19122476
19125820
19134988
19144559
19144638
19148755
19150444
19150696
19153898
19155305
19156243
19162446
19164389
19166667
19176243
19180904
19183442
19198332
19198950
19201475
19207505
19211624
19213733
19215954
19224945
19252787
19263687
19265612
19275903
19278003
19282055
19296329
19297412
19308477
19309238
19312663
19319252
19320271
19327670
19329617
19329781
19331308
19335019
19339620
19344633
19356871
19361235
19371954
19372655
19373781
19379376
19384048
19390157
19397598
19399916
19402693
19404322
19412828
19416117
19419794
19428359
19442654
19443504
19446328
19447325
19453858
19458044
19466245
19473636
19483200
19488696
19503799
19514153
19514714
19515068
19515323
19526257
19526895
19529309
19539799
19543304
19547831
19551256
19551971
19554366
19564767
19572277
19577243
19578284
19579892
19582029
19588219
19588953
19592071
19614602
19624160
19640957
19644672
19658285
19664841
19665381
19667861
19677107
19680775
19694856
19696778
19711156
19711384
19713992
19714485
19720848
19727201
19733486
19737259
19737698
19747516
19748832
19751936
19758763
19762160
19771956
19774499
19777219
19777470
19779939
19780375
19782636
19789351
19791769
19793957
19798940
19801149
19802137
19814090
19814221
19817135
19820805
19825968
19830627
19840515
19846885
19852076
19854085
19857127
19865827
19869111
19879300
19879786
19895993
19896264
19901616
19910600
19919707
19921917
19925297
19926442
19935275
19935679
19937150
19942715
19947550
19955040
19956681
19959474
19961074
20001083
20002978
20006437
20008808
20009977
20010005
20029706
20037835
20038289
20041268
20042516
20043499
20053534
20055241
20062117
20064745
20065953
20071238
20073143
20074397
20080063
20087356
20088472
20090586
20091248
20093405
20094128
20097260
20100896
20103517
20106462
20109936
20120698
20131726
20132387
20138621
20146617
20147407
20147657
20149660
20164167
20165014
20168832
20182039
20182673
20182830
20186390
20187628
20188988
20189264
20190796
20192728
20193860
20193882
20196850
20198098
20205179
20206636
20208985
20210324
20223539
20226876
20228875
20240202
20243715
20245527
20246301
20246485
20250970
20253532
20253612
20255607
20255845
20257315
20266740
20271171
20272262
20276005
20276316
20282911
20299180
20305012
20306655
20306699
20310967
20313599
20322812
20328428
20330854
20335514
20338850
20344853
20345819
20349983
20351160
20359726
20367866
20370139
20379951
20382495
20384033
20388016
20388939
20391122
20391568
20392134
20393715
20396609
20403243
20403521
20428098
20433630
20434773
20435648
20438407
20440527
20447563
20453860
20462725
20477877
20488516
20493389
20495783
20498905
20502098
20504908
20505926
20508454
20508773
20512058
20512220
20512575
20513825
20514050
20516101
20531231
20538471
20539164
20542437
20546188
20548857
20549974
20554323
20555082
20555124
20557599
20566925
20569472
20571519
20575181
20578668
20579959
20581241
20584244
20586437
20592352
20603831
20605473
20605937
20610495
20613720
20614743
20619683
20620786
20631044
20636097
20637584
20638504
20640126
20640948
20643125
20654391
20654677
20659992
20663602
20668941
20674503
20680032
20701414
20705867
20706706
20709650
20715287
20722442
20722557
20727250
20730897
20736875
20740493
20741095
20744148
20745107
20745590
20747047
20753487
20762709
20763421
20765277
20766742
20767394
20770843
20783310
20785648
20786683
20786876
20786897
20787270
20797629
20806624
20811360
20814390
20817134
20817966
20823955
20842001
20842421
20842862
20844231
20848937
20851415
20859053
20862121
20873329
20879581
20884726
20884866
20888341
20889209
20889611
20896441
20899820
20905858
20906271
20909223
20915174
20916000
20924213
20931893
20933186
20934128
20934233
20936641
20938129
20939918
20945720
21006104
21008083
21009137
21012672
21015629
21025450
21033450
21042964
21043223
21044053
21044255
21047341
21054806
21066804
21080107
21082919
21083297
21093166
21093345
21093795
21113101
21116532
21120855
21122697
21131180
21136825
21145737
21146732
21146871
21153802
21159023
21161068
21166651
21167104
21178733
21183498
21188922
21189064
21189520
21191231
21193840
21195179
21198527
21199752
21200651
21204323
21205958
21206662
21208576
21218910
21227253
21232191
21242530
21243579
21249529
21252282
21256567
21259275
21260670
21270001
21270006
21270400
21271734
21272712
21275252
21283834
21285706
21292590
21292990
21293802
21298611
21308265
21308854
21310343
21311193
21311469
21315120
21321378
21322563
21341130
21343217
21345907
21346474
21347155
21347966
21352646
21353871
21355021
21362354
21362926
21365180
21372052
21377125
21380186
21382631
21391474
21395720
21396646
21400313
21403968
21404477
21404991
21411221
21415179
21429400
21432833
21435908
21439485
21440641
21443127
21456283
21457651
21467385
21467677
21474728
21476030
21480023
21480696
21500538
21501362
21522826
21528220
21534786
21539519
21542722
21547287
21548473
21556043
21556401
21564611
21568422
21573843
21580151
21580565
21589504
21589731
21593106
21596811
21605593
21606096
21609555
21613994
21616749
21617460
21619314
21626750
21629652
21632110
21634149
21636235
21638130
21644354
21644447
21649230
21652062
21660334
21681384
21686042
21694115
21702455
21706185
21707095
21707952
21714717
21717907
21718373
21737611
21741350
21741460
21743022
21755910
21757748
21766902
21772531
21776940
21777901
21792611
21806249
21810479
21812687
21814263
21814581
21822499
21823474
21825545
21831382
21832128
21838515
21848404
21850164
21851103
21852089
21856849
21857996
21867428
21871236
21875023
21883251
21890500
21891624
21892100
21893064
21894273
21902283
21902543
21907498
21908180
21915833
21931443
21932647
22003243
22009931
22013545
22018982
22019596
22020381
22020861
22021812
22034639
22040212
22048461
22056331
22060953
22064090
22077170
22078582
22081245
22083451
22086698
22093028
22096840
22097431
22100242
22100991
22101609
22101890
22105944
22110688
22110772
22123751
22137786
22139693
22145681
22148158
22151877
22153319
22160634
22161069
22166119
22172753
22173633
22177514
22178596
22178694
22181891
22185529
22187732
22192293
22210629
22211366
22226984
22230693
22241539
22245438
22250947
22252081
22252339
22253205
22263973
22266379
22278888
22283290
22287753
22288493
22299905
22300175
22305344
22307166
22311125
22320719
22320755
22322133
22335685
22336108
22337922
22339478
22343005
22349470
22363512
22371360
22373090
22376267
22378772
22378780
22391185
22393278
22396108
22403435
22404403
22405437
22406088
22408679
22411301
22430114
22433284
22436664
22438052
22443136
22452411
22462003
22468969
22475712
22477713
22479703
22484680
22488378
22497629
22501333
22505068
22514752
22517205
22526670
22527729
22528841
22530460
22542406
22545355
22550279
22554375
22554782
22555627
22558697
22563869
22572345
22574948
22576072
22578372
22583581
22584058
22601396
22602446
22621410
22626336
22629237
22643783
22646330
22648778
22655258
22658030
22661007
22669972
22673887
22682794
22685350
22685846
22685895
22689111
22695743
22705909
22709454
22721019
22722738
22723201
22732183
22736694
22744875
22754742
22772962
22773638
22774216
22787192
22788117
22789524
22797845
22814652
22815610
22815612
22819438
22821726
22823074
22826926
22831062
22832768
22833735
22846475
22851882
22852793
22877631
22881891
22881961
22884648
22885406
22892172
22896742
22901001
22902348
22905943
22914091
22915156
22919227
22919390
22924812
22927206
22930723
22932040
22933798
22934594
22936152
22936444
22938453
22946540
23004690
23017281
23019128
23022180
23023670
23052277
23055609
23058902
23061561
23073443
23074369
23082325
23097259
23100497
23106283
23121559
23121662
23126353
23132417
23141809
23147123
23159521
23166281
23174376
23179446
23183115
23195099
23200921
23202771
23204544
23209792
23214285
23217296
23224293
23228805
23242218
23242678
23244832
23245260
23247752
23258875
23259409
23264266
23265069
23265804
23268486
23268694
23278419
23296649
23305027
23312748
23316257
23317588
23324453
23329192
23330051
23336497
23342071
23342695
23363975
23372034
23372066
23375569
23378112
23378847
23385316
23390478
23402346
23408073
23410791
23413579
23416451
23434897
23437737
23442211
23447018
23452271
23453986
23455980
23456382
23468560
23477075
23478196
23479828
23481387
23482975
23485947
23493539
23497148
23529124
23529895
23536671
23538046
23547337
23548922
23566970
23574383
23582049
23593910
23596896
23607784
23615497
23634377
23656003
23657375
23676730
23688903
23700329
23708072
23710621
23717820
23723950
23725102
23728951
23738570
23738645
23746798
23751608
23758686
23761796
23768207
23778527
23781384
23784294
23794311
23798624
23811078
23816208
23820442
23832522
23840120
23844896
23859652
23864795
23868347
23871174
23875609
23876041
23878001
23878585
23886707
23888028
23890608
23892138
23898714
23905234
23907425
23908272
23909419
23919049
23919772
23928069
23931474
23934012
23959787
23960831
23961854
23964166
23982731
24009432
24011941
24015970
24021406
24021615
24032540
24033012
24040440
24044587
24054840
24069136
24069566
24076011
24084473
24085732
24085857
24097058
24098691
24099343
24101492
24101742
24104320
24107242
24110901
24115333
24121975
24134711
24141689
24146758
24165793
24170250
24170350
24171306
24171365
24172977
24180016
24188166
24217100
24232553
24240160
24253510
24261969
24263577
24268753
24275301
24275506
24278168
24279955
24288007
24290365
24300588
24308527
24313937
24321142
24342408
24348724
24349971
24357818
24358986
24372869
24377518
24379957
24387436
24409642
24425260
24434463
24435062
24443149
24453634
24482205
24493513
24497200
24506363
24509739
24512315
24514451
24517193
24540625
24541387
24544807
24566058
24589873
24590064
24595304
24609542
24610577
24617723
24618930
24620461
24623027
24629670
24630723
24638729
24645725
24655267
24671141
24671496
24671983
24679033
24679647
24683368
24692018
24702836
24720820
24726778
24727258
24729393
24731009
24732670
24734054
24735029
24753999
24759966
24779675
24781105
24807636
24818041
24818856
24833185
24833250
24833553
24834869
24848892
24853888
24855494
24855846
24862346
24865508
24878599
24886870
24900047
24910018
24921680
24924119
24928221
24929908
24934824
24950298
24957545
24959444
24960877
24967011
24972642
25005677
25007613
25009757
25017065
25022065
25027150
25036294
25037706
25037870
25039494
25041881
25048600
25061152
25075124
25083893
25085970
25097633
25100133
25102300
25108004
25116458
25128353
25133285
25147635
25172451
25177850
25179369
25179661
25180151
25180691
25182361
25187313
25206813
25209265
25219310
25244677
25257166
25259769
25264287
25270926
25279462
25290718
25291366
25294384
25294651
25299970
25304286
25304809
25308648
25320610
25322741
25326244
25326510
25340717
25342008
25344863
25353538
25358535
25359296
25361782
25364939
25389728
25395256
25396902
25416098
25420131
25421201
25421316
25421999
25426809
25428302
25429876
25435076
25439332
25439985
25443061
25449925
25453906
25455733
25504266
25521881
25523849
25550693
25552703
25552846
25555961
25556776
25572689
25590546
25600084
25608508
25613770
25614248
25616185
25626805
25633310
25638225
25638848
25643633
25645138
25646012
25646094
25648578
25648686
25660149
25673508
25695442
25698490
25702068
25707174
25713340
25715978
25718430
25721700
25724401
25724778
25730471
25737005
25739509
25752800
25753714
25759248
25768934
25770231
25778811
25789540
25789623
25791331
25805851
25808296
25814127
25817594
25819675
25833442
25835199
25841536
25845903
25849688
25851561
25854149
25857057
25859754
25878353
25887633
25897412
25905448
25911836
25918272
25920268
25923943
25931854
25943882
25969791
26009390
26036800
26037308
26041038
26042684
26047260
26061876
26063141
26069264
26098378
26101244
26114677
26116088
26118942
26123808
26125647
26129642
26134430
26136537
26142584
26146978
26152770
26177851
26179753
26181982
26190991
26192554
26207806
26209999
26211044
26216092
26218693
26223629
26224077
26224195
26238782
26250192
26256358
26259234
26268330
26269131
26269266
26272275
26274961
26278004
26295882
26300596
26304637
26319861
26325222
26327394
26329200
26331082
26333339
26336192
26337401
26338256
26351288
26353029
26359335
26360978
26361380
26363695
26364255
26366366
26370700
26374129
26377464
26380728
26381187
26383305
26383403
26384494
26397238
26401563
26404067
26446624
26458403
26462514
26475941
26477116
26478434
26481294
26481377
26486288
26500279
26501051
26508829
26510767
26512840
26514969
26516373
26516501
26526133
26530869
26541112
26546377
26550971
26554178
26566668
26575599
26583083
26597438
26598669
26603636
26604319
26605282
26609281
26612736
26620712
26623757
26624885
26631022
26644663
26650022
26657143
26657857
26665600
26670043
26676945
26682421
26693569
26694768
26725265
26725647
26731505
26733230
26744636
26750763
26752055
26754214
26758912
26769072
26770489
26776253
26785482
26785957
26792668
26807124
26810943
26815138
26820570
26823623
26826474
26840350
26845044
26848447
26859835
26867770
26887038
26888744
26900449
26903780
26908711
26931640
26933981
26935815
26939835
26951588
26953298
26961164
26965620
26968109
26977306
26982321
26982816
26987778
26988157
26989624
26989671
26990041
26992340
26993577
27009411
27010790
27039659
27044143
27054027
27062361
27068260
27071664
27073515
27097296
27120204
27136350
27149677
27165216
27181776
27187765
27219170
27225954
27235349
27242027
27243212
27243241
27244150
27250979
27252379
27254977
27258987
27262598
27264069
27265684
27269786
27270024
27272220
27278612
27282629
27286242
27289584
27294124
27298736
27314481
27320792
27325652
27344246
27349094
27352966
27353700
27356903
27358401
27370159
27373912
27380273
27392570
27408500
27415688
27419968
27429119
27431498
27433594
27438338
27441208
27445622
27446985
27448741
27465616
27467087
27475945
27502520
27511626
27515690
27518836
27529395
27530844
27531954
27538226
27543370
27548915
27553312
27556390
27582825
27598797
27605992
27609690
27631055
27631189
27642442
27658935
27685483
27695660
27712864
27716196
27718554
27719022
27734085
27739152
27748857
27760534
27771893
27774775
27783298
27788235
27794189
27795433
27805553
27807580
27816763
27820672
27824205
27830098
27846040
27861073
27870450
27886951
27889804
27890026
27899868
27910218
27917671
27918587
27919226
27931708
27935260
27936097
27939037
27940034
27945601
27958638
27964677
27967275
27989642
28031626
28039122
28041417
28045079
28047226
28049976
28053021
28076393
28077182
28087948
28090027
28090887
28096446
28115012
28122337
28130891
28142706
28144751
28160492
28166181
28179654
28179655
28183921
28184194
28185140
28193326
28203350
28220815
28229738
28244860
28268589
28291532
28297651
28300953
28323131
28328341
28335071
28335083
28335731
28339629
28342520
28346603
28358837
28365778
28377104
28377184
28384250
28405739
28405939
28410438
28410734
28419177
28428116
28430201
28437908
28439506
28447101
28452011
28462599
28468448
28471595
28478257
28479442
28489723
28497778
28501375
28502015
28504074
28512255
28514396
28540950
28543347
28548565
28566597
28575992
28581950
28583643
28584100
28585364
28592351
28593310
28603099
28609770
28610571
28617131
28626599
28647679
28649496
28654045
28658176
28660037
28686307
28691363
28706812
28713406
28717263
28718185
28729917
28735231
28752793
28753173
28764417
28765204
28773008
28784846
28789639
28802301
28810017
28813907
28830307
28851583
28857047
28867803
28869549
28873579
28881757
28884062
28884493
28884669
28884758
28893086
28894815
28895877
28900560
28908208
28915531
28916001
28918343
28927362
28932138
28934501
28950598
28955444
28956049
28960292
28963501
28979261
28987774
29008713
29009783
29024734
29025554
29028870
29029184
29029625
29037632
29039622
29056584
29065332
29074481
29085286
29091106
29103166
29105029
29113858
29118673
29121778
29130549
29131841
29137405
29140284
29140545
29147095
29149401
29149922
29156607
29157428
29172373
29173752
29174447
29180571
29183039
29188488
29190158
29191708
29195057
29210145
29227052
29228898
29229126
29229598
29233433
29234909
29239003
29240183
29263414
29274587
29280599
29289427
29294688
29299865
29312759
29314983
29316613
29318201
29328288
29332728
29340305
29351586
29354343
29356907
29361328
29362717
29367606
29379451
29390322
29402042
29409354
29419466
29422420
29434899
29441402
29441873
29453592
29453999
29463276
29473541
29476846
29479176
29483065
29484008
29489855
29497087
29514185
29517891
29521948
29535934
29537874
29543314
29546239
29548559
29568236
29576834
29583663
29611388
29619030
29625543
29630666
29644622
29647585
29657641
29670766
29670924
29672290
29674240
29686861
29691382
29703758
29711483
29724548
29731443
29735848
29735958
29747456
29749990
29752127
29753573
29756371
29757126
29758409
29772186
29775766
29776840
29783278
29784379
29786684
29817076
29820586
29822725
29823490
29828143
29829021
29855441
29867962
29868130
29886753
29890537
29895492
29898943
29901909
29918006
29924030
30003055
30003756
30003911
30006176
30007174
30011611
30020287
30021092
30022831
30026296
30028961
30031579
30032896
30034762
30035380
30047554
30047774
30047993
30053727
30057034
30072546
30075746
30078158
30090194
30101053
30118411
30119426
30124693
30130630
30133232
30140932
30146945
30149975
30152778
30155293
30177931
30186864
30187635
30190267
30192225
30194289
30205040
30206806
30210263
30211279
30219856
30228382
30232760
30235017
30254487
30281295
30292177
30295330
30299198
30314250
30319819
30325302
30327060
30327974
30329562
30334576
30335522
30348101
30355849
30380701
30383145
30387819
30388948
30391489
30397420
30401528
30416268
30418857
30421089
30422273
30422630
30426856
30429823
30434325
30435067
30435282
30435287
30435567
30438000
30445862
30446719
30447131
30449865
30454978
30463954
30466637
30481134
30490419
30492627
30493032
30516203
30525902
30527646
30530583
30553078
30571479
30578566
30581423
30584320
30587808
30594174
30615180
30616067
30622039
30622540
30629025
30637776
30639891
30641498
30644506
30647716
30651231
30660640
30663697
30676307
30685043
30686666
30689230
30699317
30706989
30708303
30712310
30712527
30725628
30728747
30730001
30730619
30731036
30732581
30734463
30744994
30746686
30755933
30756952
30765373
30788817
30796232
30806606
30811569
30812146
30814845
30817245
30822143
30827758
30827944
30828514
30830112
30831128
30834166
30834213
30837072
30839553
30857554
30870741
30875778
30886697
30890348
30897779
30899598
30918038
31000938
31007336
31007746
31016024
31022143
31024010
31026373
31029837
31034108
31039953
31040231
31045381
31047556
31053307
31058430
31066796
31080268
31090116
31111581
31117112
31128157
31133824
31137277
31141556
31171485
31181979
31187445
31189484
31190766
31223232
31224025
31226695
31233759
31237744
31238057
31252687
31267540
31268896
31292967
31295574
31297909
31305929
31313062
31314534
31319830
31321492
31328283
31343691
31353409
31369058
31369753
31373655
31377082
31379148
31380271
31393454
31393941
31399677
31403820
31405328
31410750
31432910
31442017
31442556
31454164
31456474
31458851
31459285
31467435
31468284
31468783
31474880
31477359
31487864
31492462
31493515
31499082
31521138
31522280
31530558
31552098
31552783
31557182
31558692
31559189
31561999
31563025
31573537
31585798
31590008
31617977
31626623
31627398
31630574
31631412
31634685
31636490
31637397
31641921
31642795
31645217
31648493
31688795
31691695
31697677
31699481
31702546
31703075
31720891
31728406
31729197
31760956
31776488
31813596
31815380
31817515
31818055
31818144
31818546
31818704
31819238
31855401
31859707
31867416
31869777
31877567
31880738
31891972
31907561
31913858
31914667
31915525
31916872
31928898
31935563
31936389
31941268
31944321
31946362
31954541
31954586
31955175
31974758
31980785
31981414
32001648
32009904
32010141
32018476
32029485
32037279
32037859
32044759
32050236
32065499
32070705
32075343
32081794
32082699
32086498
32089854
32103751
32112299
32114599
32116047
32116355
32125489
32127592
32134970
32136741
32139147
32141626
32143644
32154479
32155652
32159114
32169555
32174394
32177371
32191764
32194939
32200677
32203143
32208284
32216019
32218618
32219351
32224572
32225005
32230223
32238898
32253074
32255968
32258735
32262369
32264807
32269935
32277630
32281264
32282734
32286566
32293122
32298444
32300283
32301344
32305323
32307154
32308433
32318909
32319252
32328049
32337548
32337687
32341116
32342689
32348080
32351694
32359243
32361660
32362395
32380124
32396548
32398826
32400853
32400982
32408976
32409088
32418299
32419792
32435293
32435749
32447530
32448629
32450186
32453007
32464984
32493557
32508022
32509836
32509881
32528754
32529368
32537031
32549347
32567178
32570387
32586493
32590128
32590460
32606326
32606384
32611448
32616219
32623216
32630737
32633003
32636778
32649049
32650739
32652723
32652895
32653333
32680219
32680352
32684659
32685493
32710214
32716568
32716831
32717379
32718964
32723587
32747933
32753404
32756538
32767610
32770867
32779086
32781173
32782462
32842130
32847915
32851526
32852042
32854499
32857133
32860011
32862625
32866646
32869848
32885805
32925756
32929553
32951806
32952317
32960065
32966014
32967985
32988788
32989625
32992684
33001687
33008868
33020946
33037121
33051589
33052572
33063738
33064042
33093871
33095122
33104119
33109417
33110688
33116738
33117994
33124324
33144097
33155244
33160614
33166966
33175811
33176084
33182811
33185252
33187793
33202252
33206882
33208814
33208962
33211119
33256493
33264261
33265107
33271913
33272957
33282776
33287304
33294444
33299977
33303224
33303431
33315002
33319166
33327408
33376011
33385592
33409418
33422426
33458221
33460208
33473902
33474523
33481270
33517902
33519832
33524869
33525909
33528881
33530288
33531248
33537730
33574483
33580207
33586832
33589906
33594542
33599234
33603241
33621042
33627330
33643854
33647628
33666785
33667443
33670410
33672954
33677768
33692350
33700874
33703003
33707112
33715002
33731209
33741967
33745069
33776723
33790135
33793428
33805549
33821439
33824998
33828856
33838387
33845779
33848099
33856282
33858875
33859356
33864268
33866796
33878368
33888053
33900294
33901553
33908909
33916984
33922178
33934424
33937394
33967804
33976059
33990743
33991781
33996821
34034376
34034732
34042926
34047438
34062794
34067317
34068233
34069124
34088474
34092735
34095488
34099699
34100102
34123865
34127629
34129341
34131250
34142358
34143127
34144007
34160120
34168366
34169805
34195647
34214148
34214280
34235535
34236052
34238252
34241825
34242075
34245463
34247538
34247888
34256664
34262590
34268706
34273404
34280562
34286379
34288352
34290895
34291163
34310092
34311109
34314185
34317144
34319141
34324125
34326440
34331041
34331469
34336101
34345584
34346328
34352212
34352371
34359353
34362066
34370337
34378282
34382169
34385824
34387077
34389440
34390735
34397232
34397281
34397615
34402140
34414329
34422131
34423624
34438971
34485054
34489440
34502054
34503383
34507524
34522028
34525845
34529726
34534254
34549242
34566952
34569709
34582570
34583267
34590919
34592162
34610975
34611191
34618005
34619241
34620172
34622793
34622875
34673103
34674609
34675832
34678046
34686415
34688669
34707275
34719178
34724687
34748694
34751669
34752320
34763365
34776983
34781959
34785505
34793871
34801461
34806580
34808316
34820038
34823681
34826227
34843008
34845218
34848555
34850308
34859154
34859646
34862253
34864640
34883272
34891325
34895894
34896118
34904401
34949268
34964871
35004339
35010144
35014391
35015703
35023745
35032318
35042192
35044524
35050088
35053476
35060593
35063066
35078538
35080312
35086230
35088403
35090329
35098046
35102724
35111276
35112309
35112501
35115890
35125082
35128031
35136348
35172537
35173603
35177075
35198007
35205956
35218470
35237088
35261965
35266642
35279484
35282695
35283320
35296365
35323861
35325065
35330232
35338890
35340478
35392271
35395468
35400296
35407617
35415980
35421388
35423404
35430590
35430663
35448817
35450339
35463361
35466162
35474657
35476701
35478239
35514905
35517746
35519612
35523855
35527674
35530618
35537643
35561355
35562456
35601220
35605500
35637086
35638476
35656677
35676741
35684935
35695479
35719086
35720565
35724973
35731539
35754684
35757644
35762056
35777783
35783745
35786471
35795787
35797853
35801198
35817192
35818340
35828447
35842283
35847777
35847803
35854414
35868381
35877070
35886515
35891712
35899634
35904402
35906648
35911877
35937980
35942864
35969345
35972283
35976704
35989540
36032760
36039349
36044956
36052302
36064909
36065357
36067487
36074205
36077064
36081381
36093808
36110646
36114066
36148872
36179287
36179547
36192828
36194392
36205820
36211698
36238785
36241120
36248627
36258358
36267860
36270314
36271637
36271844
36278229
36285006
36294995
36304594
36323483
36331271
36338339
36352726
36368303
36377630
36388910
36408309
36414261
36414739
36461559
36465431
36468250
36471711
36485171
36485372
36490068
36493721
36501416
36522809
36532007
36539073
36552558
36561398
36562850
36568880
36604289
36608099
36609269
36609621
36643902
36651593
36653636
36654486
36666331
36677404
36723530
36724697
36736492
36737361
36742670
36756382
36801749
36810813
36836614
36841740
36847331
36855513
36863049
36866316
36877491
36901516
36923887
36943849
36944942
36950021
36952462
37006983
37019422
37020646
37032714
37036619
37055047
37066845
37077986
37081218
37109591
37135438
37144677
37149789
37152411
37154885
37172507
37184939
37196880
37198642
37205058
37212298
37214190
37214569
37217743
37231067
37251672
37258051
37261936
37274680
37278755
37288714
37292399
37317574
37337307
37337957
37346239
37348290
37352098
37360731
37365598
37365603
37371746
37373220
37373317
37400643
37411538
37418894
37420045
37449147
37449861
37460819
37464784
37507871
37522527
37525550
37549508
37580950
37593217
37610499
37612122
37612215
37619528
37636516
37651822
37658969
37664415
37706024
37706123
37725836
37743840
37747961
37761762
37766444
37767616
37770228
37788349
37790378
37791789
37800095
37814707
37839859
37858892
37871383
37872152
37876046
37886608
37903323
37904848
37916599
37922608
37922628
37927036
37930335
37937846
38004352
38006827
38011182
38016635
38019442
38029046
38037176
38039883
38057085
38057710
38061174
38066248
38076140
38086698
38094922
38095522
38103741
38111258
38112223
38112430
38127694
38129774
38131332
38131811
38133798
38134433
38136940
38137781
38148235
38188410
38188482
38198435
38207584
38217672
38222710
38226103
38230381
38237566
38253728
38273405
38282049
38287745
38307810
38312191
38313051
38321549
38362077
38364520
38364771
38369037
38382467
38398428
38411227
38433524
38447273
38452256
38457419
38470633
38478731
38487129
38488048
38491700
38496762
38514584
38531168
38532908
38548917
38568672
38582992
38583589
38592417
38595436
38596770
38600855
38607143
38623778
38627564
38637026
38643704
38648525
38656196
38669426
38669671
38680220
38681892
38683650
38692682
38694856
38697193
38697994
38699267
38706153
38707456
38708796
38715844
38716775
38725134
38749179
38753084
38763717
38764602
38770346
38771089
38778318
38784933
38788943
38798994
38814151
38815349
38816702
38818154
38839825
38840691
38841401
38853039
38874859
38875498
38879430
38886871
38897431
38901810
38901919
38905561
38909642
38926939
38933185
38941752
38947574
38948060
38960735
38965276
38968895
38975698
38989037
38989834
39005230
39014005
39014695
39014702
39022161
39024685
39035733
39067183
39079830
39095209
39103897
39110658
39122505
39123847
39135596
39146792
39152989
39168697
39188084
39188170
39189722
39203285
39206170
39223387
39234106
39244870
39265515
39268948
39274725
39278142
39281650
39287832
39338735
39359987
39360137
39376084
39395180
39418829
39447192
39456220
39458018
39461994
39466060
39512464
39513726
39518820
39523112
39528790
39594032
39595845
39596149
39604811
39604976
39605064
39610692
39620076
39636822
39639129
39658952
39660286
39688215
39689401
39696496
39698337
39723778
39733326
39735313
39738818
39743201
39743561
39749941
39777484
39777633
39778477
39786962
39789254
39791228
39814430
39817975
39822783
39829953
39847905
39869571
39873866
39880436
39880762
39920111
39923263
39926471
39929358
39939308
39939533
39940129
39944434
39947057
40007389
40019012
40100724
40104185
40104452
40114380
40136546
40137222
40179365
40181952
40182585
40187426
40207169
40210253
40220569
40220686
40246920
40251984
40252194
40255495
40255841
40266934
40282856
40287526
40307675
40315004
40319256
40321993
40352906
40354287
40354794
40401420
40410372
40420325
40433003
40433458
40434992
40439819
40441344
40443661
40448648
40454934
40456416
40477855
40492836
40494353
40494685
40496633
40524710
40547326
40573484
40584410
40585250
40603979
40668481
40675398
40680139
40689377
40698463
40699142
40706172
40710637
40713209
40727341
40731206
40741375
40743105
40749927
40755568
40756076
40786727
40794132
40800970
40803120
40812369
40813527
40822003
40823266
40831849
40840290
40843493
40860402
40877364
40887553
40900190
40916023
40918714
40918906
40923978
40926270
40931283
40932623
40933133
40977803
41003620
41003824
41008933
41009719
41012988
41020432
41028661
41036253
41050250
41052325
41057115
41062716
41067418
41072811
41081155
41083674
41086729
41093062
41093450
41104989
41108842
41114799
41115214
41122508
41125431
41125762
41132330
41135146
41147032
41153826
41158936
41187681
41203126
41211232
41212803
41236054
41246974
41265795
41282532
41290920
41292509
41300646
41306062
41318100
41319974
41328658
41333251
41350544
41366140
41385704
41390843
41390921
41400506
41405957
41412965
41431048
41441019
41474973
41476768
41482257
41491203
41494726
41499899
41501442
41501937
41504930
41508763
41515235
41523653
41524016
41533201
41545025
41561011
41566850
41570799
41588375
41593478
41602240
41608730
41616745
41618568
41624918
41626229
41632572
41637052
41646022
41662813
41669364
41687799
41689437
41689570
41706666
41727125
41728854
41732422
41735720
41746313
41754621
41756646
41762040
41769463
41772266
41779335
41784377
41804022
41834471
41838132
41839451
41844538
41844997
41849405
41858280
41862730
41863876
41868257
41872044
41873715
41874588
41883095
41900307
41921676
41924493
41932667
41944375
41957610
42010563
42016829
42029045
42047366
42057548
42061012
42061391
42064434
42066184
42066212
42076843
42091487
42099596
42107644
42123092
42125645
42136851
42166224
42183194
42193214
42193269
42198264
42210012
42230947
42242243
42242714
42252199
42259798
42261962
42272007
42280218
42282148
42282275
42286374
42288167
42292042
42301945
42303672
42306852
42307276
42313182
42313448
42324785
42326834
42336778
42337231
42362599
42363977
42366853
42370002
42395633
42396897
42397941
42409478
42420734
42448448
42458128
42458294
42460282
42468911
42472167
42488260
42502996
42505169
42510814
42515731
42525357
42525488
42545730
42590673
42594766
42603359
42607726
42621674
42621998
42624695
42630920
42676495
42682687
42686857
42715491
42738443
42766947
42792571
42802678
42804099
42810740
42810784
42824484
42829085
42833762
42837256
42838879
42872449
42897851
42910939
42912507
42928674
42929286
42937537
42940934
42952090
42960633
42967107
42967747
43005742
43010443
43020626
43021401
43027774
43039630
43047891
43051821
43062021
43063791
43111819
43117053
43121250
43124249
43149821
43154100
43154429
43179324
43180275
43180549
43181132
43188079
43191485
43206662
43211249
43216937
43223603
43225548
43227620
43255026
43294024
43343329
43345565
43353396
43358089
43364254
43390062
43401230
43430870
43434761
43435554
43437824
43451786
43468169
43493317
43499310
43503232
43510397
43515536
43518834
43554167
43559551
43561182
43586072
43591843
43596027
43596718
43627206
43642171
43682063
43687334
43711075
43713615
43718379
43735931
43736312
43768729
43786129
43801525
43818044
43819225
43825468
43830254
43845409
43858272
43859006
43864220
43864755
43878492
43892568
43903677
43903724
43908673
43919194
43920261
43932532
43933011
43934717
43949306
44005086
44011325
44013819
44017901
44035591
44049258
44054393
44054438
44058784
44062362
44094469
44100716
44101971
44108881
44122466
44130240
44134468
44180657
44201095
44205995
44210089
44217009
44217362
44224386
44226040
44232592
44261964
44275957
44282976
44284912
44290649
44291520
44297124
44299634
44308631
44311133
44329832
44352909
44357462
44362533
44366536
44369078
44412507
44426794
44427034
44429530
44432863
44440244
44442726
44447577
44452464
44465284
44474453
44475502
44499060
44500615
44504892
44512391
44526724
44529321
44532721
44546408
44551040
44552679
44558696
44566797
44572122
44606743
44619698
44621234
44634009
44644169
44646328
44654400
44661349
44697535
44727228
44748843
44753333
44779334
44804090
44821686
44834113
44838754
44855600
44860469
44894197
44897238
44917449
44918621
44924698
44939140
44941385
44943200
44952852
44955732
44970884
44983408
44985687
44986899
44987479
44988511
44993968
45010981
45020717
45023153
45031192
45032734
45038179
45063082
45065155
45082583
45085614
45090637
45111429
45114486
45117496
45121712
45135152
45153419
45166558
45170265
45173204
45188082
45192693
45201016
45214004
45221877
45223953
45225876
45242310
45249143
45259435
45287573
45289615
45292977
45296430
45300215
45301869
45303316
45312133
45318240
45322463
45377709
45381593
45388412
45390002
45394580
45394814
45408373
45429052
45443656
45445444
45458135
45484005
45492770
45502524
45535293
45561569
45572388
45582616
45589038
45593710
45596847
45613440
45617267
45629553
45641915
45653325
45656626
45659457
45668164
45685589
45686836
45696051
45721660
45727265
45735367
45762903
45777314
45779957
45781100
45784228
45801405
45804681
45816645
45839529
45839585
45840988
45851870
45851903
45854584
45862145
45903229
45903782
45908640
45912223
45920171
45924727
45953430
45969767
45973465
45974753
45976504
45980414
45983570
45989632
45997440
46035206
46036315
46048758
46064701
46074897
46079783
46093931
46098767
46167142
46173190
46198080
46198378
46224184
46225358
46231065
46245613
46254446
46255981
46280436
46286400
46298961
46302907
46311689
46311991
46323507
46326927
46333384
46337854
46342947
46347920
46348577
46352486
46359136
46360868
46374924
46377360
46381970
46383535
46383988
46393705
46418330
46424169
46430427
46438833
46443276
46454470
46467872
46473145
46491680
46502146
46504167
46527583
46544104
46550885
46552617
46573737
46578207
46581029
46602816
46608571
46610215
46611627
46649995
46673811
46678382
46681767
46689348
46706568
46730863
46740053
46746752
46775340
46792481
46804984
46809269
46850667
46868354
46870142
46887290
46887791
46906362
46912677
46915117
46975194
47026594
47038832
47050724
47058688
47059175
47060331
47063528
47065418
47074440
47084315
47088595
47094389
47095626
47100811
47106045
47117659
47140548
47146943
47148448
47186881
47189860
47204973
47212525
47214141
47248121
47251434
47260527
47261913
47296109
47361978
47373731
47374632
47387468
47399833
47405526
47412298
47414585
47442628
47481075
47486572
47494749
47496202
47500077
47516397
47530364
47536979
47539367
47546192
47547075
47556782
47557100
47592364
47594071
47597534
47597818
47602544
47608900
47610773
47630889
47633867
47642114
47670935
47688736
47690857
47735897
47741950
47743987
47751811
47771515
47775939
47779833
47786556
47809781
47814611
47824348
47846038
47847211
47850793
47863161
47871710
47872834
47874624
47887674
47888838
47895810
47914864
47920371
47927938
47941318
47953050
47953181
47958859
47969794
47975709
48005147
48023163
48025441
48025699
48026190
48026374
48035269
48039921
48042261
48044549
48048644
48058148
48061452
48074533
48079673
48092110
48095020
48104824
48147565
48152145
48163305
48169842
48170584
48178078
48179009
48190573
48190717
48191550
48200979
48203974
48205074
48210625
48232906
48242073
48242722
48268975
48274372
48302631
48312446
48321374
48327480
48350578
48369803
48371077
48394689
48409135
48413865
48436791
48498738
48507300
48520602
48521060
48526469
48533993
48551325
48564601
48571598
48589894
48590619
48591290
48627134
48659585
48666357
48675672
48675886
48677831
48682976
48685635
48704916
48717119
48724663
48759779
48801663
48813874
48826691
48833693
48845264
48887847
48903067
48927857
49015429
49027704
49029737
49031127
49038271
49051465
49054859
49059713
49060164
49064861
49077036
49082024
49095389
49100192
49115824
49126366
49127873
49128736
49194287
49203929
49211854
49223104
49223468
49227145
49229791
49257356
49264086
49273483
49299637
49323794
49343198
49369623
49372466
49374484
49374963
49377460
49384216
49385182
49388149
49394591
49397965
49399144
49405384
49429313
49431923
49436251
49454082
49471726
49487681
49491869
49505608
49506938
49523135
49523885
49533087
49535529
49537535
49537649
49559117
49567396
49570052
49578919
49604604
49607154
49607323
49624548
49631062
49642398
49664542
49665246
49666943
49668402
49682492
49683293
49699622
49711081
49713390
49716110
49718666
49745047
49750035
49757244
49766804
49776743
49782840
49783436
49785960
49786882
49815903
49816258
49828479
49831852
49857751
49859900
49869167
49874175
49876612
49886326
49889044
49897184
49900487
49910035
50006733
50012907
50020039
50044741
50046024
50049689
50051537
50056397
50064406
50071954
50080544
50096042
50097144
50098562
50099761
50099844
50117883
50144794
50148179
50154976
50158141
50178641
50192719
50203862
50229589
50237527
50240856
50258484
50261576
50261796
50267745
50273662
50280852
50283130
50289950
50290296
50295406
50300686
50301191
50302199
50306925
50307290
50307912
50308817
50325858
50330896
50336122
50348907
50351099
50355916
50360557
50364932
50369863
50380672
50392478
50401444
50423904
50432512
50461292
50463919
50467751
50468001
50480819
50480887
50494829
50501967
50507436
50513718
50525211
50540304
50542274
50542666
50565575
50571019
50571585
50582792
50583420
50587025
50593392
50629090
50640701
50640863
50641193
50650540
50658184
50665007
50666271
50666375
50677476
50677796
50681886
50682092
50706729
50711566
50716415
50747912
50755935
50768200
50771138
50774218
50776794
50776800
50777400
50840774
50856068
50877325
50880131
50885457
50887273
50892169
50893763
50906537
50908916
50919110
50935801
50944765
50949339
50950982
50951653
50981223
50985759
50987308
50998469
51029078
51030329
51033447
51034582
51038971
51051470
51053446
51058629
51062534
51068612
51076563
51084049
51094809
51095500
51129353
51130439
51136451
51139126
51147982
51148073
51153235
51158931
51179264
51184153
51199545
51202327
51205749
51209033
51225401
51225857
51247841
51264346
51266735
51294041
51296555
51301086
51310049
51327217
51332554
51384597
51389291
51390299
51392564
51393177
51405203
51407399
51431243
51435117
51439653
51455066
51456158
51461447
51466128
51479088
51479690
51480609
51485846
51488690
51494995
51496494
51497157
51497589
51509663
51512727
51518772
51519777
51521533
51521834
51525123
51526238
51542772
51545985
51550099
51550296
51554515
51560630
51564996
51565072
51589620
51590432
51604975
51608939
51612050
51615891
51633921
51635134
51636385
51647543
51652360
51660241
51661023
51663763
51686781
51697211
51697453
51729837
51732182
51742989
51753221
51758590
51775261
51779100
51785764
51796985
51798504
51801309
51803950
51805630
51809895
51811313
51815994
51818937
51827127
51836784
51845916
51847106
51863462
51878806
51884533
51886894
51903537
51911804
51923992
51938397
51939998
51946055
51948864
51953068
51961550
51963806
51964969
51972717
51983295
51983684
51994853
52002006
52014067
52017904
52022083
52040614
52051689
52060356
52075224
52076526
52096330
52104376
52115138
52124518
52125720
52131437
52140806
52162584
52167637
52167654
52172930
52182258
52187646
52189764
52211735
52211832
52213463
52238791
52245588
52269687
52270010
52277679
52309045
52313542
52314661
52316636
52318044
52324859
52326451
52335030
52335523
52336162
52336285
52344566
52347157
52348613
52348936
52349809
52350785
52361729
52367392
52382190
52386747
52399288
52405723
52408507
52417480
52430830
52441682
52476886
52485574
52490677
52506772
52521823
52529316
52531269
52542369
52544179
52546565
52552690
52560895
52562655
52565040
52582689
52597484
52610313
52616117
52619607
52626447
52632444
52635362
52645295
52650284
52651952
52654284
52659435
52668163
52670374
52677499
52678340
52679598
52695723
52699041
52705325
52707176
52709258
52709815
52722372
52750523
52751144
52753287
52755500
52761185
52778141
52785355
52786038
52786880
52799861
52804443
52812869
52823575
52826585
52827905
52832408
52834087
52843369
52849457
52852229
52855693
52863189
52865047
52888042
52894096
52898680
52904158
52927377
52937676
52944904
52946542
52949139
52955660
52958778
52977053
53003694
53025015
53041818
53051269
53081894
53082545
53098408
53119848
53142612
53144521
53153494
53154213
53160956
53168395
53199791
53202563
53206511
53211942
53220764
53229259
53241066
53255651
53259445
53269258
53282470
53297374
53308865
53320096
53350414
53355022
53382044
53386575
53394195
53394240
53410625
53412916
53414319
53417396
53423829
53425994
53428229
53440030
53446608
53456884
53458509
53460093
53462959
53467923
53482770
53486691
53487133
53487368
53490079
53509239
53550055
53550426
53563201
53596998
53599968
53621094
53624916
53634267
53640584
53649515
53661196
53662813
53684147
53687201
53699979
53704308
53711413
53717582
53735709
53762348
53785558
53788182
53791855
53793668
53794949
53797248
53798495
53824621
53845907
53864124
53866968
53873543
53876822
53885035
53915470
53921075
53924175
53926722
53930360
53932593
53937204
53946062
54061688
54110916
54112901
54114272
54116593
54117664
54119924
54131483
54131557
54134293
54136351
54185419
54189783
54196745
54206906
54207374
54209645
54221877
54249732
54280446
54280609
54290398
54320164
54330882
54338159
54351609
54353727
54364723
54368224
54377523
54382138
54399600
54400441
54402599
54407707
54415327
54425685
54445663
54447231
54447298
54454993
54455165
54459906
54472308
54482272
54486758
54497871
54501061
54504715
54508829
54573088
54578205
54592441
54595863
54605799
54615433
54619837
54630678
54655737
54670137
54701597
54707907
54710970
54712998
54724238
54744186
54748771
54750293
54765972
54766956
54776285
54784598
54788246
54796179
54803123
54815946
54815966
54816409
54817166
54817471
54822405
54838464
54856056
54859456
54862987
54871336
54871886
54880863
54905428
54912431
54912965
54913992
54917277
54929602
54976743
54983716
54990627
55011237
55011371
55012358
55017323
55028469
55029402
55033410
55037711
55038187
55044166
55066668
55072270
55082767
55094532
55108987
55118311
55124718
55133317
55169697
55174194
55189132
55193064
55228648
55239580
55277316
55287114
55287968
55295720
55300093
55309257
55309594
55313709
55331535
55332751
55341334
55348302
55349598
55354549
55362870
55366586
55374651
55386015
55388876
55430047
55437269
55446775
55453711
55462358
55470012
55500830
55507233
55514287
55515011
55521608
55523642
55526111
55540820
55541526
55546514
55550197
55560339
55568881
55569287
55569555
55571324
55574212
55591076
55619045
55624442
55630990
55631110
55632175
55634153
55647658
55651454
55661947
55669224
55676144
55681614
55698479
55708363
55718222
55731719
55746796
55752055
55776248
55780726
55780739
55784039
55787557
55790030
55796436
55799534
55800641
55816612
55816614
55817845
55827023
55847991
55864928
55886962
55900318
55900768
55912080
55913705
55918801
55919057
55923237
55929864
55934745
55940275
56005890
56008736
56014004
56039985
56046106
56051852
56065994
56130937
56132418
56151116
56158476
56160271
56168182
56194939
56200185
56203592
56216184
56255142
56260345
56286284
56307326
56363999
56367153
56370406
56387409
56397123
56403821
56421996
56430400
56439613
56443185
56446143
56446942
56447654
56451408
56464496
56469362
56471905
56476269
56492178
56503591
56509742
56541946
56557328
56560969
56564300
56564319
56587198
56596238
56598091
56605553
56605626
56611315
56613250
56641619
56646036
56654248
56656935
56662718
56709259
56723194
56731521
56739000
56739738
56746000
56751455
56753294
56754836
56759717
56763137
56766399
56770611
56772493
56779058
56788023
56825222
56826470
56836278
56852099
56852699
56879010
56891796
56893901
56895705
56901333
56907220
56929156
57010967
57014309
57014872
57031076
57037531
57039283
57050778
57051023
57056648
57067353
57071650
57072186
57096231
57136446
57145964
57152340
57161570
57202242
57217510
57218159
57224841
57226108
57226341
57237222
57262441
57266130
57285644
57309996
57322898
57326712
57344965
57346986
57361309
57365265
57374419
57375051
57398301
57417414
57431379
57433217
57435001
57442297
57457011
57461393
57474010
57478923
57482332
57484574
57500717
57502064
57505096
57521831
57541550
57545402
57555570
57559550
57563667
57576316
57581823
57583771
57590696
57597754
57601417
57606422
57609776
57611811
57615448
57620422
57641611
57660953
57665733
57676631
57677720
57678454
57679530
57683499
57697290
57707376
57723989
57727914
57736818
57749008
57769737
57774160
57779716
57780799
57802331
57804550
57806989
57808298
57847682
57875365
57891705
57892004
57908347
57914975
58031575
58047120
58068804
58082805
58084615
58092904
58109438
58147563
58147985
58161561
58166849
58171505
58172262
58176015
58186184
58192620
58208027
58212443
58214119
58223867
58227812
58229144
58229398
58237395
58251908
58264905
58286564
58287343
58293570
58299270
58316940
58326862
58328147
58332660
58338289
58353058
58356179
58366518
58366881
58367685
58368422
58370932
58375719
58386572
58387926
58394754
58396313
58417168
58432176
58434831
58434870
58438909
58449744
58458396
58492406
58495827
58500076
58502622
58507430
58512069
58535707
58536196
58538536
58556455
58560840
58566191
58585405
58591595
58596997
58611056
58621428
58624829
58631769
58632661
58633093
58633798
58634587
58634749
58636683
58646872
58647718
58647843
58659136
58675833
58712916
58723788
58736929
58741654
58744058
58744734
58745218
58761895
58794427
58801254
58802228
58817112
58849072
58851744
58885241
58898537
58922230
58928113
58928263
58938646
58941832
58985684
58999522
59010306
59024991
59037125
59041610
59045455
59052984
59062914
59065059
59080407
59112408
59132542
59133980
59136319
59142264
59167884
59175324
59181636
59188867
59199044
59201191
59209551
59218413
59225981
59254129
59256624
59262246
59264953
59286848
59287406
59306555
59315197
59336379
59345839
59348746
59361234
59361292
59363760
59368518
59372107
59378531
59378999
59380623
59387580
59397352
59398602
59405560
59409605
59410348
59421986
59430091
59439651
59446663
59481658
59482047
59483103
59484905
59494886
59509887
59510084
59510298
59521360
59542072
59559645
59592706
59610754
59610949
59618157
59626880
59642281
59647830
59665457
59695250
59696824
59699009
59734358
59740162
59742130
59744624
59748220
59754466
59756070
59764315
59799722
59803306
59804166
59810611
59818833
59845070
59852095
59862249
59871389
59895981
59896933
59911560
59914397
59921216
59924295
59940074
59949877
59990945
59999917
60013873
60024476
60047486
60049059
60066524
60078401
60098172
60124339
60131978
60158381
60159603
60162496
60173541
60178791
60179287
60182383
60185495
60196030
60214955
60226758
60229714
60231887
60253845
60253882
60263108
60265000
60268489
60269249
60275771
60298108
60302479
60306466
60322740
60341215
60351658
60362021
60365075
60367274
60379442
60383307
60384901
60389822
60391009
60394967
60395916
60401575
60404126
60419905
60435304
60438851
60451441
60458546
60468404
60472375
60476525
60477126
60494700
60496512
60514667
60518699
60524143
60530340
60531389
60538389
60548254
60550393
60551845
60567198
60575210
60582844
60584759
60586499
60627853
60633876
60637702
60643298
60659120
60661555
60666042
60682412
60705393
60728298
60758326
60763468
60767983
60808851
60808876
60824034
60824366
60826297
60827944
60829301
60831255
60836110
60837062
60842560
60852877
60865864
60868768
60893880
60908227
60908539
60913014
60930600
60961491
60962108
60968444
60969918
60985608
61010197
61015876
61036907
61047199
61050105
61051306
61054401
61055016
61055484
61057773
61092307
61095862
61099045
61119479
61134770
61186670
61193347
61194044
61194981
61224713
61225261
61226586
61228234
61291723
61314629
61333454
61336819
61340166
61343930
61355694
61424148
61465374
61481864
61485264
61487381
61488583
61492111
61502110
61503325
61509753
61518078
61522087
61538633
61548170
61569354
61573208
61578680
61589539
61599488
61619768
61619791
61652961
61654246
61663213
61664729
61667278
61667911
61672045
61686811
61711868
61744251
61746977
61749328
61750119
61757152
61796246
61803673
61815352
61815783
61825477
61833902
61840335
61846482
61848986
61860258
61863563
61875341
61885743
61890668
61908202
61917441
61918776
61930710
61972254
61978004
62021652
62022483
62033135
62033661
62045594
62051765
62053573
62067549
62068058
62108802
62109464
62129816
62136074
62137152
62146647
62152632
62165941
62166658
62169632
62170918
62172033
62192542
62195444
62197870
62208972
62217600
62223297
62226904
62249946
62255422
62258301
62272855
62276029
62279533
62288331
62290672
62303295
62303336
62310366
62319269
62341559
62348142
62351197
62388234
62398872
62398914
62401865
62437679
62440110
62448500
62456368
62465451
62469372
62485512
62490467
62492629
62511460
62546273
62555795
62556359
62560569
62563548
62564996
62581387
62587292
62588391
62589439
62599175
62600241
62609730
62613845
62621073
62629760
62634543
62653188
62653902
62673730
62686210
62702049
62725443
62733272
62737352
62758937
62766680
62768484
62770589
62786295
62791988
62796427
62799199
62815048
62820150
62826193
62833171
62833574
62835362
62836304
62841347
62846302
62855956
62870381
62880085
62907831
62913876
62915566
62924180
62928947
62944303
62947449
62951424
62960104
62962804
62969405
62982673
63012001
63015180
63022310
63039882
63044909
63076973
63081461
63084709
63099888
63131540
63158655
63164446
63184734
63185514
63198377
63199412
63199782
63202528
63205841
63235068
63250839
63291942
63306687
63315089
63319288
63324531
63336300
63336936
63340273
63352084
63353818
63357209
63375446
63417532
63427898
63448955
63456720
63469428
63472360
63477401
63484786
63486471
63490700
63497387
63505746
63509657
63519767
63521770
63521894
63526805
63538056
63542031
63542380
63557560
63565180
63578935
63581399
63619864
63628611
63635296
63638448
63643795
63643907
63644130
63650341
63650453
63660273
63673629
63678841
63688533
63702501
63712148
63731335
63743286
63750917
63755034
63762216
63766396
63770045
63802382
63822652
63846616
63853387
63870308
63878363
63880485
63882600
63889786
63923734
63937598
63956514
63959855
63962681
63972628
63977567
63981470
63988128
63989937
64006326
64010193
64032489
64047383
64074382
64082814
64089374
64090385
64108984
64116632
64119411
64124056
64139165
64161019
64165369
64169723
64180846
64192381
64194054
64199865
64226004
64241555
64246428
64250605
64251270
64255843
64258574
64284841
64288608
64301224
64302703
64304739
64305423
64306964
64310017
64312160
64324208
64327362
64329342
64331969
64333899
64336660
64343992
64344864
64347716
64349293
64362545
64365169
64368735
64370350
64376818
64388476
64392108
64401770
64408757
64422732
64478559
64495067
64501022
64507427
64511022
64533604
64540795
64547844
64549206
64555280
64562270
64562441
64564408
64574223
64612769
64618645
64620281
64627775
64630776
64644280
64667249
64688515
64688705
64700750
64708606
64717655
64733020
64735283
64737740
64739768
64747419
64751118
64776358
64791515
64793108
64808531
64809965
64811381
64837638
64840651
64841546
64844373
64856953
64857710
64867382
64902979
64905982
64915995
64917303
64920962
64936231
64939742
64941316
64945390
64951776
64955670
64965424
64974879
64993961
65003949
65009439
65012685
65045137
65073738
65077343
65080358
65083527
65087389
65090267
65112901
65116841
65119911
65120292
65126612
65138734
65168095
65173857
65213257
65225641
65236275
65244700
65255494
65255650
65287419
65287839
65293775
65300420
65306450
65308527
65319610
65320652
65363482
65369226
65379649
65379988
65382671
65399820
65401877
65407324
65407501
65420401
65424235
65426388
65433427
65435291
65453936
65458988
65484844
65492334
65498994
65499288
65502165
65508590
65539941
65551588
65554520
65555898
65556001
65556866
65560525
65560869
65561119
65561511
65568497
65571030
65585143
65591726
65613226
65616154
65621624
65635081
65643136
65646276
65646383
65646602
65647383
65649943
65666729
65682998
65690032
65691864
65693309
65701646
65703955
65711559
65724964
65759353
65791899
65793010
65795704
65799182
65799638
65799763
65810420
65820414
65825888
65827292
65842507
65849954
65872658
65875482
65884070
65896671
65902469
65931871
65951772
65961678
65967725
65972641
65984337
66045221
66053725
66082590
66091923
66100547
66111131
66113547
66138421
66140977
66143200
66148461
66151437
66159695
66173550
66224104
66240257
66248508
66279937
66283156
66312224
66324345
66324630
66328319
66339314
66339545
66399796
66400173
66416857
66438744
66450890
66506349
66507603
66510498
66514764
66527486
66580297
66591498
66610939
66627110
66635347
66647295
66680847
66709993
66711180
66712091
66716710
66744543
66757318
66766529
66773347
66777430
66777506
66790514
66810729
66813776
66819712
66852633
66855102
66865183
66872899
66881907
66882201
66884934
66905156
66911299
66917529
66930234
66930616
66936836
66959592
66965058
66967605
66982253
66984036
66985621
66993634
67002441
67015652
67037997
67043068
67044599
67054422
67055286
67060856
67080786
67081542
67097416
67098684
67108881
67161147
67169248
67183413
67224285
67239211
67243154
67243767
67258942
67262428
67262861
67267214
67289437
67290160
67290250
67300357
67307672
67338491
67341228
67388995
67397602
67397724
67401120
67405409
67411809
67411993
67413621
67414632
67426762
67427811
67430066
67444034
67462001
67466183
67509390
67518193
67522867
67532973
67551695
67555132
67556583
67581575
67581823
67585466
67597674
67600507
67625033
67625129
67639439
67659831
67667713
67676678
67691236
67698692
67713391
67737947
67744634
67751784
67758413
67763492
67777801
67781644
67783652
67785328
67792329
67799542
67813637
67820317
67822422
67836274
67841648
67841879
67841933
67844292
67850475
67855147
67859007
67859847
67875842
67878180
67879055
67893658
67930596
67959768
67966252
68014933
68021692
68022093
68029467
68043738
68061563
68064688
68064949
68076984
68088915
68093478
68101724
68142132
68162839
68199817
68202948
68218957
68256091
68268127
68284172
68304756
68331314
68333175
68338464
68339923
68348819
68352080
68371050
68374251
68387925
68448322
68465088
68477078
68481594
68485178
68489330
68544461
68546557
68571824
68573618
68582030
68593847
68599210
68603813
68607855
68616471
68619796
68623614
68624639
68645873
68647532
68686515
68691988
68704428
68719633
68738656
68741663
68759228
68808596
68815437
68818392
68843068
68861926
68864579
68886258
68886926
68896496
68898439
68907385
68933536
68936021
68941004
68985038
68987337
69016211
69024896
69054536
69063208
69071647
69090246
69096836
69099312
69102477
69114237
69117104
69146469
69146766
69165855
69207431
69234218
69246272
69256185
69266370
69275868
69278761
69280736
69289432
69295547
69321061
69330470
69332210
69334614
69358767
69361525
69365173
69371332
69414575
69416351
69426756
69435966
69443988
69448544
69449939
69454616
69464814
69487353
69490743
69517338
69538250
69581873
69585211
69598284
69608336
69618939
69665998
69677472
69691876
69695974
69701354
69705684
69706195
69726604
69734533
69743719
69747103
69783717
69784657
69823129
69825001
69834978
69842341
69857764
69867402
69879768
69923517
69938183
69944112
69949094
69952098
69970358
69986904
69990234
70009836
70015703
70038324
70044616
70047460
70065199
70075365
70092391
70096841
70100052
70100720
70113380
70121059
70156404
70158957
70173659
70181083
70193645
70223870
70231698
70239818
70250812
70261327
70262424
70266271
70284244
70306077
70345296
70347216
70416008
70418303
70422054
70435669
70441562
70442635
70464342
70464846
70466021
70473424
70480945
70488886
70503918
70504520
70517073
70521140
70526529
70532085
70547928
70559139
70617798
70641256
70654666
70657527
70659369
70697137
70707236
70709848
70714719
70719319
70753076
70795162
70799775
70819029
70823958
70882174
70884098
70884259
70885480
70891093
70931473
70932807
70932847
70938528
70952090
70953055
70953114
70957191
70972571
70979268
70982119
70992486
71002491
71004159
71021617
71032745
71052162
71058233
71064811
71070363
71096833
71103562
71104825
71125966
71131076
71136160
71148318
71148672
71153504
71174858
71192265
71193076
71209361
71218354
71218377
71240013
71244543
71248250
71252219
71252969
71260080
71266781
71270636
71278256
71294866
71313062
71313372
71319411
71327319
71345509
71357710
71365124
71378464
71380701
71387495
71403947
71404018
71413802
71414548
71424287
71436402
71455148
71467846
71468714
71475756
71478084
71485294
71488382
71495962
71501080
71506031
71516068
71551480
71558466
71567867
71572179
71576790
71591453
71598376
71607310
71617987
71676839
71706168
71731936
71742780
71755567
71760175
71781959
71800802
71804272
71811300
71814518
71819906
71821902
71821975
71826889
71830240
71845459
71850921
71885132
71885950
71887979
71910876
71913190
71932025
71937609
71964314
71985232
71987775
72002496
72005353
72019729
72022427
72050661
72050664
72064476
72086719
72092071
72096377
72126532
72127740
72128286
72134652
72143390
72144707
72145304
72145460
72155671
72158424
72167468
72179150
72180809
72190601
72208157
72211980
72218059
72228694
72230960
72236291
72244114
72254151
72258967
72265744
72273563
72302791
72318937
72324838
72350776
72362434
72370320
72372776
72374768
72388720
72391869
72426724
72435523
72448629
72473796
72479057
72479585
72502104
72504645
72513595
72517104
72521099
72527969
72573750
72642973
72645940
72657152
72658387
72664502
72665535
72666577
72691333
72701467
72740306
72740308
72755171
72763358
72768669
72786362
72788273
72817779
72818200
72821054
72825765
72827743
72848925
72848972
72860171
72867911
72895346
72900955
72902084
72904992
72914573
72915910
72917642
72923377
72943399
72944515
72958103
72960760
72961283
72965481
72971968
72980872
72981224
72987277
72989570
73008690
73023656
73053048
73063771
73087926
73100437
73101075
73125929
73140232
73145172
73146517
73205750
73215379
73224252
73227434
73232474
73239697
73258126
73290129
73296458
73308259
73323678
73326349
73350909
73353444
73358897
73365454
73387029
73400728
73403434
73404354
73419814
73428604
73438541
73441076
73467751
73468954
73469766
73485729
73491481
73515302
73516239
73517157
73520018
73550266
73561848
73565860
73581578
73600273
73609966
73619146
73635360
73643258
73648053
73653479
73658385
73668113
73688799
73695022
73697015
73716960
73728085
73729602
73735105
73741823
73751484
73754989
73766360
73775719
73828789
73843805
73845201
73881495
73883894
73885536
73909784
73911885
73916960
73971737
73989426
73994152
74000749
74004844
74012956
74017613
74029584
74044839
74062928
74074147
74081329
74093654
74108466
74159347
74200133
74210370
74210888
74225554
74226973
74227511
74236530
74261318
74267408
74278126
74278408
74328906
74329437
74330514
74332652
74339691
74340383
74359266
74386124
74397152
74417230
74462140
74466167
74506418
74529847
74531300
74534628
74534730
74581732
74598187
74611813
74612250
74616388
74637111
74660334
74681622
74717414
74758268
74765203
74770087
74775993
74801018
74811073
74813876
74844986
74898745
74938869
74940383
74957180
75011381
75026434
75029876
75055616
75068301
75086736
75094906
75123754
75126369
75176958
75192169
75233924
75238956
75246430
75270770
75274090
75300268
75303553
75307453
75324729
75326720
75344603
75355602
75380977
75445759
75467257
75480951
75491565
75493545
75504151
75506972
75513466
75524798
75531293
75544560
75550210
75562146
75565157
75570601
75584222
75588083
75591212
75593675
75601156
75623365
75625384
75642759
75644579
75648443
75651785
75653313
75665086
75671558
75707041
75709454
75741047
75743170
75776571
75778931
75788124
75794517
75803961
75804779
75807496
75807568
75857238
75859198
75872897
75875077
75875336
75886934
75893267
75919208
75956987
75964613
75987584
76000520
76018783
76026903
76028412
76031639
76045137
76052144
76075780
76082603
76093318
76102845
76144536
76175530
76182417
76187980
76198310
76199611
76211272
76263303
76275105
76276412
76305161
76311689
76327897
76333334
76345011
76346379
76380957
76389371
76390489
76426643
76435907
76469017
76473242
76476285
76491831
76493640
76493893
76518897
76524548
76545545
76548677
76560003
76562277
76567660
76632431
76671180
76672184
76679836
76680491
76686766
76689445
76706301
76707972
76716386
76720142
76728558
76745400
76777392
76794844
76835895
76848094
76851293
76854459
76865302
76906667
76935810
76938555
76948859
76949364
76956100
76976432
76993734
76995468
77007901
77064526
77077398
77119070
77141192
77154740
77157178
77177583
77201224
77209486
77215382
77237140
77244008
77255053
77280645
77323037
77342929
77353058
77358195
77382033
77392443
77393085
77433448
77444343
77455245
77456627
77458237
77488558
77493881
77506549
77512187
77518754
77527508
77576053
77588975
77604662
77606167
77606808
77614544
77614951
77642949
77665870
77691832
77718531
77731755
77736979
77746732
77754609
77776611
77780198
77784686
77795363
77801864
77809690
77822261
77844043
77860156
77890338
77893973
77902092
77911237
77915059
77924321
77927732
77929923
77942819
77975549
77984138
78017188
78029609
78058657
78059272
78067214
78094833
78109205
78115277
78118358
78126824
78143751
78157424
78157780
78178115
78187005
78202273
78210366
78234305
78241104
78243825
78250848
78251084
78270923
78276259
78279985
78296933
78298715
78309284
78325068
78335496
78340122
78344581
78386656
78389219
78398227
78406132
78413029
78416809
78439573
78450032
78458205
78461892
78480137
78480812
78486239
78533936
78537330
78541278
78542365
78543018
78605111
78617406
78642510
78645515
78670918
78671725
78677023
78683424
78683599
78712363
78762512
78777208
78793602
78794834
78799825
78801955
78827381
78845389
78855797
78866674
78867343
78877560
78878098
78881931
78882031
78891093
78891677
78894167
78907212
78913246
78921681
78930222
78932259
78939637
78967926
78988265
78991204
79006464
79012210
79067642
79068859
79091065
79104034
79104576
79146542
79162682
79185386
79190745
79195952
79214529
79221379
79227263
79232977
79236408
79250712
79254283
79264227
79280720
79300447
79344938
79356543
79386350
79392193
79393311
79442136
79481538
79485456
79490575
79498153
79500490
79519917
79542307
79549640
79555780
79562674
79598530
79607752
79644593
79645985
79647638
79655567
79663198
79691738
79698376
79723321
79725753
79754848
79763047
79765608
79772805
79777240
79777929
79856990
79877172
79938088
79952506
79953724
79955619
79958032
79991456
80004538
80005992
80009792
80014272
80014506
80014582
80027185
80040058
80073240
80086583
80091890
80094130
80118570
80123073
80125105
80133801
80151848
80152149
80162109
80178338
80184280
80194454
80195062
80202160
80203901
80239047
80288899
80295468
80313266
80356423
80371068
80372652
80374072
80375436
80392325
80398123
80420320
80425723
80435773
80453470
80461377
80515219
80515916
80517749
80532394
80544853
80550033
80558329
80567124
80597944
80622320
80628070
80634128
80645011
80646425
80664981
80681511
80683027
80717686
80729590
80741880
80752827
80767351
80767612
80805844
80814015
80832103
80833399
80838629
80839379
80875166
80886928
80897787
80912906
80915839
80926712
80941277
81004481
81004492
81033802
81039735
81049238
81055797
81072707
81096385
81105555
81107572
81111613
81112417
81136562
81147758
81160899
81164838
81181709
81189467
81240904
81241875
81294562
81296089
81306887
81320865
81329303
81352144
81357074
81361933
81368374
81413243
81418542
81444886
81466860
81489433
81497370
81498219
81507667
81510001
81528024
81540698
81551837
81552560
81558907
81561512
81561805
81596757
81648772
81652684
81654663
81659235
81671766
81680144
81684934
81689657
81690480
81700824
81705304
81708499
81712007
81745469
81747708
81750455
81751565
81752363
81753331
81754575
81761257
81764184
81783441
81811981
81827208
81845409
81850646
81865295
81893594
81896789
81909990
81912704
81923910
81941091
81948138
81971255
81973841
81974593
82016103
82022485
82026977
82028190
82038363
82038635
82043956
82043981
82070494
82094606
82100340
82164975
82187867
82193461
82193669
82200242
82225460
82233916
82267882
82297274
82312827
82341362
82382439
82385130
82390777
82400921
82410319
82446198
82454500
82465199
82499555
82514604
82523373
82530351
82553170
82560159
82567040
82570464
82571317
82574373
82575203
82609806
82626127
82628942
82637809
82645851
82665960
82666757
82689174
82691760
82696095
82697870
82708993
82716011
82727409
82735669
82743714
82745842
82774973
82795392
82806725
82808455
82812779
82824277
82837279
82841883
82857595
82888350
82923477
82933183
82938491
82939915
82944939
82949231
82955012
82961896
82980031
82994944
83003260
83016969
83032320
83063830
83073960
83077686
83107525
83116807
83120778
83127066
83129432
83129491
83140120
83153265
83162398
83203543
83215705
83218903
83221256
83224072
83227146
83232237
83239495
83257331
83267226
83269318
83281546
83292888
83295989
83302038
83319246
83334881
83336095
83338115
83340821
83343805
83346896
83348530
83350392
83357838
83358230
83366219
83376231
83393997
83396153
83396608
83409269
83412602
83421070
83452339
83459787
83467450
83470409
83484209
83505307
83512792
83524820
83539583
83541072
83545264
83563100
83572645
83596825
83598125
83612468
83618884
83620606
83622824
83636506
83638885
83640308
83649499
83651724
83658986
83707475
83708664
83710532
83711383
83718540
83722129
83732794
83737385
83739088
83740135
83747881
83760448
83779672
83789473
83789861
83799097
83801263
83815771
83848922
83853459
83862966
83866183
83894069
83897426
83899515
83929355
83932086
83953832
83956163
83981838
83985932
83986584
83988288
84003146
84053689
84063575
84069718
84080455
84086547
84087888
84094023
84101837
84110579
84115527
84128575
84138483
84145158
84148496
84149061
84215366
84228565
84233185
84235854
84240184
84252462
84255301
84262461
84274720
84275234
84276723
84278211
84288443
84304222
84315324
84336383
84363618
84372665
84373453
84407675
84413525
84422704
84423033
84438211
84445855
84475920
84481769
84485592
84492891
84509648
84510890
84514080
84524477
84538913
84542801
84550773
84554126
84577096
84598150
84608895
84612111
84612507
84633928
84640093
84641749
84643576
84652542
84653272
84657247
84666695
84675219
84675942
84675955
84701084
84719174
84738092
84743433
84748176
84755155
84770903
84772491
84772623
84775888
84781295
84786916
84792630
84796661
84802864
84817209
84831052
84838635
84845591
84857753
84867679
84870459
84882776
84883070
84887519
84896075
84896431
84904756
84908190
84909678
84909734
84919753
84938360
84944760
84945545
84958215
84992429
85008131
85008882
85021198
85022141
85024573
85072622
85076647
85080750
85080979
85085018
85107487
85120035
85131044
85146343
85151344
85152586
85157817
85167210
85186884
85189943
85199556
85208878
85226663
85232039
85233056
85247692
85252119
85281105
85306180
85341109
85343798
85349487
85351086
85365066
85370977
85371251
85379034
85384894
85387530
85398632
85407624
85416989
85419097
85422514
85424825
85426165
85434399
85439789
85461011
85463466
85466983
85467056
85469839
85470447
85481048
85495317
85497228
85497368
85509487
85524161
85539061
85560414
85560608
85573193
85580106
85584200
85590394
85593965
85621417
85624699
85628638
85649251
85651021
85656313
85672531
85677743
85682158
85694919
85702084
85709574
85748227
85767096
85770950
85779712
85781905
85782454
85811106
85833890
85834107
85837473
85859685
85864437
85880751
85884552
85895128
85931174
85938077
85938635
85971770
86020131
86023981
86029224
86031504
86042814
86058678
86062200
86079532
86138757
86164781
86177897
86178151
86187033
86198348
86230894
86242370
86259500
86268778
86288288
86289593
86293251
86306417
86309974
86312134
86333295
86335979
86357835
86358846
86366911
86372320
86376096
86389775
86396798
86402987
86409988
86410361
86410680
86414536
86420701
86426436
86429817
86436110
86447030
86448533
86457531
86469651
86473395
86477987
86478968
86490420
86497461
86499083
86516602
86525493
86531358
86538437
86553933
86569553
86573238
86574817
86627368
86645687
86658739
86659992
86668658
86670310
86748999
86760334
86807914
86818263
86826983
86879432
86888485
86893097
86896986
86905014
86907887
86916189
86930061
86955650
86966443
86966661
86970453
86982550
87002685
87006420
87043095
87067039
87067050
87098479
87100341
87103785
87112968
87130025
87132867
87148914
87152166
87164353
87177302
87178715
87179371
87182959
87196303
87206460
87242658
87251965
87255648
87261172
87271036
87273331
87283659
87297647
87298808
87302738
87311879
87323745
87352930
87371179
87404039
87407303
87409784
87417242
87432899
87445283
87486110
87489755
87504340
87504913
87563481
87565726
87587084
87589443
87609235
87614033
87614291
87622354
87624260
87624935
87658663
87699506
87703071
87720674
87723274
87753379
87781143
87795738
87801486
87808224
87808401
87822100
87822359
87827238
87829113
87829188
87843600
87844826
87854757
87857133
87868756
87877531
87881790
87923497
87923841
87961980
87988176
88035762
88061486
88063993
88076923
88077723
88079090
88079210
88081366
88086274
88102865
88103029
88110337
88122172
88139403
88142256
88144867
88165262
88165670
88171269
88174094
88176748
88178250
88198083
88209509
88210168
88229979
88231589
88251857
88278799
88284344
88286465
88296947
88305099
88311689
88347059
88364724
88373059
88377032
88387066
88396905
88404945
88410768
88419803
88425044
88430898
88435760
88437604
88464217
88470274
88475260
88493930
88519073
88521235
88545038
88546092
88546821
88555547
88570623
88585606
88596913
88596945
88610581
88614637
88620086
88630486
88639241
88639499
88651325
88653837
88680318
88683530
88688720
88691560
88695007
88699170
88702348
88703962
88708440
88717991
88760854
88770884
88772881
88786939
88807306
88807690
88810054
88816651
88831083
88867212
88925231
88933032
88945085
88969420
88993370
89004946
89012896
89020195
89051651
89087085
89101986
89130795
89136848
89145409
89145990
89146059
89152302
89156754
89175435
89180941
89182458
89199433
89236245
89239717
89241362
89244174
89253016
89261875
89272273
89284233
89302936
89307534
89310988
89323516
89324887
89338341
89338628
89366224
89369354
89379913
89388337
89412108
89423068
89424879
89430070
89472380
89481613
89509211
89509786
89521899
89530410
89539934
89548610
89561483
89561638
89603183
89611347
89613851
89619895
89622658
89624332
89635384
89637328
89647748
89659826
89668765
89672230
89685412
89685450
89686144
89689227
89690193
89713479
89713788
89718623
89722445
89759867
89770770
89803391
89814419
89818454
89820280
89835767
89855049
89856532
89868688
89868700
89880011
89901896
89910684
89913617
89915244
89922048
89944786
89968411
89982836
90009880
90017206
90025072
90031929
90033301
90041736
90042366
90049225
90107715
90120654
90135099
90143856
90157477
90160710
90165172
90165659
90176956
90177329
90226352
90227636
90244901
90247487
90260180
90297438
90313080
90318163
90321176
90327755
90332543
90332944
90339085
90346634
90361389
90371561
90372449
90374574
90381593
90423572
90424841
90449346
90478067
90492324
90526096
90533551
90542524
90549724
90550664
90558358
90586281
90590120
90591296
90592308
90594627
90648221
90657559
90667180
90687966
90698932
90708680
90718659
90721708
90725003
90733957
90743760
90765875
90778230
90781476
90822898
90846888
90861172
90863545
90899754
90902541
90907074
90912646
90914877
90935837
90937846
90950680
90953608
90956474
90960086
90963060
90963991
90969858
90970306
90976023
91009017
91034095
91036836
91054788
91096347
91118382
91122983
91152482
91162486
91184736
91193277
91199496
91207461
91211881
91271381
91302550
91319115
91322615
91356514
91370988
91381156
91388641
91408905
91411755
91413263
91414211
91420749
91424024
91424480
91444842
91451626
91475737
91522341
91549505
91563637
91565202
91602923
91644382
91693623
91698332
91699538
91700843
91701931
91720548
91726048
91754479
91778906
91794688
91803902
91810452
91815024
91821969
91825226
91826486
91834581
91840760
91845389
91853478
91867571
91879875
91890625
91893684
91898588
91900864
91904846
91937340
91937345
91944376
91950372
91953861
91981612
91985809
91990138
91996966
92005642
92032750
92034795
92063346
92094384
92099225
92118937
92135835
92155196
92178697
92202109
92225695
92236080
92239347
92248172
92275533
92281364
92288550
92296319
92297562
92313216
92313817
92322241
92325612
92337558
92347709
92357730
92362735
92379744
92381149
92387825
92404902
92409952
92411456
92414580
92424018
92452469
92463796
92509521
92512320
92521498
92533239
92538720
92546029
92552984
92563271
92577046
92625125
92635029
92661407
92661953
92671768
92689211
92689823
92693039
92698232
92699280
92701332
92720168
92742996
92789289
92790969
92813473
92814147
92816720
92817568
92817816
92824485
92836301
92843267
92860450
92884628
92890073
92893250
92916672
92944682
92956301
93024229
93025479
93091191
93101419
93103188
93110076
93112134
93118147
93131256
93142681
93159990
93160734
93166624
93168333
93182627
93194866
93214456
93215579
93235970
93237443
93246190
93250807
93253057
93254340
93266796
93276704
93293168
93293326
93297225
93334422
93344394
93365914
93378974
93380783
93382237
93406960
93412864
93414789
93420104
93446728
93498872
93525564
93526961
93540227
93542132
93589233
93599553
93614098
93622008
93634767
93642607
93668851
93670640
93684046
93684726
93685665
93688130
93691755
93716132
93716297
93723534
93763918
93768952
93769969
93788383
93792880
93817897
93823590
93831208
93840855
93872848
93881715
93881950
93900893
93902746
93905930
93923818
93925825
93939173
93951263
93968068
94019211
94054619
94067891
94080358
94095128
94099257
94122631
94128789
94138496
94146121
94151278
94153353
94189297
94196239
94198337
94214295
94224667
94226347
94243192
94253771
94257095
94266377
94270016
94284814
94296054
94315260
94322251
94350331
94353545
94365468
94387811
94425915
94432063
94434592
94439203
94439763
94449461
94453375
94459891
94465777
94484066
94492812
94500006
94506441
94527750
94530977
94537135
94538752
94542724
94544256
94556155
94570742
94581693
94611019
94611662
94652707
94655973
94657144
94669939
94679390
94682162
94688479
94690756
94696996
94701350
94708657
94738770
94752753
94762388
94764257
94764553
94771110
94771119
94794695
94798005
94824127
94827336
94854368
94880079
94906024
94928459
94928503
94936501
94937931
94942717
94959267
94970492
94970567
94972560
94989910
95006044
95027439
95027858
95040414
95055119
95056199
95059983
95062903
95080144
95091425
95094336
95107953
95108740
95119803
95120838
95124014
95124362
95124454
95134613
95160548
95161172
95165657
95180783
95187053
95199126
95207246
95208930
95223333
95230235
95245973
95286493
95293090
95297020
95313927
95326306
95333897
95334861
95342104
95342903
95348610
95364497
95371234
95383432
95383979
95397811
95408387
95448906
95449734
95457526
95459782
95463633
95491885
95518358
95518745
95528859
95544355
95560387
95560942
95564869
95568228
95579765
95581174
95591921
95600400
95604957
95615608
95637339
95645408
95650193
95658845
95664408
95670774
95724432
95736341
95743755
95755371
95769329
95771602
95774641
95776695
95777343
95782453
95782661
95812134
95812642
95832425
95856711
95870462
95873624
95881298
95882266
95890707
95919476
95922034
95922855
95925208
95926193
95953961
95961395
95973835
95976927
95983387
95992744
96020066
96033835
96049966
96055144
96057699
96062815
96069420
96098757
96118553
96125626
96137066
96155563
96162485
96164501
96170043
96171383
96175726
96181032
96210581
96244987
96254516
96263869
96264178
96270240
96278162
96280361
96291966
96292409
96298442
96308358
96314299
96320011
96328815
96330336
96338708
96348893
96350533
96369657
96371835
96386217
96387967
96390452
96406457
96427245
96434245
96436695
96439739
96462342
96471055
96473532
96480548
96494214
96497332
96509421
96518223
96520121
96521887
96525657
96531643
96532733
96563640
96570211
96580324
96583721
96594725
96608170
96624808
96626450
96629461
96639857
96649604
96656271
96662716
96664243
96682938
96688201
96724901
96737942
96751756
96754123
96766674
96766942
96768097
96776385
96783286
96783334
96799026
96804254
96827643
96836384
96852103
96857382
96892490
96924799
96929174
96942334
96962450
96967453
96983094
96995827
97003140
97036250
97038057
97043881
97061709
97062389
97070282
97077357
97084862
97087973
97090599
97092771
97093252
97097621
97113800
97142344
97142555
97159816
97165059
97167456
97184895
97206542
97221745
97221972
97222893
97232249
97239820
97254842
97260011
97272181
97283252
97292051
97325214
97332326
97346152
97361126
97368192
97376487
97377386
97377489
97384409
97388008
97399036
97403087
97404429
97408001
97409677
97411956
97414750
97434956
97438171
97461521
97474647
97484158
97487113
97487259
97488313
97489953
97496749
97500158
97504956
97504965
97507634
97517601
97521454
97525245
97545498
97548092
97553328
97553764
97555283
97563154
97564428
97568394
97574587
97586913
97591006
97593960
97606694
97619748
97630657
97634346
97647439
97661193
97676754
97689653
97700098
97709203
97711385
97771605
97789114
97789423
97799229
97810292
97812297
97817488
97824334
97838046
97854730
97865441
97875514
97914392
97927724
97935350
97968533
98006104
98006180
98012938
98030644
98083788
98084394
98088220
98088393
98097110
98104568
98112800
98121391
98126400
98142729
98154584
98158035
98159376
98198881
98207183
98246820
98246871
98275964
98277377
98290038
98309427
98335939
98337523
98371336
98382979
98384483
98388840
98393057
98417475
98446476
98473882
98474281
98474616
98476125
98497117
98506169
98562729
98588301
98592747
98646338
98672913
98730685
98743990
98763091
98769760
98776458
98786505
98800175
98845200
98881139
98891882
98905461
98907851
98912267
98934356
98938727
98951990
98967180
98970180
98980404
99033013
99037461
99041453
99047135
99053038
99079861
99080110
99085718
99100888
99136756
99139207
99143921
99159363
99204784
99223327
99283693
99298944
99304888
99316423
99347970
99375065
99390105
99436220
99461982
99477152
99487180
99488376
99512485
99515485
99528477
99540502
99545871
99548055
99589151
99624883
99627735
99633611
99646044
99646618
99659882
99660077
99677361
99686660
99688103
99719972
99735074
99793452
99802420
99807169
99808263
99853686
99869994
99871272
99872379
99877089
99892132
99901372
99901899
99917935
99920141
99934267
99962812
99973309
99978769
99987966
100014818
100019337
100023671
100041218
100048206
100050127
100052271
100119583
100128819
100162491
100167741
100171598
100177240
100193922
100195871
100202290
100206306
100209307
100212567
100248988
100254812
100275862
100288556
100291919
100295889
100308503
100324374
100349311
100379444
100421020
100429333
100439663
100448712
100453730
100459137
100463959
100466053
100470753
100478646
100486321
100493041
100495435
100549242
100557928
100558917
100577995
100582949
100607570
100628471
100633648
100634291
100635658
100641477
100654379
100660441
100682997
100736238
100742048
100744528
100745265
100751078
100757648
100765753
100781933
100809398
100846224
100870770
100902240
100935130
100973797
100979309
100982264
100984483
101002701
101005339
101026599
101026707
101039143
101057533
101060209
101071560
101071582
101086253
101115636
101132927
101161388
101164473
101168413
101170687
101171032
101178493
101186641
101188170
101199991
101201365
101232942
101240233
101252687
101278337
101293596
101295387
101329902
101349130
101366357
101383241
101390420
101415224
101420580
101427619
101443646
101558331
101586477
101598054
101618824
101700847
101718880
101741542
101758332
101771475
101776554
101802915
101802993
101815399
101822925
101832185
101835477
101842076
101842685
101861415
101868121
101872849
101888839
101903948
101912152
101916226
101923291
101931957
101953348
101954852
102013535
102018776
102022620
102024851
102031454
102033414
102038945
102047910
102049989
102053293
102057929
102106953
102110380
102118340
102122962
102152303
102164295
102175147
102175803
102204647
102212721
102232461
102232622
102234322
102236451
102240549
102279421
102286942
102318790
102321881
102338604
102342852
102413246
102420790
102425086
102465036
102477606
102495975
102501934
102507345
102509533
102557537
102563031
102581372
102600650
102629900
102636462
102641405
102659967
102665432
102677928
102685961
102700019
102744605
102749675
102762862
102763086
102771110
102781691
102793630
102814686
102893941
102895798
102906384
102906648
102920588
102923241
102927206
102928801
102979792
102986773
103008432
103009472
103029543
103041005
103045277
103047933
103048032
103059279
103059702
103081860
103082362
103082602
103093126
103094666
103109212
103109585
103111047
103111246
103122361
103126571
103144537
103175237
103178694
103181557
103184361
103248615
103252880
103253629
103300597
103308942
103312455
103323826
103330072
103334999
103337586
103351506
103357871
103366474
103379104
103379762
103385538
103385724
103414418
103431937
103444132
103447100
103447566
103450279
103495171
103504096
103586450
103615379
103616863
103625434
103632537
103641022
103660112
103670967
103684406
103686423
103698019
103731877
103738020
103760494
103790303
103807219
103847986
103852741
103865334
103887394
103898534
103922265
103944911
103945918
103972330
103974835
103981541
104000691
104007131
104010133
104019968
104024435
104100699
104107698
104131699
104145463
104145958
104147270
104148906
104151403
104163105
104165895
104171650
104177734
104182431
104192262
104229325
104272671
104273004
104291016
104297023
104300914
104302943
104317321
104322131
104335879
104338018
104338954
104343344
104349423
104366648
104367889
104390906
104415545
104416893
104445333
104451791
104472416
104486991
104515824
104540848
104575004
104641627
104666812
104680497
104690379
104696615
104709373
104737663
104747131
104753267
104773697
104783850
104815736
104835002
104851829
104898057
104920935
104938506
104955001
105121676
105159799
105164754
105189136
105197417
105197648
105242685
105279993
105318065
105333696
105346256
105347325
105357913
105358165
105378506
105404753
105418424
105421598
105427097
105439743
105465360
105472182
105503673
105518933
105540312
105551269
105553047
105569189
105576063
105576626
105579996
105590063
105591188
105610474
105634623
105673174
105685224
105698607
105713574
105725860
105778016
105802008
105812661
105821163
105832588
105876489
105879468
105895027
105899820
105919400
105957892
105960555
105992965
106005530
106015724
106032544
106046250
106058066
106074030
106076074
106098504
106099311
106105108
106122223
106131589
106143347
106158657
106170960
106177319
106190874
106192713
106195232
106197823
106206648
106209150
106211497
106222814
106233638
106247308
106262798
106265056
106276268
106288560
106309670
106311873
106340740
106345554
106346024
106358250
106398643
106405945
106406751
106436758
106440708
106464865
106466710
106474363
106474457
106489034
106553038
106582635
106611615
106645320
106658240
106662547
106668622
106670277
106694358
106783322
106820586
106826470
106841243
106845202
106853898
106875165
106877388
106923052
106944021
106951208
106987667
106988680
106996890
106997749
107006038
107014773
107072138
107082699
107098654
107106581
107116432
107123768
107150730
107170068
107181744
107189498
107196607
107201410
107223610
107288138
107291209
107297821
107314732
107344777
107350448
107352025
107353316
107358407
107405430
107412213
107414507
107439103
107482531
107508193
107510028
107521039
107533805
107567107
107605619
107617084
107642600
107659117
107660571
107662842
107687518
107705767
107739222
107749429
107753760
107760413
107762383
107763602
107788173
107795241
107854239
107880163
107880353
107900349
107906992
107926397
107933463
107947930
107953241
107970433
107974121
107975116
107982405
107982826
107987269
107995607
108024893
108057768
108085497
108093685
108132815
108176670
108176933
108195911
108206461
108209119
108242463
108365425
108379066
108395690
108397743
108416044
108426586
108439618
108473830
108532271
108559186
108577372
108581955
108593961
108606752
108615656
108616660
108618040
108623894
108637918
108663715
108711063
108713549
108727376
108742354
108757646
108773797
108782793
108792978
108795460
108801049
108803152
108808170
108815540
108836550
108842659
108845722
108847199
108862858
108878314
108878515
108900672
108902244
108903955
108924356
109015230
109020225
109023254
109024244
109041592
109043111
109044659
109048009
109065866
109094430
109115901
109139565
109145732
109147217
109226126
109252470
109261961
109266369
109267511
109276903
109299350
109300780
109306446
109307253
109313496
109321700
109328639
109340641
109379273
109380483
109408983
109412050
109432800
109496030
109500196
109506429
109507996
109527477
109528239
109535580
109552569
109572828
109573799
109606248
109623152
109674330
109684064
109703815
109733510
109764855
109789581
109803023
109813524
109851457
109872446
109885859
109904729
109984758
110021988
110026023
110029792
110037991
110076366
110106510
110129001
110136043
110151746
110167359
110187056
110233289
110235536
110254172
110321972
110330331
110331115
110352271
110354944
110361081
110364906
110368744
110376355
110380547
110391255
110420496
110439891
110538658
110561505
110571328
110583167
110592335
110596055
110621226
110663993
110691125
110691903
110729370
110740182
110747540
110748999
110795512
110806172
110814619
110816843
110817698
110822510
110874788
110883220
110887641
110907065
110948181
110976198
110982436
111000539
111020138
111040404
111046565
111047964
111063531
111065235
111074964
111125419
111157801
111158433
111188891
111201093
111203407
111209729
111212464
111231724
111324212
111334206
111348777
111367676
111372338
111386390
111394324
111402375
111447781
111456626
111481255
111487575
111490875
111500360
111516138
111552232
111574317
111575954
111590920
111606707
111608153
111670870
111809922
111847426
111848827
111852663
111852856
111860187
111927569
111939421
111973103
112074642
112081552
112082942
112085340
112091667
112092739
112100684
112101492
112113417
112122863
112177604
112257183
112319922
112337103
112369712
112437482
112441496
112448015
112465232
112523211
112572349
112585637
112595597
112607527
112608387
112645783
112647640
112655777
112667242
112672116
112674375
112692452
112703414
112738135
112778688
112782022
112806313
112811607
112820128
112820828
112821911
112832770
112858740
112865856
112888157
112888628
112897207
112902180
112911346
112917145
112922653
112934457
112952064
112976298
112984642
112988685
112991421
113076814
113107702
113110066
113123643
113123868
113130815
113132903
113145592
113182244
113187729
113199222
113199349
113212840
113221707
113227315
113273146
113301029
113302398
113308806
113309865
113310862
113312618
113313653
113354056
113355991
113356518
113377818
113389580
113406811
113428343
113451462
113482035
113484401
113494077
113495344
113511050
113511806
113523624
113534368
113540576
113546759
113568129
113575281
113653153
113682499
113685438
113692598
113705295
113718899
113724301
113735213
113737702
113740588
113769481
113801921
113829775
113840591
113862625
113865302
113888802
113902359
113904649
113921824
113931409
113934140
113942793
113957922
113960573
113982286
113985202
114056000
114085742
114128801
114145018
114146031
114160113
114162546
114163641
114177587
114226792
114239111
114251335
114276823
114293698
114318638
114364905
114413178
114413777
114415334
114418288
114423982
114442740
114445905
114449602
114449994
114473373
114478992
114483160
114488340
114498466
114519243
114521597
114532695
114542063
114583344
114630621
114638237
114651607
114660168
114670036
114679211
114712938
114718363
114733472
114752013
114764458
114797681
114873155
114896989
114926815
114958118
114958976
115009690
115023010
115028842
115033751
115053374
115060696
115064001
115065717
115072890
115079699
115101805
115112923
115126699
115129281
115134111
115156953
115175412
115177081
115187925
115192493
115201642
115217610
115221465
115233242
115234432
115236738
115253369
115258240
115260343
115289421
115316685
115354929
115390501
115433198
115433248
115454184
115475490
115480804
115485584
115492548
115505365
115506100
115528283
115579336
115587712
115673702
115688090
115697153
115710190
115733563
115785171
115810156
115848452
115849164
115858459
115920241
115940757
115953301
115967388
115980465
115981100
115983847
115993218
116030555
116035724
116103283
116103295
116132501
116136816
116148682
116199201
116214112
116253246
116271517
116273924
116309710
116311340
116329455
116347928
116364996
116366737
116400507
116414725
116423567
116426407
116434851
116479719
116497783
116508598
116525651
116533870
116539787
116551638
116575922
116582561
116605066
116609273
116624204
116646369
116682925
116690079
116698827
116756124
116759905
116760372
116782919
116789594
116794856
116837413
116850149
116859696
116939124
116945277
116961482
116992796
117009336
117021564
117038884
117045827
117046773
117069375
117072024
117078504
117083932
117108739
117117789
117144141
117152061
117162977
117197555
117216179
117229492
117246656
117251481
117272338
117290961
117301012
117304134
117423652
117435951
117443118
117479888
117490458
117513142
117526219
117548201
117578406
117604444
117654054
117682311
117689168
117689233
117695369
117697052
117715913
117729500
117732071
117781015
117783815
117789640
117801776
117802449
117845572
117873101
117881727
117886796
117909452
117940403
117961076
117964419
117975611
117978185
117979056
118014560
118021488
118032606
118032884
118109257
118124362
118145255
118180247
118193464
118194186
118225670
118231004
118232948
118249135
118269979
118285831
118293227
118370143
118386467
118395567
118426427
118436052
118447725
118450350
118468850
118479290
118511893
118535768
118537714
118553347
118556762
118558046
118563686
118579230
118582922
118592630
118610757
118616037
118621900
118626955
118634938
118649548
118673814
118682461
118710071
118710950
118718354
118737539
118738318
118756277
118757100
118772522
118790676
118793218
118794426
118799012
118801868
118808516
118808840
118830485
118836530
118897521
118898687
118902788
118903839
118905620
118913296
118966260
118969221
118979403
118991404
118997419
118999227
119005604
119038398
119041849
119054921
119065937
119147779
119172493
119207174
119208948
119217210
119224429
119227845
119230418
119278210
119324484
119353772
119361779
119429148
119431427
119437538
119447810
119463755
119485384
119512658
119519424
119519789
119520111
119528377
119529436
119535612
119549364
119568436
119570721
119577751
119577779
119580059
119587425
119588230
119591068
119600167
119619569
119658067
119692890
119712611
119725881
119725928
119745174
119757793
119783319
119809860
119818468
119823926
119827561
119840027
119913149
119914189
119926013
119935664
119946333
120009656
120013351
120085012
120111622
120143429
120161671
120228386
120247633
120249401
120263429
120275428
120363555
120401229
120450682
120472687
120478958
120480311
120485245
120487861
120491407
120523587
120527730
120592690
120592927
120601874
120604627
120613494
120641734
120683997
120700372
120712937
120737425
120740055
120747596
120749253
120756713
120757100
120779733
120789818
120790916
120813278
120814545
120833633
120860746
120866546
120872775
120894295
120928427
120938372
120962929
120967647
121010520
121054826
121106005
121109660
121109852
121114361
121124965
121134545
121185524
121208238
121214637
121217933
121220780
121223070
121223874
121250141
121254929
121280044
121284813
121286931
121308109
121326397
121338411
121340563
121341133
121359295
121364353
121380037
121399445
121400479
121416043
121425776
121429993
121430670
121431543
121436358
121454095
121455969
121489702
121491620
121518788
121529226
121548786
121573549
121621355
121636452
121660525
121668599
121669475
121676330
121688196
121693322
121700306
121702773
121706286
121706396
121740560
121771550
121782097
121794798
121796873
121803788
121804083
121815260
121823273
121825275
121832632
121839908
121849475
121850685
121867567
121907263
121916266
121928723
121991445
121996164
122001452
122032256
122032934
122058781
122064546
122066607
122085333
122095173
122126523
122127830
122135231
122135997
122140232
122149552
122167924
122177168
122186469
122211656
122225384
122258463
122263550
122264505
122266564
122279191
122299685
122307904
122316656
122318721
122320600
122341418
122359377
122383417
122383709
122385770
122405786
122414163
122424114
122425594
122439524
122444041
122456496
122493369
122500638
122534092
122538178
122549331
122561437
122587926
122589674
122609372
122683163
122697722
122698192
122706543
122715181
122717313
122737895
122742496
122746766
122772311
122773229
122802356
122823199
122823411
122826539
122837175
122846123
122852577
122882227
122959476
123000190
123027675
123052248
123053034
123069353
123093520
123135307
123143970
123150583
123162511
123174901
123189880
123231980
123254783
123288105
123296163
123307582
123358467
123391992
123401042
123410866
123414953
123415420
123452025
123483855
123521766
123534107
123544972
123565036
123566568
123592201
123601211
123629967
123638560
123718182
123720863
123725530
123776310
123776426
123810150
123841853
123846384
123850124
123860215
123863548
123890483
123947678
123980300
123995350
124006851
124011818
124022674
124027470
124046507
124063870
124067642
124090726
124114912
124145895
124184319
124185401
124213314
124221230
124222079
124227136
124236762
124253232
124277955
124298528
124300495
124307669
124315711
124320453
124320812
124344120
124354455
124372719
124408399
124409256
124410848
124422670
124423808
124424212
124430289
124469717
124474157
124476057
124476134
124482306
124482384
124488571
124489338
124490968
124510862
124512535
124521761
124540946
124541044
124543165
124545140
124554310
124563378
124620589
124681478
124700491
124757935
124763563
124770234
124782878
124789073
124810097
124817001
124820825
124836703
124853845
124894118
124900503
124903718
124905110
124923977
124925824
124943436
124949536
124968063
124977441
124995388
125101105
125116840
125161685
125169791
125172472
125184972
125203165
125208348
125274493
125314622
125332608
125353666
125357721
125364396
125367376
125389259
125395410
125406296
125414774
125415915
125419122
125437981
125452622
125468203
125489553
125512488
125523892
125549962
125551230
125556303
125564335
125585418
125599375
125614581
125636894
125646309
125659859
125743652
125746517
125764780
125771995
125813451
125818419
125840046
125851866
125861200
125876713
125882881
125887062
125893363
125893961
125920198
126014632
126025027
126026166
126052376
126066828
126083375
126099377
126114798
126116181
126159684
126168673
126175247
126186736
126190191
126211887
126216417
126266315
126290677
126304220
126315644
126316201
126373371
126377189
126382341
126386948
126403426
126408643
126411316
126412937
126417897
126431352
126433179
126440154
126443267
126496450
126501553
126512270
126551459
126586347
126599563
126600062
126601074
126652858
126668025
126720209
126722732
126737992
126746721
126757134
126803586
126888538
126914801
126963155
127010631
127016166
127019149
127041538
127056215
127067329
127071386
127074703
127104860
127152543
127279333
127285718
127299174
127322694
127348588
127392813
127413225
127451004
127457606
127481738
127498877
127668605
127720733
127731357
127738764
127771717
127789081
127827065
127834484
127851505
127901166
127911885
127926784
127951488
127986878
127987060
128002439
128027112
128035513
128041910
128055174
128064332
128088824
128109686
128194837
128261796
128303784
128321650
128356567
128375170
128412522
128460785
128491515
128545188
128617035
128813773
128817080
128821733
128831293
128943183
128950635
128988150
128992874
129023581
129077289
129106659
129175531
129176946
129301426
129357756
129364893
129364996
129405715
129468412
129490968
129493687
129544046
129593820
129622863
129671474
129694856
129698588
129703078
129810275
129814206
129867694
129878171
129944468
129984763
129992970
130017675
130073327
130099169
130119998
130124517
130190710
130203322
130240303
130242062
130244577
130255713
130286588
130308837
130440765
130470747
130492146
130545774
130589141
130608614
130654692
130663236
130708115
130766957
130868586
130925391
130935278
131005045
131039506
131203741
131224898
131243227
131306315
131373260
131390869
131467285
131485222
131485376
131493656
131501691
131502082
131502874
131504288
131521542
131526694
131531622
131534738
131538126
131556999
131564018
131594867
131601118
131603793
131607983
131614635
131617905
131621730
131622298
131642253
131645165
131647461
131655276
131661387
131675779
131678764
131680879
131683684
131687072
131712371
131714531
131725023
131736799
131748706
131754127
131755023
131779768
131794396
131795189
131797557
131798334
131804365
131808755
131814039
131815439
131835148
131839228
131855791
131862348
131867208
131898186
131907519
131907573
131910680
131923534
131924842
131925884
131932978
131939995
131948764
131949763
131959671
131971332
131978355
131985026
131991246
131991368
132000756
132001794
132017096
132019020
132020659
132039659
132053785
132054406
132065297
132068886
132074113
132076919
132090035
132091423
132107342
132112256
132139789
132164496
132166164
132179462
132180989
132184058
132198107
132209334
132221608
132224983
132225657
132227526
132228887
132233629
132236610
132239389
132241514
132248665
132249741
132256230
132269666
132277682
132284773
132288713
132296911
132301679
132319706
132332115
132344060
132352851
132353263
132360670
132361628
132364963
132371645
132399608
132432475
132445903
132453672
132454061
132473355
132476062
132512866
132520799
132526478
132528477
132529650
132545919
132553165
132557174
132558514
132559245
132561509
132567865
132578150
132580494
132580559
132583066
132599666
132600199
132603670
132604491
132630996
132639685
132642393
132649389
132650601
132656552
132657459
132675558
132678706
132704862
132705066
132718965
132720728
132723353
132725411
132728991
132752747
132756518
132757478
132759088
132765440
132774342
132778833
132786030
132792588
132798245
132800102
132801665
132813363
132821185
132822329
132824143
132825564
132840250
132851751
132853873
132857723
132862785
132870557
132880115
132884238
132907747
132911220
132916432
132943492
132944700
132971587
132991910
133001007
133008892
133012327
133015847
133026179
133044174
133045235
133054149
133059597
133066030
133067019
133076189
133100319
133102247
133106914
133111939
133114743
133116722
133135001
133169561
133170211
133172810
133183681
133184637
133191152
133193558
133198498
133199765
133210063
133211075
133232914
133243980
133244309
133251193
133261989
133262506
133265305
133267447
133267769
133271820
133278420
133284858
133292888
133296580
133305235
133312311
133312448
133312483
133317479
133335396
133344303
133352702
133360334
133370821
133371104
133386755
133394407
133407953
133429260
133441500
133448573
133456310
133456909
133462137
133478568
133488851
133496435
133497222
133498072
133500517
133502562
133503197
133520250
133525690
133528447
133534230
133541366
133543638
133545030
133552162
133563764
133577849
133582168
133585953
133589120
133589125
133597455
133599930
133600513
133604836
133607029
133611313
133613583
133616925
133617338
133634017
133638304
133647430
133686591
133691282
133693247
133698220
133699572
133706827
133711061
133733140
133747078
133748728
133751812
133769519
133779442
133800417
133807649
133813591
133827110
133832184
133832789
133842256
133843258
133850891
133851809
133853351
133861007
133868594
133877704
133880202
133885530
133894810
133896467
133915239
133921321
133930343
133934138
133939705
133941873
133941918
133942146
133943862
133944471
133962684
133963672
133967819
133973210
133974907
133983590
134002326
134003853
134011130
134011603
134015706
134015787
134024478
134031356
134038670
134046889
134048605
134054026
134058932
134064569
134067573
134068137
134073390
134080681
134090047
134091940
134095818
134105694
134106076
134116403
134118416
134122192
134126756
134140179
134142391
134146316
134154960
134165891
134166652
134169299
134184731
134187032
134191859
134196378
134208306
134216725
134218548
134224903
134226114
134226142
134227592
134231812
134234345
134240590
134244519
134255841
134268927
134284789
134302590
134303634
134306210
134311512
134312854
134322932
134348489
134350075
134359519
134372057
134373567
134380602
134387235
134389964
134394958
134398577
134399978
134401190
134402947
134403411
134405821
134408060
134408861
134417749
134418851
134423596
134426604
134428357
134430576
134433787
134440981
134448876
134464157
134469368
134469745
134482077
134504823
134527702
134528032
134539825
134540088
134545065
134554946
134555200
134564667
134565550
134567093
134592780
134598182
134599115
134601113
134607974
134608222
134611723
134619860
134627826
134628254
134632962
134633249
134633421
134637810
134638945
134649731
134663430
134665026
134671093
134677593
134681440
134683857
134684035
134685164
134685891
134689123
134691279
134701983
134709411
134713327
134718076
134729296
134734563
134739879
134740345
134748755
134750101
134760696
134769468
134771970
134773850
134775791
134784182
134790698
134802374
134811422
134818920
134825742
134826170
134829497
134829643
134829831
134830824
134839388
134847648
134847990
134850009
134855036
134865441
134870420
134874160
134875926
134880581
134886847
134898220
134899118
134908829
134915461
134923374
134973042
134991263
134996712
135002258
135020770
135024306
135026228
135035607
135043272
135044703
135059489
135070811
135081039
135081158
135083631
135090679
135097769
135107637
135129142
135130117
135153847
135159856
135161345
135166077
135167415
135174958
135178010
135181130
135187132
135194742
135203030
135207083
135211860
135214540
135233167
135238556
135243550
135270941
135274446
135290336
135293303
135301314
135302357
135319646
135319744
135328695
135330999
135337666
135340125
135348747
135377448
135379261
135381143
135381943
135384853
135390552
135392159
135407670
135408520
135410169
135414521
135421093
135436471
135439417
135441750
135453558
135455051
135455860
135457119
135459803
135491684
135494008
135503051
135524260
135526693
135530455
135530607
135531049
135534664
135535741
135556702
135568843
135572519
135589702
135593925
135597172
135597739
135601577
135612136
135612346
135620391
135627747
135627852
135631509
135631826
135632698
135635387
135655984
135663130
135675222
135677796
135683617
135695679
135696129
135696374
135707462
135714622
135715758
135722430
135724229
135731265
135748582
135751005
135768818
135774069
135774798
135780181
135780905
135785426
135803858
135807297
135807390
135824059
135825525
135826280
135829819
135838331
135840034
135846646
135851445
135881221
135883538
135897186
135911209
135912013
135918779
135921599
135927939
135932258
135932561
135933144
135944983
135955724
135961980
135986449
135993281
135996222
136001740
136004251
136004360
136021854
136022894
136023613
136036578
136038187
136040595
136043791
136046631
136050632
136052529
136056065
136056835
136059352
136059865
136061139
136066944
136068823
136069311
136077801
136086826
136087703
136091504
136095066
136095351
136097993
136101181
136122558
136124508
136124584
136139284
136149549
136149854
136165126
136170611
136170808
136186909
136194964
136197410
136214411
136224940
136225123
136255964
136257215
136261017
136280123
136288418
136302474
136307789
136318630
136324755
136329144
136334412
136339636
136340277
136346374
136361169
136364713
136366673
136368035
136370978
136379565
136380140
136384537
136386806
136402462
136407695
136417782
136440721
136442721
136444765
136459123
136470291
136470802
136474201
136474243
136498610
136507477
136533676
136536621
136543862
136557469
136561985
136566466
136572303
136578955
136582260
136595524
136602123
136614891
136615003
136618516
136619538
136621288
136621860
136638229
136644274
136649110
136654193
136658132
136659894
136665691
136672163
136672167
136680395
136683169
136693628
136703046
136703560
136710015
136714252
136718682
136745585
136747808
136750485
136764415
136766515
136768330
136773057
136778365
136786748
136787988
136802296
136812773
136815313
136817450
136828625
136830732
136831533
136835228
136844025
136845463
136848398
136857280
136857872
136863459
136867082
136872863
136875581
136881842
136883222
136898832
136900301
136918670
136924730
136931377
136942441
136947394
136951057
136955134
136964121
136975708
136976698
136980452
136987946
137002818
137003587
137008348
137011807
137014400
137024788
137026592
137027731
137034066
137048459
137052230
137053009
137056126
137063790
137065215
137066183
137085574
137090005
137119288
137124665
137126023
137150561
137154192
137174873
137175359
137175821
137184766
137189922
137191051
137226551
137230693
137240242
137241421
137241630
137250765
137255217
137267980
137280265
137280658
137283350
137283542
137290660
137292001
137306583
137309218
137310163
137311239
137326893
137330990
137331031
137336058
137337090
137342995
137350964
137352862
137362524
137372449
137381097
137403567
137406538
137407824
137428365
137429280
137434589
137455131
137464923
137475214
137478510
137482230
137493842
137503103
137507584
137521189
137524975
137525468
137535280
137537274
137550059
137552715
137568224
137569362
137571763
137572377
137579457
137580447
137587860
137591689
137603155
137606187
137608326
137612277
137615987
137638350
137638904
137645237
137652234
137652546
137655552
137656813
137663497
137670779
137670839
137687397
137698772
137705785
137711386
137714925
137719041
137719242
137739599
137759685
137768318
137777656
137779531
137781985
137783567
137789909
137792467
137795986
137796692
137814373
137818424
137820869
137829769
137832906
137834581
137835791
137839976
137851988
137857411
137860485
137869459
137880625
137881849
137890776
137891879
137897103
137901559
137903971
137905218
137909351
137916088
137918741
137922684
137924788
137927012
137929999
137938788
137943080
137950101
137958427
137986691
137996399
137999075
138003273
138004276
138010383
138010844
138013771
138022457
138023010
138023714
138027815
138033702
138039284
138042647
138049926
138052854
138053187
138059185
138060868
138070238
138074096
138074329
138075233
138075444
138083713
138096460
138104375
138104617
138113715
138124895
138125950
138131541
138139276
138143654
138145973
138146462
138152636
138154215
138157102
138163610
138167515
138168363
138172699
138176430
138177506
138179426
138180042
138180328
138182619
138188049
138195639
138209069
138226141
138233280
138238379
138238902
138241591
138245250
138251085
138255308
138275129
138282136
138288377
138291649
138301221
138310277
138328059
138328806
138329114
138335195
138335199
138335810
138337876
138339009
138346818
138347152
138348419
138351504
138356481
138362201
138364269
138392924
138393595
138402818
138404302
138415975
138419708
138421835
138424876
138434846
138443534
138446325
138447924
138475966
138503653
138505209
138508282
138512871
138524528
138530936
138532445
138532877
138532881
138534781
138536136
138552290
138552567
138558699
138565467
138574245
138580106
138582650
138593971
138599121
138603151
138609677
138610066
138613812
138618003
138618135
138625666
138629571
138638487
138644936
138653797
138659099
138670548
138673336
138677071
138682086
138685440
138694292
138703543
138711260
138713348
138715316
138721154
138727269
138727393
138728303
138730035
138745297
138756728
138758306
138759958
138775496
138777002
138791762
138794630
138807018
138820024
138825787
138830140
138860354
138870684
138880496
138892308
138895876
138899318
138899804
138901615
138904001
138923180
138923683
138933974
138934430
138936038
138950253
138953441
138953826
138958457
138964136
138964420
138965101
138968909
138969503
138975058
138977242
138982360
138987407
139003046
139003122
139003762
139003929
139025682
139028354
139032944
139037337
139039155
139039164
139045530
139048581
139061591
139062641
139065881
139074723
139075832
139079019
139081330
139106985
139108948
139120453
139141028
139151098
139155619
139157313
139166754
139172709
139175627
139178155
139178901
139194984
139197374
139206970
139214278
139224488
139227822
139238025
139240809
139243004
139247849
139251159
139253421
139260352
139266490
139267489
139280514
139281459
139283497
139286190
139302048
139303123
139320605
139332845
139337579
139338853
139339893
139342632
139358846
139362129
139367756
139376734
139382617
139396214
139410609
139420580
139425049
139439734
139443839
139444645
139450491
139451090
139466590
139466926
139473607
139475773
139480618
139480955
139482516
139484046
139488421
139490218
139499250
139499389
139504362
139511869
139518776
139520643
139530323
139531695
139533191
139534216
139534637
139535269
139553039
139559113
139561256
139572792
139578422
139583628
139584220
139591176
139621627
139625717
139645241
139651066
139658446
139679385
139682745
139683502
139683709
139684873
139694847
139703538
139711003
139717146
139729005
139734799
139754833
139767991
139787001
139788292
139794088
139802881
139804450
139810803
139812712
139815569
139817425
139821271
139833640
139850349
139851518
139852029
139855401
139856113
139858953
139868026
139872811
139879541
139894106
139894387
139895625
139896627
139896917
139902918
139912536
139915032
139924466
139937062
139944405
139945876
139951616
139971102
139973509
139997787
139998292
140008720
140011893
140016454
140019457
140022945
140028817
140043647
140046783
140048335
140053906
140054641
140055590
140078572
140079164
140081265
140092853
140103563
140107951
140108089
140116810
140120146
140121010
140127198
140129119
140131033
140131249
140137433
140141456
140150257
140150993
140153538
140156027
140165600
140167626
140171275
140172039
140172313
140175160
140179603
140184023
140186893
140187326
140190450
140193442
140196204
140215174
140227051
140244309
140249664
140253036
140257947
140259173
140259928
140265165
140271991
140279417
140280416
140281602
140285769
140294099
140300563
140315940
140320281
140320369
140330508
140331344
140341862
140343773
140359015
140362750
140379218
140381770
140383685
140385590
140389288
140389601
140413674
140415310
140419660
140422270
140422651
140433386
140433899
140434028
140441871
140450469
140458599
140459916
140467899
140475709
140479769
140489135
140494446
140500416
140505811
140519399
140549141
140559368
140570791
140588848
140589307
140607691
140611080
140618354
140620137
140623497
140636917
140637384
140640640
140657506
140679612
140688862
140692085
140692602
140693893
140721171
140726182
140738377
140740609
140747373
140752072
140757727
140758607
140760112
140770954
140773166
140783703
140788801
140789725
140789924
140797944
140804155
140816693
140830316
140834621
140838966
140847129
140848267
140856583
140857682
140871611
140877831
140885980
140892660
140897345
140908879
140923057
140923513
140927856
140938172
140941856
140953199
140955369
140965770
140965964
140974343
140992348
141010041
141031172
141033525
141040361
141043517
141059964
141120533
141123600
141137130
141146344
141151663
141175512
141179816
141180518
141185137
141191252
141194970
141197022
141198932
141208531
141209691
141215868
141226176
141228533
141230241
141242625
141252247
141257069
141277887
141278840
141279921
141292367
141301051
141301971
141304675
141327047
141330680
141334735
141370638
141379749
141384564
141407403
141411471
141414290
141431250
141431512
141454350
141454890
141455260
141480812
141516165
141517821
141547155
141567863
141575491
141581572
141582307
141599694
141601291
141614819
141616307
141637518
141649622
141660995
141693360
141697067
141704590
141727157
141728773
141729546
141730933
141744565
141753164
141757692
141758470
141763270
141781329
141784296
141791293
141809576
141821315
141823452
141830916
141831470
141837473
141843155
141845053
141848250
141848812
141848824
141866626
141883099
141894367
141905153
141932386
141936055
141953794
141960034
141965890
141972068
142002395
142011301
142013092
142038828
142042007
142048701
142050403
142051356
142066469
142088926
142091423
142093896
142102205
142114188
142117816
142137909
142140472
142150116
142151364
142154582
142155067
142163197
142178905
142181547
142187644
142214708
142223279
142224626
142226961
142228886
142232948
142233715
142258343
142264002
142275463
142280603
142305336
142311779
142318382
142330583
142336585
142342642
142343589
142357647
142370846
142391409
142400528
142410559
142417604
142423470
142423685
142436009
142439927
142444393
142460314
142460350
142461112
142466156
142482531
142495610
142510618
142511400
142515359
142518805
142520059
142527127
142540641
142551833
142556034
142557358
142565615
142576356
142582565
142588995
142597706
142598138
142608287
142610794
142611612
142622399
142625120
142638025
142638371
142638547
142644132
142651303
142672243
142676928
142689000
142702770
142710165
142716025
142724865
142725375
142729193
142729530
142731090
142746469
142747179
142763861
142772547
142774507
142776609
142777115
142778126
142780132
142781824
142787089
142789408
142795315
142802114
142805162
142812204
142821035
142851219
142856393
142868683
142880291
142881714
142883710
142903605
142922629
142929832
142951506
142951960
142980694
142981487
142983484
143011139
143012415
143014764
143016611
143024394
143033547
143052308
143056196
143070621
143076874
143079066
143080108
143081571
143091292
143095205
143099969
143108050
143119420
143145850
143154357
143156978
143157300
143176815
143180518
143185770
143192494
143205757
143207792
143208689
143229946
143248632
143261618
143276834
143277611
143281268
143301362
143307548
143309094
143310182
143316932
143320510
143324232
143328407
143332276
143333875
143334049
143334440
143341101
143341553
143354828
143358667
143364027
143367995
143375313
143379428
143384141
143412220
143413371
143414831
143418194
143438839
143450976
143451716
143462477
143465037
143474990
143479599
143487088
143518584
143536998
143563061
143563642
143568047
143574844
143613024
143625679
143631617
143648279
143651007
143657971
143660525
143661858
143665783
143707262
143707376
143707990
143739820
143743794
143748372
143767061
143770189
143772729
143785839
143794484
143811876
143812734
143816213
143818365
143823151
143835580
143839653
143859012
143884889
143888169
143891991
143896801
143904089
143921534
143922530
143927327
143932241
143939434
143945915
143953948
143954860
143963897
143972544
143987380
143994466
144009135
144025774
144038308
144064343
144069756
144072332
144076289
144079720
144100167
144105549
144116444
144123918
144126185
144126413
144131996
144134069
144136775
144159045
144175010
144185328
144187245
144195323
144196881
144233746
144247283
144248065
144262036
144264928
144278037
144283876
144290856
144295377
144298329
144304000
144320940
144324152
144325402
144342451
144345644
144355153
144356228
144358646
144385578
144394335
144397549
144398784
144402753
144417423
144422518
144432021
144444226
144448632
144450513
144463413
144464650
144472764
144491408
144497496
144514547
144514651
144517905
144523336
144528670
144532915
144538758
144538767
144557693
144575800
144581037
144584219
144588617
144597361
144599093
144612985
144618153
144618777
144624136
144625995
144627184
144649198
144656468
144658398
144658950
144689279
144693521
144696107
144699886
144700267
144702366
144711970
144719237
144722313
144727473
144733268
144736105
144742409
144742744
144747281
144754142
144761035
144772012
144773292
144774533
144780169
144781044
144786322
144790803
144795728
144816052
144819321
144820097
144820940
144825817
144833333
144834752
144836624
144841505
144845462
144856126
144865890
144867783
144879738
144889632
144897052
144897404
144912392
144914798
144931151
144946413
144966851
144973961
144974467
144975243
144988495
144993187
144996320
145014826
145032723
145037970
145041787
145068304
145084223
145097105
145098854
145137801
145138032
145156004
145158131
145159212
145173855
145174291
145191715
145209219
145211392
145211841
145227950
145230948
145233385
145236192
145236331
145248359
145259064
145267883
145269838
145271209
145277126
145289050
145345074
145357918
145372758
145379817
145386572
145388053
145404081
145404614
145405308
145412937
145439754
145443414
145447803
145449528
145450043
145463271
145464558
145478352
145482313
145492070
145496035
145506877
145507629
145515555
145527323
145528200
145530652
145538261
145538886
145539355
145549687
145551729
145558118
145565151
145565270
145577409
145586052
145589225
145598519
145604174
145618665
145634034
145643232
145651581
145658024
145660420
145660458
145662381
145665641
145669803
145671614
145671731
145673246
145673943
145678090
145678235
145679754
145680434
145691571
145695908
145707570
145711768
145747819
145754706
145761035
145763044
145766552
145767148
145767493
145770872
145774831
145789532
145793067
145795281
145800532
145802402
145807315
145817376
145828367
145834772
145843249
145860958
145875111
145881651
145891507
145892645
145912580
145915806
145923663
145937968
145939778
145951844
145960019
145963612
145964070
145977197
145983728
145985494
145991912
146005990
146008350
146008354
146016879
146024649
146027050
146029489
146032049
146039409
146043423
146068425
146070558
146075254
146075328
146087565
146093450
146097585
146100640
146101218
146122128
146135623
146139180
146142185
146148571
146151785
146152046
146161441
146166091
146169092
146177596
146185376
146196026
146203942
146215308
146218592
146223415
146229672
146231633
146234971
146234994
146236308
146242778
146251615
146262009
146269977
146277264
146280498
146280587
146288150
146313099
146313840
146316327
146316495
146327166
146350974
146355694
146370245
146371407
146371924
146380054
146381005
146417399
146421059
146430897
146431959
146432917
146435553
146441055
146445561
146459389
146466767
146468457
146471382
146485306
146493595
146495159
146509011
146524968
146533207
146545564
146558850
146579898
146581553
146628303
146645130
146652253
146654760
146684402
146690231
146690458
146691903
146699737
146703673
146711548
146726476
146731000
146736182
146747516
146761017
146773580
146782081
146784339
146794219
146794614
146794704
146796946
146812277
146832157
146832989
146835314
146841307
146848237
146853222
146857180
146860878
146862515
146880331
146885240
146887754
146888182
146892852
146896466
146900948
146907686
146911987
146912953
146927626
146928270
146936987
146949051
146957329
146974119
146977546
146988222
146988915
146995528
146995718
146996519
147008968
147026534
147026929
147032445
147032886
147033474
147041658
147065681
147067739
147080394
147088466
147089398
147101507
147103695
147104237
147124262
147125815
147128126
147135070
147137421
147137442
147151133
147153956
147161880
147170092
147176370
147185766
147198104
147206545
147206916
147212249
147212887
147212980
147228072
147241387
147255444
147257889
147261455
147264248
147279722
147297508
147299903
147301428
147309336
147310257
147314498
147325354
147331457
147335333
147345327
147368410
147368991
147370999
147374904
147384654
147403069
147409849
147430778
147436684
147438164
147446830
147464693
147465703
147466316
147471651
147479076
147482737
147483948
147485117
147486349
147490809
147491625
147497081
147498090
147503898
147510676
147514236
147525448
147531114
147532107
147548169
147580828
147587084
147588748
147598039
147598720
147622512
147633971
147649711
147649839
147664531
147675106
147675425
147680385
147684704
147692039
147695255
147696654
147700388
147705613
147706898
147708577
147708721
147719150
147721108
147725260
147730503
147758677
147785336
147789130
147793482
147794072
147797169
147800464
147800897
147822429
147822721
147826476
147829209
147833709
147836628
147838712
147842115
147856073
147857645
147874921
147883071
147884054
147890468
147897438
147903287
147926134
147926145
147929600
147935311
147939049
147941474
147944214
147960849
147963082
147979676
147984649
147989269
148006356
148007930
148009881
148011742
148012635
148014358
148018858
148020994
148022919
148023086
148045363
148045669
148045901
148046012
148051646
148053546
148062674
148071995
148072341
148078213
148082000
148096566
148096939
148097235
148102262
148106722
148113579
148126620
148132813
148133962
148145669
148147803
148155082
148157299
148164359
148168107
148168775
148174855
148180083
148182349
148185961
148196878
148210377
148211808
148232997
148236495
148240186
148242612
148242614
148250081
148259865
148269215
148269530
148272431
148272731
148280232
148288601
148295090
148322342
148324955
148329525
148331915
148350014
148350553
148352824
148357412
148379203
148409177
148476402
148499479
148508070
148512415
148515777
148522919
148527024
148528261
148528734
148545837
148548051
148564707
148640475
148671164
148710402
148718885
148792989
148867519
148869016
148871722
148874061
148883321
148890702
148890929
148895083
148901893
148917183
148939655
148942649
148962762
148966223
148987908
149026372
149033936
149036982
149038629
149041849
149043969
149051660
149055716
149080883
149081865
149090879
149096409
149100670
149113698
149114416
149118284
149118816
149160158
149183673
149194767
149200606
149217884
149245527
149253431
149286528
149335547
149342684
149404974
149407429
149407908
149408817
149447520
149471401
149472026
149483485
149493396
149502231
149525147
149564765
149576636
149648793
149906224
149962190
149972824
150039804
150104015
150127658
150129329
150223656
150247872
150266784
150268763
150275670
150275724
150288031
150291234
150292240
150298919
150299668
150303350
150306728
150309280
150310878
150312683
150317167
150323446
150324158
150329760
150329838
150352766
150354190
150354205
150355396
150360427
150372651
150377768
150377772
150388681
150388893
150404966
150410275
150414525
150446350
150454011
150456730
150458070
150460138
150461298
150462116
150465617
150469054
150472851
150473518
150486254
150489678
150493565
150504857
150508463
150531608
150531851
150533545
150535472
150537838
150566767
150567344
150572587
150575572
150579671
150583424
150583486
150583587
150593328
150607516
150610586
150619321
150621236
150623093
150623476
150623929
150636486
150649182
150652396
150661171
150666161
150720035
150729339
150730142
150731406
150734132
150737344
150757260
150763286
150772201
150773962
150787617
150799194
150804065
150807557
150815947
150817508
150821256
150824150
150866666
150891589
150896639
150898292
150901089
150912341
150914352
150914535
150918466
150921284
150921690
150926108
150933181
150952743
150964890
150967174
150978579
150978581
150982230
150988825
151001142
151016483
151024507
151025804
151031089
151042164
151043685
151047009
151052505
151054200
151055788
151059651
151061640
151062185
151064932
151066573
151071237
151090182
151097824
151102613
151105036
151106493
151113786
151115517
151121153
151123958
151138505
151139675
151144885
151146220
151149002
151154879
151164905
151171906
151175510
151184592
151215266
151223335
151225101
151229407
151229602
151234606
151248187
151250461
151262461
151262902
151268781
151272268
151298383
151301427
151305127
151326642
151328776
151351827
151354597
151358195
151364259
151366608
151377684
151383942
151387749
151389590
151399745
151427221
151447866
151466840
151468834
151474426
151474592
151474838
151479048
151481509
151481688
151483615
151485094
151487882
151498527
151502849
151504932
151522538
151526145
151530206
151530335
151534914
151544720
151544722
151546122
151550614
151550664
151552684
151554254
151555121
151556055
151560025
151561093
151575686
151583692
151585015
151597590
151602281
151608252
151613431
151614278
151625387
151633844
151635647
151640570
151646757
151661249
151666575
151670353
151683363
151684710
151688753
151690516
151705931
151706238
151707071
151731309
151742948
151747347
151759444
151760688
151765078
151767616
151786508
151787538
151805260
151805880
151816615
151816844
151827142
151830971
151840267
151850454
151852020
151858210
151870208
151873638
151894611
151904474
151907155
151908925
151910834
151915620
151920352
151929611
151933096
151969468
151973016
151977951
151978824
151985861
151986225
151989866
152001962
152012957
152016302
152020167
152043413
152051296
152052659
152058950
152074701
152078377
152085058
152085546
152089286
152089520
152108767
152118016
152124545
152127644
152128900
152136202
152137568
152141946
152150165
152162574
152163741
152176538
152187192
152194498
152198500
152206621
152221168
152248134
152263476
152268555
152278297
152279242
152293464
152311062
152324037
152330370
152332098
152356025
152357011
152361598
152364214
152367389
152371430
152384894
152386774
152388173
152395382
152401961
152416942
152422252
152426017
152436143
152443858
152446487
152453368
152460266
152464333
152475944
152477886
152484183
152492929
152512520
152514333
152515597
152516224
152523819
152550774
152553614
152559628
152569425
152591420
152596113
152598932
152621204
152626407
152634190
152640565
152642043
152650952
152652209
152654597
152657945
152673433
152676154
152690996
152691507
152696447
152707186
152718925
152719032
152733929
152735569
152745159
152748582
152750523
152751102
152760410
152762729
152772084
152776264
152781033
152800017
152801682
152810596
152811270
152819798
152824527
152838872
152855481
152859401
152863517
152867591
152869795
152871170
152872619
152873202
152891794
152896927
152907978
152911657
152918727
152927496
152954120
152956801
152963739
152973314
152975621
152980513
152982196
152983223
152995204
153000407
153001016
153004041
153013764
153018929
153020646
153051744
153054708
153064502
153068156
153093336
153095650
153105637
153122199
153127988
153128302
153134489
153149161
153153816
153155038
153157050
153163344
153173443
153175688
153176825
153177465
153208439
153212442
153219967
153230508
153233028
153236613
153254688
153257240
153279917
153293459
153293694
153300395
153303146
153305947
153309322
153315205
153331575
153339362
153348976
153355511
153356215
153356297
153362741
153364660
153384386
153396855
153400700
153401876
153411716
153420020
153444846
153463543
153466196
153471487
153478796
153481108
153485199
153485401
153508799
153516061
153518319
153522484
153530485
153534610
153554213
153570812
153572634
153601605
153607897
153608064
153629198
153630331
153646978
153647665
153671837
153693047
153710971
153722832
153732630
153739716
153751148
153765087
153770157
153778058
153795651
153800037
153800598
153815222
153828872
153834644
153858199
153862700
153869172
153874006
153878977
153891485
153901975
153915636
153917594
153921783
153926754
153932704
153933773
153937182
153958185
153975280
153976606
153977417
153979875
153979995
153981454
153995436
153996228
154009882
154017725
154018685
154031455
154037257
154039446
154040912
154056818
154064159
154065037
154071614
154090832
154092022
154106636
154110801
154122357
154125084
154129990
154149948
154154191
154172251
154174455
154175314
154177056
154181427
154184471
154189537
154191012
154202154
154204852
154214666
154226012
154232756
154246486
154261966
154274288
154275309
154282861
154289030
154295289
154312743
154323403
154327071
154342842
154353517
154360079
154368520
154374422
154395299
154401978
154426433
154436588
154439326
154439719
154445389
154455486
154456644
154465414
154476571
154479892
154482068
154494607
154499002
154506268
154506892
154519642
154521947
154523834
154528242
154528930
154530835
154547122
154557864
154560542
154565832
154566118
154575985
154577222
154583116
154617427
154622650
154666032
154676166
154676216
154679603
154680612
154684729
154697431
154707569
154709252
154725091
154728145
154743255
154746712
154752661
154762205
154764963
154799438
154799876
154817624
154820816
154824706
154831624
154831971
154833134
154840158
154840266
154842617
154846874
154850499
154862451
154863496
154887401
154902104
154906710
154919736
154926708
154928896
154932567
154935439
154942699
154943173
154949397
155016831
155018399
155023866
155028155
155033657
155038510
155041270
155074212
155083617
155083973
155088511
155094137
155096176
155118078
155119779
155121655
155132817
155133051
155135517
155147950
155150799
155174301
155184991
155185105
155198402
155210075
155221782
155222277
155230554
155236292
155243148
155256171
155258055
155270535
155275867
155295379
155310078
155325263
155329200
155338984
155339046
155344518
155358153
155358806
155359570
155362995
155383293
155391238
155401947
155410454
155422962
155425542
155440844
155441616
155445355
155447275
155468780
155470373
155478696
155481465
155499839
155502812
155520643
155525107
155528575
155532821
155537378
155549500
155553068
155560305
155563774
155573484
155577439
155577703
155580139
155594851
155596478
155597033
155598605
155600226
155600302
155615185
155628427
155638159
155640547
155642091
155653303
155668903
155672891
155688550
155695570
155699227
155702373
155722892
155731378
155738394
155738824
155739524
155745790
155756785
155762943
155778911
155785250
155788602
155793064
155801772
155802961
155827025
155836910
155844080
155849642
155851194
155856636
155857649
155866380
155880521
155888098
155890376
155892256
155903416
155906253
155907482
155910875
155923697
155942231
155949754
155959020
155961827
155965522
155978664
155979904
155990733
156001661
156017248
156020125
156024194
156032856
156032857
156034290
156037622
156040557
156056633
156070070
156076756
156077462
156084563
156086881
156091300
156093352
156104007
156106321
156142486
156147493
156148322
156162506
156164884
156165653
156168596
156186657
156200999
156209595
156216021
156223602
156225340
156227380
156239691
156244019
156252635
156254009
156264027
156270823
156291580
156292612
156294751
156299879
156300033
156313378
156313813
156315300
156317929
156321848
156323491
156323575
156325137
156346325
156348751
156352540
156354220
156361522
156361760
156363012
156364104
156369035
156369062
156372475
156394596
156394816
156396898
156397707
156401536
156408575
156411230
156412230
156414602
156416467
156427180
156444692
156448444
156453387
156459146
156460033
156461503
156464382
156468404
156479965
156480621
156489211
156505077
156519145
156529191
156532789
156539612
156543403
156551410
156558512
156565637
156570467
156573788
156582247
156582841
156583118
156614715
156614911
156641048
156647474
156649173
156651920
156654107
156662615
156663752
156703156
156703185
156708373
156709280
156716985
156736054
156739856
156741357
156741358
156744218
156779022
156780059
156782655
156789216
156796404
156798012
156798685
156803610
156815100
156815794
156832608
156842911
156847206
156854763
156855305
156876532
156879936
156900731
156929407
156939223
156957596
156960330
156966788
156970157
156975815
157004219
157005392
157010988
157025887
157031559
157036879
157038276
157045412
157046125
157049913
157056333
157065631
157074128
157075102
157082738
157083788
157086207
157087789
157089659
157089792
157092386
157093957
157100107
157141643
157144695
157144870
157152202
157154084
157154635
157165015
157166758
157180557
157193409
157193875
157206051
157211726
157230768
157231298
157242389
157249203
157259930
157274760
157280541
157288131
157301232
157306980
157309952
157316653
157318304
157325744
157366142
157382499
157385257
157406586
157407289
157422831
157433359
157434593
157448334
157454733
157468530
157472987
157476856
157486010
157486653
157489009
157490619
157502817
157506708
157511172
157520676
157525833
157527366
157532850
157539757
157555256
157560392
157568391
157573371
157580483
157592692
157604166
157610778
157611468
157619855
157623119
157636745
157636810
157644790
157655640
157659131
157661578
157662715
157668083
157669751
157675333
157676484
157679287
157680750
157683904
157686888
157695710
157713978
157717186
157719061
157750788
157752479
157753192
157754744
157755863
157756127
157759344
157803622
157810390
157810526
157822022
157825100
157834659
157848739
157853767
157855884
157856992
157858537
157863658
157871145
157877350
157889782
157902568
157908903
157971782
157971979
158011271
158015445
158028600
158039694
158043310
158044861
158092873
158107497
158117496
158119904
158127260
158134161
158149052
158175965
158180787
158192034
158196911
158206066
158206965
158213454
158221816
158231068
158248212
158255719
158263815
158272144
158283879
158337453
158348140
158350288
158357333
158358437
158362040
158368067
158370215
158370296
158370975
158417954
158418615
158425472
158429520
158431822
158433299
158444088
158446603
158457210
158457447
158465020
158479061
158484025
158486824
158492780
158501802
158505344
158520584
158523708
158534587
158539275
158542988
158543090
158550994
158553637
158559674
158576432
158580504
158585727
158587218
158595054
158615919
158630502
158640049
158643764
158649630
158675071
158685671
158694037
158699845
158719681
158731576
158741394
158746768
158758173
158777444
158782842
158800483
158844275
158862769
158865328
158881311
158892120
158904334
158904822
158912121
158930875
158948565
158952209
158960689
158973420
158974058
158977558
158978327
158982338
158985610
158993978
158998992
159006268
159017725
159036250
159042748
159091759
159094517
159103685
159134876
159163640
159169460
159180336
159202610
159204098
159207567
159211476
159213888
159225964
159226373
159230519
159244141
159246296
159251724
159268063
159305583
159306160
159307285
159326635
159343622
159367557
159370634
159379340
159384053
159392372
159393566
159398379
159403506
159409732
159416433
159418606
159427295
159439263
159455060
159468312
159484406
159493924
159498898
159512176
159519974
159523440
159526795
159538020
159548122
159564768
159600686
159618171
159626326
159636448
159637654
159638654
159638676
159639219
159654563
159655187
159665565
159666813
159671676
159673883
159675617
159710844
159715484
159741591
159741801
159762189
159765374
159765686
159767379
159772810
159774521
159797636
159804120
159815220
159818168
159823440
159823461
159842530
159843812
159869381
159870455
159870603
159874401
159877540
159901794
159903926
159905949
159913475
159915414
159921978
159930008
159952805
159960755
159975720
159976025
159982920
159984632
159987459
159993719
160006607
160007251
160013754
160018470
160042380
160042507
160053364
160060636
160060861
160062470
160074916
160074956
160079458
160098928
160109114
160120329
160127467
160162426
160164079
160164525
160167841
160169875
160170182
160171763
160172808
160185200
160189729
160190038
160190165
160193111
160198111
160211235
160240565
160262764
160297854
160298145
160326913
160339984
160343084
160363930
160381328
160390071
160394925
160418552
160421272
160428206
160432205
160440767
160441291
160454207
160468627
160490998
160492654
160497750
160526477
160533331
160540089
160542401
160545599
160567343
160575974
160583708
160596481
160607352
160636026
160646695
160666495
160689935
160690997
160702571
160706219
160713834
160715394
160715536
160721730
160725463
160748443
160755589
160764749
160768982
160777309
160781008
160798399
160798447
160809122
160838607
160838834
160847315
160848186
160854564
160873173
160889114
160891028
160892379
160895830
160901130
160906438
160915598
160920184
160926051
160928323
160928480
160941527
160946454
160956407
160975416
160976084
161001739
161023158
161038957
161040325
161042997
161053712
161054647
161061100
161065640
161088007
161090770
161109296
161110231
161115161
161124816
161146621
161163478
161163886
161165317
161169497
161185955
161189657
161204147
161208387
161210716
161211444
161214579
161215854
161221871
161227936
161233790
161245627
161249170
161250557
161255871
161261692
161262486
161264641
161268096
161291241
161292758
161320743
161330257
161332486
161334892
161335419
161344453
161349748
161352458
161361713
161365837
161413961
161416136
161416703
161423036
161423511
161440545
161448341
161450308
161453395
161454788
161461299
161462345
161463108
161467950
161483109
161485176
161489934
161498577
161549343
161556334
161568168
161576549
161587337
161591165
161595717
161600374
161616153
161624955
161626109
161632928
161635663
161647391
161652837
161657316
161678088
161708034
161710353
161722765
161731037
161747850
161753631
161754802
161773311
161781289
161790799
161809194
161830763
161839762
161846229
161853289
161853568
161873801
161884660
161911938
161912511
161921318
161963793
161964469
161968268
161972348
161981623
161984272
161992241
162004839
162008090
162015583
162017016
162023452
162031851
162036765
162045852
162054575
162055921
162056060
162056396
162064399
162084531
162093071
162135039
162138223
162142571
162155053
162162159
162186747
162196654
162204084
162207526
162223658
162224612
162264349
162267140
162279469
162279523
162291484
162291700
162294576
162295934
162298475
162304132
162329318
162332168
162369789
162405219
162417650
162419053
162436352
162444735
162447864
162458027
162459571
162467253
162477877
162488556
162508126
162508490
162512683
162525826
162541109
162541339
162552426
162555126
162600154
162601998
162612019
162625803
162629387
162630747
162636767
162638990
162650427
162665532
162676591
162684043
162687444
162699925
162714124
162727194
162731941
162736092
162743186
162747490
162757166
162777238
162777614
162781015
162791182
162824108
162831413
162839222
162841019
162860702
162861199
162871034
162875816
162876744
162883365
162888464
162892532
162893631
162896203
162903728
162906974
162911374
162932636
162938620
162978507
162993173
162995419
163001371
163003467
163015590
163027301
163036064
163038802
163068247
163072938
163090739
163096290
163106914
163124348
163133991
163144815
163146260
163148890
163149984
163165259
163166726
163169933
163172361
163179390
163180510
163191664
163197618
163199187
163219070
163234480
163245511
163250458
163259238
163265531
163281938
163283300
163295084
163295319
163296242
163303670
163331084
163336085
163344955
163358185
163360281
163360931
163366114
163404594
163405428
163428220
163459825
163466475
163473069
163482325
163483668
163491415
163492014
163494494
163521265
163526780
163532997
163537981
163541321
163543936
163551641
163563821
163567708
163570629
163577446
163580671
163585120
163586136
163595330
163595722
163600238
163621900
163626095
163629970
163637568
163666678
163669632
163672197
163679937
163689546
163699213
163704723
163706300
163707145
163708502
163712719
163722329
163733745
163734021
163734813
163740524
163750369
163755897
163771659
163773529
163781209
163790901
163794346
163818436
163820099
163830223
163832132
163842318
163843169
163880376
163897272
163904486
163906093
163914089
163916838
163919621
163933498
163981175
163989526
164008962
164026263
164026934
164045324
164056615
164072161
164083909
164120162
164128838
164137771
164155129
164155923
164166358
164168335
164200897
164213277
164214680
164217354
164225447
164231599
164242673
164243434
164258040
164263483
164275229
164281338
164287240
164298384
164312695
164315690
164320412
164321547
164322214
164331134
164331253
164338143
164341375
164348221
164351349
164378206
164385944
164408396
164413365
164417261
164417914
164430265
164450843
164457933
164477892
164487345
164508697
164514287
164523751
164537689
164537899
164543180
164543852
164561514
164597439
164600421
164601330
164604090
164605891
164607005
164609289
164612672
164614148
164616096
164617035
164620944
164624197
164654388
164655449
164660059
164660561
164676648
164692914
164700420
164708160
164713705
164718697
164733260
164757717
164790474
164795959
164797219
164816062
164824359
164832017
164846754
164860181
164861571
164865866
164886011
164893651
164896579
164897715
164905876
164920467
164924120
164944134
164954777
164970984
164971794
164973152
164974397
164985671
164991086
164991698
164995079
164996085
164997173
165017039
165028319
165030622
165031030
165031448
165038733
165046542
165048410
165063879
165064409
165072278
165072312
165076729
165082701
165097358
165104772
165106600
165115574
165130151
165131148
165132445
165141511
165163831
165166136
165168634
165180738
165180829
165185394
165199570
165202429
165203566
165218021
165220000
165220297
165227846
165265232
165267801
165279061
165287264
165289123
165316408
165318589
165325355
165332336
165343922
165347501
165350840
165360553
165372980
165378590
165379688
165394628
165396570
165396912
165434745
165445125
165458936
165460711
165485806
165504240
165515945
165528871
165529734
165536928
165538126
165540179
165551722
165570005
165591012
165609324
165610111
165636460
165636848
165639593
165659319
165667711
165693337
165701939
165708961
165720372
165722109
165725419
165730430
165731118
165735936
165748473
165755730
165762168
165774936
165791369
165795839
165804256
165812672
165816280
165816310
165825500
165825787
165834802
165841402
165859032
165867853
165869384
165870934
165872407
165877297
165887691
165907980
165913452
165914893
165916125
165919186
165940131
165952820
165964909
165971495
165971757
165986968
165992936
165996069
166007660
166014608
166032733
166038172
166054747
166064235
166075007
166080664
166081727
166086495
166092398
166093837
166112128
166112826
166113545
166117068
166117141
166124903
166134648
166142197
166143358
166144688
166145035
166149476
166155972
166161893
166175962
166176045
166177217
166182643
166211376
166219665
166220081
166222772
166243085
166245877
166250548
166252388
166254700
166259051
166259643
166261036
166264027
166265342
166270926
166289503
166323858
166344280
166346733
166369605
166371504
166379430
166383091
166383371
166400971
166406560
166407118
166413531
166416784
166424029
166424906
166425760
166460709
166475194
166493796
166500388
166502123
166505008
166511184
166520593
166526740
166550031
166550994
166567514
166572418
166572445
166573712
166574187
166581240
166601235
166606172
166616273
166623150
166627739
166629979
166663764
166681301
166688128
166691122
166693542
166694508
166706928
166714180
166714848
166716810
166720314
166739907
166759050
166760120
166769524
166790621
166795154
166801544
166805018
166807481
166810806
166813329
166819768
166828209
166856810
166858125
166864967
166866919
166869231
166880254
166884698
166893127
166908527
166920647
166932992
166947930
166952151
166956237
166965688
166990248
167026518
167037182
167040099
167048836
167069076
167106122
167143928
167152267
167166900
167168562
167181087
167193972
167202950
167213745
167221516
167249104
167264430
167270332
167292449
167306239
167308685
167320975
167335517
167344053
167389332
167394214
167394967
167408846
167410838
167414467
167415150
167420451
167421182
167469302
167502625
167506944
167516525
167520071
167552149
167556423
167562771
167582107
167598391
167616226
167617955
167624255
167637045
167646043
167646531
167649465
167671119
167672446
167691104
167725502
167733724
167751506
167758841
167769625
167770575
167771158
167771441
167774329
167774787
167775497
167793104
167806746
167814253
167816343
167822268
167822867
167829322
167829494
167838257
167840099
167843416
167846164
167847935
167861254
167886285
167888509
167901161
167902665
167916354
167925620
167963779
167973166
167991598
168000525
168003456
168012319
168020373
168027847
168031671
168038889
168043672
168054404
168055836
168057467
168071757
168075999
168076883
168081712
168091926
168101174
168110070
168150528
168151314
168154780
168156680
168162536
168182347
168187116
168197756
168207766
168217493
168228136
168238640
168248480
168277080
168294445
168294766
168296846
168297534
168302722
168314220
168317775
168318150
168340004
168343184
168346546
168346812
168360024
168386569
168394712
168403289
168416661
168417239
168432483
168434111
168434972
168436116
168436470
168436615
168443614
168446586
168464206
168483131
168484590
168486631
168498115
168499821
168507110
168508890
168511544
168522184
168533764
168535827
168550491
168559729
168560103
168565968
168566840
168573233
168576813
168578873
168597476
168608675
168616625
168618337
168630075
168631504
168635120
168636201
168639495
168651026
168654996
168665696
168684970
168696810
168734738
168735872
168736237
168743203
168749014
168751310
168752646
168757358
168761421
168762051
168765335
168769157
168787629
168794908
168803003
168803463
168809041
168810052
168825358
168826876
168827941
168830391
168835516
168838055
168868620
168885017
168886304
168890184
168903320
168904681
168924518
168934098
168939243
168957766
168961810
168964175
168964273
168966274
168975155
168978256
168984157
168988303
168988687
168995253
169008460
169016725
169019459
169029833
169032046
169032405
169034916
169056584
169059101
169072442
169074653
169087607
169100002
169111105
169136125
169146480
169159559
169177532
169184584
169188615
169190977
169193773
169193985
169199129
169202474
169215627
169239645
169243038
169286167
169296286
169297036
169318869
169325347
169325560
169330664
169334477
169355697
169366826
169381587
169390720
169396598
169407391
169407665
169408045
169423342
169436387
169458675
169476762
169481702
169488724
169492831
169494689
169503510
169505214
169512129
169529833
169539649
169555243
169562279
169576922
169581890
169590857
169601482
169602562
169607192
169639407
169645563
169663323
169677826
169681550
169681871
169696851
169701000
169701320
169710992
169711054
169725408
169733234
169742003
169742899
169765264
169765323
169766681
169768578
169771669
169781287
169783986
169788654
169790207
169792942
169801738
169807633
169813392
169819177
169826211
169838912
169851818
169854279
169868314
169869039
169880359
169912939
169913695
169917109
169917219
169920814
169921938
169931737
169942395
169950270
169971578
169975877
170004476
170004634
170009673
170014729
170026179
170029728
170046650
170065768
170071613
170083810
170089783
170094749
170102864
170102948
170112693
170114312
170121656
170122047
170127012
170150194
170155855
170156855
170159612
170167919
170170888
170173628
170177538
170185585
170188343
170194950
170196035
170200436
170206579
170218874
170223780
170223815
170232301
170234233
170247616
170247960
170250601
170266927
170269573
170272422
170276443
170281380
170282830
170296583
170328312
170335934
170352561
170354247
170374399
170380952
170381791
170404844
170417412
170425013
170434527
170436813
170442514
170448988
170453007
170467957
170523842
170524428
170524653
170532648
170534589
170538808
170538960
170545048
170545313
170555474
170558054
170574924
170579841
170590835
170595204
170598163
170611800
170629432
170651328
170675217
170678498
170679971
170682231
170682762
170686894
170696623
170763409
170767751
170771434
170799065
170799366
170800689
170806799
170807029
170810363
170813950
170822440
170823219
170845070
170861284
170876156
170887810
170919162
170922936
170925984
170939229
170939287
170942102
170951328
170952115
170967873
170979731
170981780
171005493
171016025
171019149
171019693
171028045
171051301
171065470
171070574
171082711
171086530
171090075
171103891
171105410
171116391
171129887
171131262
171138739
171153470
171157925
171171602
171186281
171216198
171227771
171227971
171235514
171250027
171272383
171282234
171285753
171300905
171317851
171323920
171333420
171339726
171341280
171381867
171390127
171394740
171399823
171401864
171402717
171403978
171410714
171412219
171424312
171447909
171456105
171456506
171460233
171480309
171482235
171483007
171524673
171550134
171559470
171559476
171563336
171580122
171588469
171591392
171601557
171633336
171649733
171670557
171674208
171675483
171677193
171706028
171725867
171729734
171747100
171758813
171759409
171774995
171778121
171789570
171799437
171828631
171832702
171838865
171846372
171858079
171860638
171861384
171872949
171876914
171886118
171893206
171908590
171908721
171919677
171932233
171933368
171936308
171955917
171965061
171983470
171984505
171994908
172020839
172027462
172028004
172036360
172039153
172043594
172044516
172060230
172063602
172072155
172075538
172083814
172088829
172108016
172113234
172114162
172120864
172131266
172153904
172196326
172198177
172213183
172213708
172215746
172225095
172237265
172244461
172245163
172248915
172269053
172293885
172296216
172308360
172309907
172314682
172324091
172347021
172351155
172374149
172375221
172379220
172387490
172390481
172433199
172433399
172446354
172446752
172448682
172466974
172476439
172497331
172499001
172499364
172520747
172521810
172525056
172546667
172550501
172570393
172571703
172584311
172599340
172600456
172604891
172608671
172613491
172613590
172616391
172621407
172634261
172640631
172647251
172651584
172655226
172660620
172678965
172679452
172683662
172703930
172704221
172709320
172710901
172713291
172740275
172742497
172745868
172765147
172779491
172792932
172799745
172804214
172809473
172812335
172812428
172812892
172828170
172839934
172861573
172867948
172872762
172879708
172882888
172886964
172897984
172900531
172916101
172917023
172926001
172928328
172929159
172941886
172945389
172952822
172955680
172966457
172966946
172967552
172970045
172971521
172973676
172982192
172987615
172994111
172994962
173010809
173012209
173016976
173019000
173042541
173051423
173058112
173063980
173077803
173088700
173101640
173112921
173127877
173141348
173157378
173157742
173160495
173181251
173185114
173193814
173200358
173203121
173210660
173215061
173215069
173223407
173242015
173242289
173259688
173278381
173286338
173298658
173307219
173309638
173317384
173327940
173333948
173343615
173344383
173345209
173347295
173349327
173368086
173375387
173376467
173396899
173398034
173406869
173455973
173465953
173468708
173476787
173479019
173480680
173486539
173491251
173506878
173510111
173516802
173521611
173537810
173548910
173557805
173565675
173568434
173568990
173584903
173593255
173606347
173634949
173635081
173655764
173657229
173657856
173662149
173668701
173723431
173730853
173736132
173742295
173743775
173749450
173767337
173768052
173770401
173772812
173780963
173787103
173794877
173798611
173805020
173809846
173826384
173834459
173855286
173856688
173858368
173859507
173875886
173876137
173891855
173906587
173908531
173913022
173915200
173924453
173928772
173935961
173938923
173955291
173957495
173966484
173970161
173979464
173985456
174004989
174010409
174020168
174021014
174024755
174031329
174033932
174057793
174064403
174069242
174073602
174077775
174088135
174092866
174093796
174113136
174117384
174135237
174143292
174143633
174147495
174153400
174156008
174164983
174169683
174173936
174180541
174185778
174190316
174204792
174216996
174222890
174225586
174229187
174241052
174245333
174248520
174250346
174255869
174257777
174260112
174274668
174276436
174325930
174328183
174329203
174329239
174335034
174362341
174388604
174388846
174391310
174395075
174432773
174436597
174452482
174457627
174473171
174473316
174480760
174486924
174488205
174493525
174504890
174527784
174531222
174537093
174542570
174543914
174551518
174558494
174577086
174580342
174624222
174635350
174646967
174654469
174659733
174662034
174667237
174669550
174677863
174678629
174685342
174689012
174690053
174697141
174705029
174709817
174717376
174730804
174742410
174743140
174756559
174770049
174771400
174774137
174790385
174795255
174796146
174806031
174806706
174822565
174825929
174837064
174842850
174845763
174850860
174851589
174866598
174879599
174890238
174894164
174897460
174911545
174920714
174927026
174946996
174948018
174971064
174987070
174990501
175002646
175011729
175029740
175044215
175047910
175052027
175054653
175058273
175068781
175078557
175138512
175142065
175143892
175162460
175165567
175175412
175180155
175190141
175205259
175218584
175232231
175248175
175254931
175257443
175266097
175266353
175268109
175278154
175291691
175299665
175301593
175302157
175324429
175329569
175335382
175338247
175340682
175368869
175382811
175383145
175383339
175396580
175409289
175430263
175440668
175462542
175464725
175468490
175480733
175499135
175499556
175516623
175519338
175537625
175540080
175551957
175555312
175558082
175567344
175569466
175574637
175591991
175594341
175603358
175604148
175610628
175615852
175615948
175616320
175632525
175639277
175641898
175669970
175699641
175702636
175703564
175707171
175735813
175738714
175741588
175766851
175772470
175778281
175788896
175802380
175814403
175822014
175828816
175836293
175843080
175845923
175849921
175851909
175852725
175855239
175859034
175866956
175884780
175887972
175892783
175894345
175901515
175906007
175910273
175913231
175928080
175941679
175955777
175956464
175968473
175968591
175975259
175990288
176003968
176007688
176010045
176015398
176019200
176019312
176026059
176064333
176065937
176070113
176075923
176082476
176085125
176087327
176095315
176101678
176123824
176124733
176130055
176130738
176139582
176141726
176143417
176156491
176165126
176168013
176178222
176185834
176209833
176211895
176214606
176229525
176235180
176274951
176286554
176299483
176302008
176303348
176305113
176306782
176307880
176311071
176319045
176330091
176331026
176335408
176362742
176378051
176429037
176440301
176460120
176471031
176473124
176475527
176496011
176496891
176502173
176502295
176509188
176509618
176511359
176517830
176522183
176532896
176544392
176558664
176561294
176565380
176567049
176569253
176580638
176584064
176590819
176602808
176604022
176619845
176620568
176628549
176629213
176633795
176637061
176641101
176652310
176655075
176669398
176678789
176680207
176681627
176709135
176730455
176751029
176754856
176767748
176777097
176786815
176788569
176803552
176805579
176825998
176828016
176828801
176828960
176832422
176835407
176847690
176876034
176877600
176884513
176885328
176899975
176911711
176914100
176926845
176947512
176950538
176954347
176957653
176960197
177004350
177005057
177012533
177018161
177019687
177037283
177046775
177065220
177067287
177068169
177069575
177076922
177084744
177085016
177095806
177098424
177100902
177108629
177110215
177112406
177114178
177120719
177120767
177142748
177162903
177165901
177187236
177231377
177239704
177239729
177251569
177258086
177263997
177274993
177282406
177292270
177304226
177326119
177339871
177353860
177357000
177358545
177359796
177361403
177383201
177387549
177388629
177390931
177407316
177410346
177412643
177413503
177422226
177424222
177426567
177429024
177429862
177430553
177432040
177438888
177462387
177462649
177463859
177466919
177470075
177473002
177473707
177485889
177491765
177494132
177518628
177525446
177533963
177537158
177543274
177544920
177554327
177557861
177562286
177564237
177564354
177567112
177572932
177573884
177588978
177593474
177603787
177603979
177623386
177625674
177635958
177649227
177654327
177661899
177682739
177691388
177699466
177701711
177702106
177708452
177725569
177727440
177742090
177755202
177757045
177764750
177777532
177792512
177799101
177799377
177817927
177834941
177835653
177839352
177840340
177847808
177860426
177863896
177868541
177874899
177881946
177884195
177897429
177902240
177906440
177907613
177909550
177913247
177918405
177936793
177944590
177948327
177951711
177966400
177974264
177981236
177981326
178011331
178014777
178021197
178028620
178028780
178032411
178056759
178070674
178075616
178094502
178094507
178098501
178099888
178107504
178115674
178154663
178156707
178170003
178186916
178190611
178200207
178207764
178225237
178227463
178240787
178249789
178278240
178295137
178323210
178325343
178328848
178344505
178349165
178374599
178396620
178413362
178421676
178426697
178426854
178428334
178431202
178432970
178458007
178466860
178471209
178475435
178476984
178478079
178495218
178507621
178508032
178509438
178516795
178525400
178535125
178560665
178562939
178576290
178579447
178581673
178583721
178589660
178595001
178603090
178612792
178619321
178620214
178629052
178644125
178652481
178657717
178662092
178668708
178673263
178676245
178676731
178680499
178683114
178699099
178700336
178702411
178716013
178716931
178732271
178732520
178737330
178761582
178768133
178773293
178778381
178780005
178786412
178789046
178796271
178805416
178811302
178849486
178851174
178861117
178892167
178906534
178932391
178935467
178971281
178976764
178985832
178987251
179036986
179043555
179054966
179061414
179069578
179079781
179086927
179094998
179095736
179109963
179112085
179125589
179127132
179134172
179134732
179151398
179155103
179181304
179202101
179216445
179225998
179237736
179251373
179259526
179268661
179279105
179279796
179287580
179289120
179293714
179294500
179313680
179327298
179339409
179353302
179354695
179365237
179368261
179373963
179374818
179407018
179433171
179434396
179438552
179442656
179449526
179450908
179473150
179492695
179507263
179512304
179519127
179520130
179533456
179535229
179545726
179552516
179606259
179607836
179610607
179616510
179627112
179637537
179657943
179681129
179696044
179699549
179699652
179710786
179717230
179721181
179724783
179731588
179746073
179757540
179781137
179789584
179792484
179798548
179801028
179803193
179819412
179824899
179836012
179839839
179853743
179854041
179862336
179863738
179872541
179872694
179888114
179890280
179899596
179926871
179928466
179933599
179934574
179937591
179943794
179959290
179971744
179972200
179973944
179979586
179982821
179989997
180018915
180037227
180042092
180042609
180050141
180053288
180058892
180070026
180073334
180076665
180109132
180110048
180141511
180158337
180161022
180182682
180193434
180197219
180201743
180216126
180241584
180242430
180245617
180255698
180261882
180298363
180302405
180309909
180313403
180332513
180337175
180342499
180356746
180357462
180360330
180364132
180369071
180370892
180373140
180380421
180406442
180409704
180412627
180418553
180422096
180435009
180452495
180456198
180463894
180471700
180487693
180488848
180509817
180517467
180540486
180545530
180557261
180558020
180562298
180565351
180572234
180591101
180598022
180612239
180614073
180639558
180674367
180676279
180704911
180725516
180733669
180734742
180735664
180763215
180767466
180778696
180780450
180781182
180783886
180787502
180847289
180885161
180886068
180889266
180918740
180937471
180943756
180951388
180987635
180990589
181014325
181015793
181019852
181030824
181038511
181050674
181061359
181071446
181080547
181081085
181111165
181114519
181131387
181142967
181146920
181169961
181179741
181187039
181207693
181210177
181215300
181216643
181242098
181246293
181262739
181262746
181269151
181275584
181277177
181284610
181309681
181311007
181328858
181330649
181348812
181352528
181353949
181362260
181363228
181375535
181381453
181392758
181417309
181421532
181438082
181445207
181454985
181472089
181483580
181483737
181494747
181501924
181504592
181510238
181515819
181517254
181523650
181532165
181533443
181534155
181542182
181559542
181561403
181565768
181586444
181605510
181618946
181638460
181639919
181645505
181648701
181663520
181664809
181669823
181672842
181677166
181685876
181706470
181716421
181727916
181739227
181744283
181752280
181759815
181768730
181778351
181779922
181781581
181790553
181793358
181797481
181798127
181805130
181809683
181810879
181811783
181817261
181818820
181825931
181831665
181845790
181852402
181870930
181876486
181887704
181920603
181921001
181922211
181922493
181934856
181940209
181944445
181947041
181951284
181966823
181968146
182003084
182010375
182011209
182014857
182022167
182024670
182025561
182028218
182036670
182039716
182041024
182047926
182050683
182051258
182053334
182071325
182075135
182077502
182088817
182093187
182099609
182101407
182101519
182107971
182110192
182110929
182164568
182177744
182191604
182192036
182195163
182200519
182201430
182208832
182215508
182220403
182242001
182252292
182273678
182274032
182277400
182280749
182292664
182303309
182304337
182305053
182305568
182329239
182330715
182347730
182358926
182369142
182369934
182371067
182374828
182376187
182379318
182383478
182397896
182398828
182399649
182402768
182411072
182411082
182413971
182418401
182431507
182445318
182450497
182456489
182463169
182463808
182473062
182478453
182486226
182489008
182490484
182496790
182508010
182508491
182528189
182540208
182541391
182554449
182560448
182561199
182595933
182603815
182605022
182610799
182612621
182642704
182685915
182686063
182691772
182693769
182696596
182729550
182738901
182756504
182757364
182768660
182777220
182786911
182803388
182804784
182810296
182811967
182828165
182829275
182858217
182861961
182875063
182875166
182896756
182899356
182914789
182921874
182922645
182924806
182945963
182950864
182955431
182960741
182964175
182976086
183001580
183006642
183010395
183012980
183016962
183017691
183019424
183060647
183083444
183103226
183104528
183111791
183142181
183156791
183162835
183164142
183167096
183173666
183174177
183188550
183217988
183232199
183237392
183243901
183243987
183256242
183267431
183275378
183306974
183318961
183319731
183325138
183328013
183328853
183354975
183362217
183387733
183393108
183397443
183411238
183429274
183438952
183444133
183446135
183458270
183481636
183483773
183487533
183498084
183505707
183507785
183511503
183511663
183512154
183521901
183536696
183567005
183569377
183578565
183593597
183610285
183614414
183626896
183650521
183660723
183692388
183716008
183722047
183725115
183728530
183732565
183771871
183773548
183803482
183816785
183825872
183843973
183860860
183864265
183865854
183866513
183870549
183876708
183885335
183910525
183911696
183912111
183913135
183918268
183921946
183946260
183957401
183960460
183960549
183962767
183966079
183982212
183989767
183990975
183992792
184007802
184011867
184037083
184047672
184051169
184059439
184080315
184080412
184085262
184093187
184096594
184098232
184102632
184103600
184142552
184144367
184149415
184156364
184163155
184164045
184187650
184188862
184195805
184202622
184209319
184214694
184225698
184230759
184237635
184243204
184243691
184244557
184247495
184253505
184262456
184276886
184288732
184289883
184293102
184293960
184299284
184301485
184328620
184333089
184343321
184345593
184359119
184386048
184387472
184396152
184398355
184417648
184422192
184429529
184432057
184437239
184440972
184440992
184441943
184444594
184444853
184449461
184461625
184463288
184465374
184469782
184474921
184522820
184530575
184538999
184546302
184550670
184560506
184561322
184562561
184564076
184567999
184570293
184572240
184594647
184612434
184623679
184635978
184636405
184638477
184638623
184641812
184646426
184654850
184659650
184666019
184666992
184672510
184686326
184690613
184696116
184709580
184719513
184736706
184741536
184743134
184752160
184757693
184766613
184785008
184828006
184832379
184844230
184855629
184856480
184857780
184865976
184891792
184897186
184948293
184978411
184980018
184980587
184987581
185006379
185009464
185025042
185029070
185029090
185032272
185034710
185036380
185036851
185038049
185086211
185094730
185101010
185107616
185121016
185132542
185145655
185155079
185165668
185166895
185167006
185174559
185174764
185190034
185190082
185195091
185199975
185205427
185206152
185207555
185209631
185219192
185225995
185233244
185238497
185244778
185256342
185257383
185264918
185267837
185295897
185296275
185298052
185299101
185300405
185300666
185302490
185307299
185324056
185333567
185344219
185375357
185379298
185386557
185401005
185403359
185417874
185419275
185430215
185468143
185493054
185495000
185504920
185513424
185519771
185531257
185564110
185568928
185571266
185597885
185621803
185629298
185630264
185632963
185635041
185641942
185673450
185677266
185677760
185678806
185711097
185711735
185712596
185732283
185757104
185761409
185763118
185764733
185767620
185768252
185769765
185772952
185775709
185797420
185808358
185818895
185822046
185848882
185855031
185858484
185859755
185870779
185879958
185882139
185882746
185894027
185897651
185909444
185913828
185938344
185940219
185941631
185953859
185962614
185968963
185975698
186008851
186032646
186037750
186043182
186044166
186045961
186051710
186053500
186054223
186063251
186064417
186071910
186079133
186082848
186083501
186093668
186096409
186108735
186110378
186112727
186119081
186133697
186136200
186143476
186145490
186148099
186157884
186170513
186172957
186173661
186203395
186207024
186244616
186264367
186284514
186304473
186305619
186310042
186313018
186363256
186370220
186397564
186406775
186413452
186433359
186444775
186446491
186457034
186473745
186474705
186477474
186478594
186482530
186515498
186515886
186516379
186523315
186556585
186576787
186585245
186608269
186615157
186648265
186661984
186691065
186692657
186699697
186704515
186709809
186714281
186717446
186723691
186725554
186730427
186737938
186756475
186756633
186761158
186784250
186790550
186793793
186799505
186804833
186817325
186818674
186825621
186836010
186839856
186859236
186867532
186876004
186880026
186881777
186894718
186905564
186921519
186938913
186969706
186970142
186985914
186988579
187009861
187029228
187064836
187065871
187067073
187080716
187083161
187087130
187094649
187098183
187100544
187104128
187108293
187110341
187114126
187155289
187166794
187172796
187181256
187183114
187183447
187206312
187213680
187216747
187221459
187223270
187231999
187240558
187243209
187274892
187286477
187319212
187322666
187323853
187324683
187329286
187333172
187391119
187395202
187396421
187397448
187423095
187430831
187434912
187444352
187445910
187464282
187473359
187507906
187511072
187512369
187538777
187542906
187556984
187563079
187564137
187591263
187600689
187607178
187610820
187628468
187631664
187644135
187668447
187683304
187691568
187698665
187710791
187723086
187735238
187749452
187761649
187798752
187812675
187825374
187832036
187851475
187866065
187867117
187869742
187878549
187897507
187913280
187932907
187938866
187942791
187955295
187964161
187992952
187993935
188010504
188013649
188024609
188027265
188031569
188036282
188055519
188063735
188082502
188109098
188110367
188114494
188118680
188121573
188149269
188167518
188175115
188175610
188182008
188183489
188184921
188186049
188212673
188223916
188229063
188232749
188240741
188241464
188244884
188248610
188263392
188270338
188273682
188287182
188294359
188316023
188316517
188317404
188318800
188322960
188333306
188347159
188356111
188366918
188367563
188368952
188372757
188378575
188386530
188386901
188389844
188408188
188426802
188428969
188441053
188441186
188442829
188445843
188451724
188456166
188456210
188456704
188499242
188499738
188504563
188511851
188522535
188549395
188556170
188566423
188571500
188573318
188596435
188598568
188611222
188614421
188625889
188627618
188643565
188667379
188668956
188701110
188715441
188716753
188724758
188738649
188747185
188755184
188759190
188764805
188768514
188776462
188792944
188793554
188829466
188845967
188850904
188851252
188853864
188867781
188869833
188872011
188880088
188881579
188882003
188884764
188890430
188902014
188902759
188904996
188947624
188976387
188980705
188996822
188998464
189011588
189022614
189040338
189055926
189070279
189077033
189097238
189106485
189111672
189129104
189132571
189139460
189155892
189177405
189181417
189184151
189184386
189188955
189189569
189192856
189198983
189214644
189218459
189219048
189223793
189268433
189286019
189289584
189294975
189296952
189300350
189329320
189331238
189331714
189341491
189344561
189353784
189363576
189364562
189380378
189393774
189394288
189396845
189415759
189415821
189416204
189418732
189421200
189435029
189453280
189470775
189471804
189478930
189487689
189494898
189495950
189522394
189538996
189547904
189553562
189568797
189582061
189614113
189625040
189683825
189718328
189719158
189730303
189757943
189778828
189781260
189783974
189791429
189799744
189804260
189805249
189825638
189830250
189844955
189854286
189858852
189875067
189887873
189889397
189894008
189903618
189910805
189912797
189922281
189922950
189930430
189948828
189971686
189984030
189991693
190037151
190043286
190054982
190057861
190063244
190078937
190105688
190127396
190128641
190138543
190140623
190148961
190169813
190181423
190193545
190213054
190231245
190236170
190242938
190244395
190252412
190272808
190281992
190290294
190299320
190300267
190316976
190318945
190320064
190321519
190345714
190356787
190363363
190374738
190379116
190380458
190411902
190420704
190426525
190435813
190516418
190546212
190569239
190577438
190580926
190586435
190605230
190611782
190613641
190618859
190619710
190621338
190623500
190625910
190644405
190668392
190677915
190684095
190698338
190717569
190781513
190784730
190803095
190803429
190821392
190829486
190829491
190862881
190878769
190879695
190882773
190891559
190898404
190901265
190918053
190930704
190938607
190956523
190962496
190966726
190984238
191043194
191045590
191050182
191064394
191068366
191072331
191080459
191083868
191105056
191106122
191108389
191128001
191144478
191153826
191170767
191180563
191206451
191214374
191216492
191232154
191232558
191238400
191240126
191253467
191257384
191270957
191272113
191304595
191309065
191320741
191352403
191386366
191386772
191401606
191402286
191432232
191439473
191444841
191449319
191450263
191450929
191451801
191455604
191459710
191462564
191463785
191471867
191471898
191491673
191492081
191506235
191522683
191537253
191542059
191550509
191560736
191567010
191570231
191578656
191581072
191593440
191594186
191605376
191606141
191621757
191623758
191635135
191649304
191658011
191661898
191670468
191678853
191699792
191723439
191745620
191750994
191752997
191769768
191786147
191788982
191791669
191795061
191799251
191809146
191815940
191845576
191868277
191871408
191873594
191906704
191909878
191920202
191924626
191934484
191956631
191968923
192034163
192039414
192046217
192048432
192048529
192051277
192083742
192088011
192088941
192101288
192112584
192133332
192134237
192155176
192169489
192226193
192238392
192241926
192276422
192277771
192295573
192297429
192309024
192317317
192338588
192370831
192373771
192400297
192426299
192427357
192457393
192465765
192477638
192479296
192491896
192513749
192515437
192517068
192518066
192525538
192534680
192559521
192560304
192566168
192567265
192574163
192586573
192594644
192609926
192686468
192704619
192720066
192734014
192737429
192740961
192771830
192816884
192817801
192822753
192824782
192830970
192837098
192838214
192862319
192886285
192915062
192922809
192934191
192935582
192937660
192940744
192951511
192956208
192967412
192977695
192978797
192983700
193005960
193006964
193011396
193041040
193053512
193060439
193081101
193083475
193103452
193122308
193134923
193151056
193166441
193166523
193171857
193185725
193213067
193226708
193236018
193236282
193269169
193274352
193277268
193279730
193295810
193297663
193308794
193311904
193326350
193335091
193340427
193352423
193354138
193370031
193404288
193409112
193413046
193418087
193421585
193453346
193472545
193499584
193499691
193502958
193505761
193506237
193520658
193526418
193529902
193571837
193581484
193582773
193584373
193620903
193625332
193626205
193628974
193651936
193675943
193677126
193688578
193696218
193729367
193770862
193774655
193791723
193809480
193821755
193874242
193883263
193891357
193892091
193914196
193935229
193953957
193957987
193966824
193969733
193978436
193982038
193986003
193986746
193987160
194008585
194016422
194018972
194051472
194074675
194087390
194091665
194127702
194133304
194134113
194170151
194184579
194198587
194205633
194226863
194229062
194232804
194240400
194245327
194253627
194261297
194265700
194281425
194286440
194295050
194312982
194313207
194319584
194344176
194347214
194371908
194384976
194386528
194403659
194409526
194412689
194445492
194448209
194451318
194469719
194498547
194506486
194510032
194529655
194533174
194537801
194543818
194563095
194574241
194581580
194600428
194656761
194658167
194665663
194667326
194675881
194688648
194692049
194692628
194721839
194727784
194736121
194755172
194756879
194767733
194778480
194780296
194781872
194787734
194797384
194800715
194805209
194809496
194815364
194819316
194827231
194853848
194863035
194864096
194868047
194874862
194876225
194879120
194879406
194887716
194888511
194895322
194902220
194909008
194912932
194925350
194932288
194939611
194940049
194949332
194950116
194972530
194976263
194977046
194977696
194984656
194985553
194987091
195002666
195006051
195011781
195019840
195023742
195026634
195032167
195037451
195056128
195070280
195079123
195092168
195112134
195115265
195129275
195159999
195172365
195176516
195189694
195196000
195196628
195204211
195206024
195229252
195240140
195246427
195272188
195289011
195312628
195313355
195323935
195333210
195342468
195353977
195354750
195355739
195356771
195389665
195396811
195399854
195405115
195408680
195423391
195425123
195437482
195484434
195485296
195488009
195491590
195525342
195537748
195542347
195547249
195555169
195574075
195606653
195615791
195623378
195627638
195633406
195639062
195647169
195653811
195672264
195673213
195680689
195686742
195689716
195691653
195701906
195728042
195731001
195731087
195748641
195753656
195755840
195757439
195760993
195761687
195785705
195805006
195816751
195819578
195863970
195866904
195873481
195876218
195880678
195892608
195897154
195919270
195929327
195929968
195930072
195936820
195968655
195968760
196005950
196013616
196061461
196073615
196073990
196075385
196077418
196088872
196116266
196156729
196163399
196178035
196181225
196196789
196210412
196217985
196222184
196232353
196241588
196245169
196252514
196280607
196294489
196295184
196308720
196317780
196335583
196341521
196353888
196369647
196376970
196379363
196401483
196416527
196422839
196433751
196441824
196444752
196455464
196471826
196476118
196477729
196481022
196481895
196483276
196495804
196498082
196505268
196518150
196524817
196536362
196538983
196577666
196584824
196595027
196596471
196597778
196609507
196617638
196621923
196625910
196632904
196637439
196645293
196651705
196652631
196654869
196658487
196659187
196669744
196722110
196731194
196749818
196767299
196783524
196788783
196800482
196833779
196834652
196843974
196852217
196853198
196873021
196879370
196889197
196890084
196891281
196894239
196905654
196908128
196912892
196914205
196919048
196933414
196938178
196943401
196943685
196946552
196948094
196965846
196967386
196991194
196993096
196993986
197011801
197032787
197035214
197048320
197063206
197084701
197139031
197141401
197149359
197164188
197181214
197183821
197193726
197198402
197209035
197209423
197223686
197225048
197253663
197255732
197267171
197297299
197297670
197310809
197311303
197323659
197327261
197344047
197347581
197357117
197396443
197413970
197427153
197430733
197431933
197446814
197450220
197452885
197460562
197462395
197480887
197497169
197524588
197526651
197530031
197532113
197533599
197539060
197541791
197553590
197563327
197564486
197577575
197585715
197588315
197610352
197622280
197624934
197628966
197638389
197651829
197668523
197673935
197676012
197681427
197682823
197691810
197694942
197698503
197701599
197715952
197741001
197746487
197751542
197760398
197777417
197791592
197819581
197830169
197839997
197846765
197851047
197856365
197858653
197859587
197861037
197869163
197869344
197878685
197881456
197891603
197916806
197953831
197963181
197974839
197975719
198042165
198045015
198052427
198073194
198091893
198093506
198113705
198126598
198133634
198156957
198175057
198185718
198218404
198230327
198231174
198244168
198244383
198248972
198258154
198261925
198285812
198288932
198293126
198309825
198326739
198329411
198340101
198344159
198344582
198348814
198354444
198357269
198405435
198409007
198419190
198433185
198435396
198440320
198453091
198453818
198455995
198470410
198480766
198482771
198489591
198495132
198503219
198507754
198541341
198545712
198549149
198557081
198559471
198579715
198585242
198588963
198592038
198603052
198607614
198628360
198639323
198650020
198664758
198667749
198668082
198684924
198687700
198689131
198693204
198702836
198708585
198710039
198714503
198725205
198726544
198728177
198734879
198740237
198740362
198757415
198761233
198770242
198771958
198793255
198796773
198799678
198803635
198809004
198809686
198827582
198851059
198869877
198892177
198898923
198899892
198945553
198950563
198958237
198961024
198965470
198969716
198972316
198985374
198985404
198986694
198987950
199001102
199014542
199014677
199035643
199049132
199062062
199064744
199069240
199071465
199073483
199082278
199097443
199097624
199099843
199110424
199125162
199136024
199141448
199163690
199174494
199195292
199196094
199216417
199247765
199261480
199268068
199286601
199301077
199315354
199322722
199326313
199327345
199329015
199333759
199335697
199357524
199357856
199365562
199370593
199381958
199433067
199440446
199450939
199455041
199473508
199480460
199491752
199496884
199501190
199507270
199522413
199556441
199558874
199567453
199568370
199585426
199588661
199598623
199623715
199628818
199655271
199658478
199668330
199698138
199706774
199714110
199744694
199772837
199778118
199790650
199793600
199832695
199871406
199878845
199886776
199893844
199896796
199897507
199898941
199905491
199906970
199926326
199930891
199946837
199957812
199958100
199976522
199989132
200011197
200020985
200023683
200037431
200041893
200077582
200080371
200095474
200095769
200097221
200111919
200123269
200126770
200132522
200169069
200173674
200177100
200185731
200187030
200216545
200222091
200226114
200239431
200256635
200260568
200266623
200267509
200270920
200279015
200295444
200315350
200331672
200346027
200351312
200373071
200382787
200386965
200389422
200417542
200422993
200426736
200433153
200446548
200464769
200472258
200493278
200514138
200549172
200571544
200574789
200583566
200589633
200600623
200612098
200638212
200644216
200675238
200691817
200698444
200739989
200749442
200758741
200771693
200774125
200786025
200808503
200813587
200817488
200818624
200830158
200835932
200837233
200867520
200873382
200883944
200894862
200900097
200926449
200929162
200934812
200957641
200958217
200966451
200971579
200974662
200994922
200995600
201002024
201018008
201026213
201033139
201050601
201052499
201052800
201061341
201084330
201084392
201097096
201104749
201108724
201111008
201137753
201162069
201163297
201164244
201175302
201186579
201204911
201216674
201224984
201231530
201247433
201275345
201288114
201292482
201328194
201337147
201346713
201348343
201349499
201361986
201376286
201389259
201410511
201412644
201424028
201425459
201425594
201432296
201437367
201475401
201503278
201522580
201548398
201573078
201575812
201604613
201611841
201626901
201636498
201654253
201670918
201677915
201706691
201712357
201723055
201734969
201737312
201756663
201767494
201778804
201806675
201820220
201856751
201858583
201866955
201905299
201914634
201918725
201949077
201973843
201983150
201989904
202014018
202029784
202031533
202036175
202069581
202070362
202087105
202107807
202125231
202143775
202144056
202147282
202150214
202155763
202171741
202202180
202212207
202228875
202241912
202245378
202279127
202291350
202308429
202309621
202326447
202329147
202330790
202338727
202346084
202366920
202384238
202385796
202438950
202443674
202444024
202444305
202445613
202453599
202468050
202469926
202477155
202482057
202490357
202506550
202510366
202532358
202536128
202539358
202544442
202550436
202556089
202557895
202577908
202593503
202597112
202598706
202605052
202609473
202621339
202622672
202626327
202634919
202663933
202664664
202667933
202671377
202678989
202686713
202691917
202701313
202711257
202717342
202733755
202742797
202747566
202769568
202771021
202775171
202779509
202804633
202815151
202822336
202823402
202836781
202841848
202843670
202847289
202896905
202904303
202910410
202927075
202945615
202951713
202984608
203005988
203012214
203016654
203022213
203023149
203026670
203027351
203035757
203043380
203044013
203044482
203044585
203050278
203054243
203082464
203088832
203128944
203132970
203172602
203180302
203182537
203185769
203188630
203221983
203236314
203240728
203245434
203247192
203260479
203284038
203290263
203301082
203313060
203317682
203321124
203333207
203333405
203333427
203333761
203333970
203335763
203339590
203353209
203361060
203365470
203370180
203408341
203411151
203438244
203446921
203450607
203468796
203488560
203512504
203516660
203524709
203546970
203548955
203551946
203559470
203582542
203595901
203605660
203610298
203648853
203654405
203655005
203668267
203678222
203678541
203681522
203696334
203704830
203704981
203718239
203724242
203730772
203744373
203756341
203757585
203766396
203770757
203771348
203774436
203776964
203780021
203780822
203795632
203808355
203816670
203827483
203840998
203841117
203847087
203848921
203849959
203851437
203854219
203858436
203860999
203879183
203908708
203919392
203920168
203920350
203921294
203930865
203931358
203936631
203939218
203946504
203950218
203952576
203954373
203956916
203979926
203991675
203992873
204008346
204020897
204026016
204032765
204047087
204063530
204066103
204071055
204076994
204077634
204112744
204184987
204197456
204225963
204243378
204254792
204260847
204291429
204298229
204323300
204337771
204338537
204342149
204343287
204354910
204372808
204383943
204386356
204387829
204392505
204400048
204435449
204457954
204476745
204478649
204492622
204549383
204595653
204600199
204653476
204655745
204668449
204684995
204691980
204704315
204710339
204717166
204722780
204739524
204743265
204749425
204751337
204751381
204760905
204761447
204763039
204767258
204779238
204798285
204825620
204831388
204831937
204835307
204845634
204852287
204854219
204860906
204876182
204885620
204905070
204917446
204933435
204934043
204934682
204972043
204978986
204981697
205000830
205005239
205007052
205026329
205043997
205051449
205063457
205068804
205072159
205093811
205097856
205106071
205107251
205116334
205122010
205123309
205126556
205127136
205141225
205171274
205177170
205186998
205189245
205201911
205202022
205202642
205211863
205212520
205219404
205228876
205234721
205268158
205288685
205291948
205298547
205300778
205318825
205333990
205335146
205335364
205336544
205339955
205343113
205353758
205357440
205364116
205403580
205415370
205429876
205439053
205445249
205465991
205470994
205471069
205474798
205485346
205509141
205511996
205512331
205516455
205521966
205524503
205532567
205542843
205548796
205568966
205578093
205590874
205633139
205634021
205671216
205674250
205675581
205685553
205685599
205712546
205726855
205727589
205741173
205762457
205767272
205770247
205770650
205774447
205779181
205786246
205791741
205820542
205829368
205849210
205850960
205855656
205870210
205880633
205896387
205899728
205902409
205904423
205904768
205906150
205914029
205917998
205933089
205977818
205990607
205991272
205996118
206011085
206030450
206037123
206038137
206043558
206044096
206050644
206052476
206089442
206096603
206103185
206105989
206112004
206121984
206170458
206174475
206178675
206180840
206185806
206198842
206213546
206214465
206214633
206215885
206223496
206227599
206230219
206240268
206245956
206251715
206290355
206297890
206298194
206302084
206311261
206313981
206314174
206316066
206316791
206335330
206342854
206343339
206350256
206354458
206355520
206359628
206386356
206391281
206394241
206405418
206424851
206445086
206446423
206448937
206450499
206456092
206458221
206468009
206470036
206507960
206544911
206565459
206568893
206583839
206594795
206601592
206606943
206607441
206615433
206654387
206663904
206666852
206688126
206694507
206715839
206722332
206722743
206728261
206733621
206734545
206754526
206755345
206758705
206759825
206766668
206770797
206833208
206848105
206863047
206871039
206872555
206877628
206880779
206883024
206907187
206923485
206941409
206944394
206963283
206974172
206985199
207004375
207027047
207028145
207028373
207031601
207042087
207051698
207053309
207065059
207078326
207085663
207086162
207099568
207102611
207113685
207137998
207152022
207161412
207166599
207182781
207183621
207185812
207190621
207195371
207198158
207217241
207219614
207243098
207258419
207282299
207296297
207306807
207313694
207326135
207335828
207338441
207340227
207340494
207355353
207374329
207400890
207446708
207446927
207454262
207474341
207476028
207480112
207484061
207488434
207489469
207498400
207509478
207521523
207532987
207538531
207549754
207550293
207656103
207669667
207674414
207680781
207698218
207713385
207757773
207758504
207766885
207768684
207768832
207770076
207781757
207786937
207791166
207805152
207805304
207807498
207816301
207817550
207818266
207827254
207837275
207863525
207871555
207879106
207883028
207889225
207898261
207908604
207918234
207933672
207934878
207950233
207954617
207961616
207989841
208009307
208025975
208030812
208036348
208044578
208044724
208054661
208057308
208061965
208082395
208083258
208104800
208119633
208143153
208159423
208167058
208168622
208186695
208212469
208221282
208242534
208253003
208259168
208260824
208266367
208276249
208283110
208292838
208302270
208303877
208305343
208341254
208359479
208368840
208368875
208371118
208371700
208394706
208414716
208416418
208418273
208419557
208460062
208467565
208474591
208489351
208502302
208516790
208537912
208545682
208547330
208549603
208557311
208559335
208566425
208569990
208571457
208577887
208593404
208613549
208618046
208621522
208640916
208645945
208653145
208659428
208667083
208675065
208685597
208718054
208738925
208767255
208770821
208777634
208805641
208840514
208840544
208840935
208846822
208861677
208863954
208868589
208880646
208887248
208891124
208896770
208896854
208898931
208940006
208940678
208971773
208984580
209001702
209008522
209008919
209027076
209028577
209029520
209032649
209044961
209049972
209052096
209086775
209095157
209124094
209125379
209125532
209166734
209183029
209198321
209201717
209217499
209222099
209236146
209238755
209244417
209250500
209257058
209272409
209276615
209285567
209315462
209317980
209330072
209331324
209332390
209346734
209370845
209384450
209390167
209410047
209413684
209420931
209452114
209453145
209453777
209471398
209484474
209490583
209498655
209500423
209504435
209504778
209516275
209516714
209526225
209530155
209544215
209556700
209560572
209567479
209567664
209573890
209586775
209589404
209592114
209604082
209608120
209616543
209637598
209650020
209656628
209659930
209684501
209689764
209693140
209697588
209716449
209717966
209750308
209758507
209764324
209770715
209771712
209774091
209788775
209807829
209812192
209814567
209823076
209834037
209834403
209836230
209843183
209855147
209868071
209874949
209905121
209920996
209921682
209924941
209925948
209934000
209939960
209953437
209959300
209970358
210025798
210027124
210033685
210036786
210041850
210042221
210042693
210051462
210059738
210060611
210064975
210067174
210097266
210101712
210107587
210121381
210136858
210139752
210149434
210158456
210166949
210174037
210233760
210245902
210246558
210254940
210273517
210298162
210300215
210342793
210347798
210349294
210360385
210373119
210376548
210394717
210404335
210407159
210411010
210413478
210422615
210452250
210459280
210505866
210510690
210522345
210528849
210533536
210533764
210567953
210572650
210573303
210597675
210603434
210604401
210610855
210621732
210623344
210639982
210643816
210651702
210656686
210665847
210673862
210684782
210694552
210702637
210705081
210707137
210723996
210724519
210727887
210732780
210738530
210748048
210750654
210751709
210756871
210759914
210766889
210782120
210797376
210801988
210806259
210809584
210813232
210814209
210832019
210856138
210861396
210872464
210879671
210883939
210901246
210916236
210922875
210925568
210939363
210954091
210954446
210979856
211009617
211025952
211028964
211033150
211049068
211067676
211086972
211089181
211098343
211104313
211110003
211124731
211126645
211127044
211128584
211145668
211153896
211155032
211173559
211175415
211183397
211196002
211200240
211211406
211215912
211228316
211233003
211245970
211258865
211281093
211292323
211292815
211295413
211299459
211308712
211313204
211368450
211372967
211385671
211388081
211388709
211392424
211404082
211413678
211438193
211452239
211479620
211483073
211488772
211495362
211495373
211506394
211512945
211519992
211524870
211527860
211551550
211554040
211560143
211572959
211575522
211584010
211593448
211594202
211606322
211610177
211629012
211630034
211654919
211660156
211661268
211667234
211680624
211689777
211689847
211692937
211693725
211754235
211754486
211768979
211778951
211786287
211795709
211802087
211803048
211804334
211804640
211807494
211811466
211818079
211834055
211841976
211867819
211872164
211882073
211888461
211891789
211892258
211915743
211940847
211942069
211942485
211946557
211954917
211955486
211964186
211968367
211973070
211978617
211997092
211998968
212018174
212045606
212049137
212053114
212075933
212077738
212084843
212085844
212093002
212096277
212134313
212134756
212137244
212139460
212155748
212167774
212176473
212178100
212183638
212203312
212209150
212227765
212238874
212259921
212261819
212263313
212278739
212286108
212287926
212292020
212308430
212321939
212347415
212348709
212352883
212360030
212362475
212368454
212369545
212380751
212384301
212386903
212397203
212402838
212405845
212407421
212407970
212408204
212425911
212430661
212439001
212454334
212457285
212465437
212473027
212484405
212508199
212511126
212529180
212542000
212561659
212577789
212580160
212584921
212589759
212603757
212609697
212619281
212623821
212625695
212632025
212632228
212642337
212647366
212649750
212653518
212653548
212661905
212664972
212683309
212689623
212691799
212698736
212701115
212705339
212711441
212738693
212740316
212758330
212759515
212765798
212767423
212770444
212775429
212775846
212778521
212783091
212792406
212795846
212799642
212805978
212809523
212818381
212835524
212860288
212869324
212871132
212873946
212887508
212900443
212912873
212915524
212922116
212927980
212928639
212955498
212961161
212985342
213000546
213015283
213036150
213050891
213056507
213062214
213080757
213085044
213141802
213145629
213153867
213163065
213186540
213188944
213207575
213213198
213216410
213220618
213230373
213235659
213275296
213276138
213287907
213289040
213333371
213333592
213341005
213350505
213361226
213366656
213408549
213413883
213424484
213439014
213443859
213448634
213464038
213475424
213481733
213481737
213485441
213509609
213538125
213540283
213540575
213541560
213548722
213553851
213568330
213578781
213587847
213594760
213607959
213613174
213628689
213629786
213637475
213653490
213656193
213658459
213665770
213666280
213691929
213704944
213722912
213729928
213731056
213755269
213763719
213766176
213770471
213774452
213780967
213787105
213793302
213795294
213825893
213827061
213848978
213873485
213878273
213881654
213898092
213904945
213913963
213927682
213953763
213963384
213968333
213970033
213975543
213981105
213981399
213989805
213991273
213998199
214002479
214071930
214077991
214079376
214086305
214087602
214096464
214097863
214104401
214108896
214109200
214117117
214130798
214132053
214140053
214157389
214158752
214159732
214166520
214166822
214170925
214171550
214177375
214178904
214187173
214200027
214228321
214230464
214237750
214249836
214302814
214306720
214312284
214325901
214331181
214337840
214360687
214360831
214394592
214398736
214403645
214419827
214423379
214432926
214457880
214483400
214486073
214499049
214547089
214552747
214557733
214561929
214568302
214573313
214574347
214581136
214590150
214607485
214609600
214614829
214623867
214636012
214647401
214649609
214653267
214698022
214717491
214729452
214730006
214731545
214734602
214747520
214748684
214750020
214759826
214766169
214789341
214792255
214809483
214810843
214817618
214826917
214828993
214833884
214855208
214861851
214870048
214897244
214908977
214915191
214933775
214939976
214956646
214977043
214990480
215014716
215023620
215025811
215032919
215039402
215042658
215058870
215064233
215079188
215092675
215098292
215108919
215129650
215174404
215192997
215193116
215197619
215205779
215208716
215212320
215217025
215217479
215230341
215256143
215266926
215272007
215273778
215282090
215291695
215293252
215295138
215295546
215302652
215313482
215318186
215324147
215328122
215328150
215336613
215338626
215338684
215353280
215355521
215375893
215376998
215381009
215387794
215388454
215393075
215396393
215408275
215417439
215421169
215441135
215445748
215451739
215454840
215458600
215460883
215464018
215477058
215496634
215508080
215508663
215509018
215535757
215543412
215547135
215553911
215554562
215561898
215578791
215580270
215585072
215590689
215593426
215612959
215632860
215636147
215636190
215642050
215646811
215648849
215652831
215655214
215656831
215657746
215679455
215697689
215698424
215728724
215731037
215736179
215737194
215739483
215739699
215742929
215748718
215762298
215763372
215766381
215768353
215790420
215791761
215793272
215813809
215828154
215829905
215833427
215841518
215845829
215855346
215868478
215875269
215903687
215929750
215940917
215969459
215994915
216008425
216013452
216039102
216061235
216066605
216070498
216076595
216079635
216104372
216111234
216113020
216119693
216120906
216134572
216136207
216139372
216142044
216144414
216156352
216170196
216182559
216186834
216199177
216202198
216215235
216223156
216234776
216236859
216252011
216255105
216269159
216301387
216309901
216311098
216329455
216331686
216337353
216338048
216345062
216356540
216360350
216362960
216384340
216393323
216421383
216427991
216429080
216453364
216460808
216475774
216499338
216506278
216512116
216533947
216572911
216625850
216640022
216644353
216668644
216680202
216682586
216700768
216710677
216716096
216730053
216757173
216757586
216777114
216796648
216800153
216800927
216801494
216811135
216813369
216820009
216821624
216832723
216842759
216843743
216844819
216852289
216858873
216875207
216884596
216885219
216892363
216900582
216901437
216903160
216904891
216923981
216938294
216943745
216952249
216969596
216990907
217002238
217002737
217026899
217029560
217035264
217057062
217085486
217098355
217099130
217103199
217107693
217113011
217114987
217127606
217129666
217137355
217155349
217160976
217168807
217173230
217175345
217177468
217179183
217183107
217193655
217194838
217195064
217199523
217208702
217219053
217226284
217234410
217235840
217246199
217265371
217276096
217278902
217285987
217296588
217301445
217305344
217311051
217328619
217339208
217359604
217365786
217366216
217376720
217384935
217386471
217403696
217410440
217426997
217438349
217457625
217459137
217465671
217469489
217473586
217477223
217483830
217485861
217500352
217512108
217514358
217515643
217527034
217545819
217552015
217573996
217576476
217578468
217586422
217602944
217608699
217611783
217620932
217622709
217627323
217631658
217637131
217643308
217644550
217659997
217667572
217699326
217718204
217726006
217744499
217767508
217767644
217778806
217788307
217800440
217808182
217808484
217812891
217843019
217860603
217880115
217886134
217892756
217920707
217928264
217940881
217959617
217960032
217972777
218018685
218057028
218069021
218070520
218072273
218079326
218083654
218084930
218090125
218098680
218099249
218117465
218119536
218132872
218180671
218209900
218213541
218249140
218254188
218264104
218266260
218296757
218305855
218307605
218320906
218329869
218367252
218370612
218373510
218377837
218387945
218397741
218403427
218406579
218407073
218416390
218445303
218446186
218460160
218460401
218461137
218463458
218473172
218491067
218491143
218493808
218516779
218538403
218556927
218560690
218584405
218588020
218599510
218606905
218608787
218634182
218638440
218643764
218646130
218657009
218746237
218748606
218750585
218767898
218789106
218790156
218831694
218841800
218842395
218872606
218882548
218906679
218910132
218917935
218920011
218920681
218936877
218940745
218947380
218979371
219002835
219006893
219011422
219014077
219015760
219017482
219027682
219031201
219036024
219068498
219076306
219081065
219092149
219097865
219099278
219120383
219146207
219148587
219152131
219169008
219176419
219191417
219222952
219242968
219246544
219247722
219275178
219279803
219305803
219308711
219316990
219319136
219334237
219344098
219362899
219369883
219387930
219391995
219396147
219398815
219404749
219405153
219407472
219429619
219429754
219433487
219439259
219439665
219443480
219480213
219484639
219484688
219490259
219523227
219529925
219538136
219549308
219552861
219556928
219559399
219562612
219576266
219578195
219585917
219592708
219601076
219629730
219631543
219645338
219651577
219652388
219661914
219667887
219672758
219673103
219673684
219679812
219687518
219688654
219691455
219707099
219717708
219726300
219743569
219744114
219747608
219756192
219774931
219787259
219788985
219789921
219793506
219806489
219817433
219825611
219850137
219859473
219871406
219878375
219883316
219889145
219891030
219897276
219900576
219903333
219931195
219933642
219938320
219958529
219961483
219971443
219991370
219992629
219993139
220026148
220054747
220055457
220062735
220087822
220093182
220098069
220103252
220106346
220108037
220125850
220126193
220134995
220167569
220167828
220172212
220218434
220222998
220241240
220246128
220249120
220251751
220278206
220290083
220297576
220306400
220320386
220373082
220390770
220394912
220414338
220415393
220435753
220453679
220466327
220470372
220473597
220477976
220503894
220507252
220511137
220520087
220541749
220543202
220548859
220552304
220563623
220577349
220578060
220583406
220589993
220614309
220661992
220696468
220699018
220702734
220703133
220709943
220722236
220726372
220729222
220734800
220752287
220756066
220770591
220791603
220795012
220795203
220811296
220818858
220821872
220840895
220842406
220844363
220846437
220874992
220907653
220911187
220916784
220947297
220948879
220955474
220964139
220971790
220975669
220992123
220994196
221018496
221069344
221096579
221101623
221117033
221117258
221124350
221124606
221127413
221128188
221138311
221139759
221157944
221180827
221194897
221195382
221214823
221239145
221243772
221256319
221265027
221276106
221279664
221280725
221294673
221310668
221323647
221327268
221329029
221332990
221335429
221340386
221340431
221345793
221350575
221351455
221353580
221371688
221380781
221409582
221430060
221448147
221450142
221450774
221458924
221460404
221462610
221468515
221470496
221472976
221483401
221489345
221528881
221536926
221538186
221538938
221557771
221569227
221581917
221601776
221604769
221626611
221637518
221641220
221654604
221655469
221679453
221690368
221695596
221714366
221718162
221722743
221737681
221743170
221752799
221757543
221771970
221773760
221778719
221823150
221859177
221875597
221887849
221900670
221901526
221907391
221934373
221935025
221942089
222009274
222075321
222076189
222084504
222090807
222100765
222118258
222121813
222123953
222131531
222183122
222187794
222196641
222197657
222199446
222212204
222216414
222219435
222219746
222233611
222260392
222261218
222265401
222270453
222273959
222284716
222297943
222300567
222315904
222327184
222330277
222333496
222337735
222340196
222340883
222352058
222360683
222360947
222367212
222368644
222370568
222372798
222392286
222413238
222428737
222430439
222436873
222470590
222476941
222497933
222499427
222507714
222524324
222525408
222529280
222536683
222541321
222555638
222561449
222564370
222566605
222567713
222570794
222574783
222579444
222587011
222601131
222607144
222610536
222629840
222653620
222656483
222663184
222663678
222675360
222682076
222684883
222688382
222716580
222722022
222742002
222748547
222754302
222760505
222762092
222770717
222771204
222771567
222780238
222788977
222793832
222801119
222801448
222828163
222829198
222829541
222845421
222859953
222870779
222885872
222886333
222950390
222952318
222955968
222982382
223011579
223018802
223022943
223042847
223050489
223055259
223067742
223069349
223069721
223080957
223086087
223088248
223098426
223114104
223131887
223136466
223162953
223163432
223163997
223178022
223180485
223180760
223188950
223193148
223197113
223200802
223219158
223223302
223230258
223242384
223259587
223264842
223270017
223287962
223291230
223292170
223295946
223296514
223304685
223324557
223331146
223339601
223344376
223352557
223357708
223376949
223383952
223385594
223395050
223401458
223406534
223414114
223416302
223420357
223425817
223435267
223446850
223449848
223476491
223501467
223510877
223522138
223536154
223540099
223544677
223550699
223552942
223568481
223602821
223603842
223607149
223623363
223625119
223626962
223644831
223649879
223658239
223661623
223675514
223677020
223681653
223693981
223695831
223701457
223705286
223705295
223708913
223712375
223716730
223717851
223718903
223721635
223736230
223736509
223739667
223744524
223749567
223753713
223779060
223789133
223795613
223813726
223822059
223825068
223828280
223831906
223854738
223862277
223885846
223895644
223896223
223903419
223903956
223908453
223911119
223915138
223924620
223939303
223951143
223958272
223966449
223995860
224000256
224018942
224027419
224032214
224059426
224067088
224075321
224079445
224092664
224093494
224114821
224124718
224133275
224155424
224181580
224188016
224190095
224192934
224207439
224242587
224252362
224253606
224260806
224261022
224261094
224268134
224285288
224295838
224297399
224302834
224313443
224337071
224346083
224348009
224353094
224355979
224365461
224369935
224374392
224403503
224412712
224417966
224427594
224430600
224438924
224440843
224441735
224442672
224448760
224461928
224469823
224476468
224483884
224500276
224503655
224518815
224519062
224526795
224536971
224587962
224590170
224614255
224622990
224625112
224626787
224638328
224638461
224642361
224642647
224648017
224658188
224665187
224678785
224685893
224687402
224701470
224708084
224722368
224728475
224731273
224732456
224733000
224734386
224740420
224774303
224775167
224802997
224803903
224819241
224824760
224832737
224836127
224842424
224844645
224845383
224857135
224857320
224866404
224870008
224877078
224908871
224910743
224914874
224929022
224949883
224951589
224958314
224961322
224962866
224990120
225001165
225002657
225009832
225016966
225021670
225038220
225044998
225052804
225058409
225062256
225062418
225073664
225074314
225093900
225105050
225109035
225112282
225120328
225127549
225140474
225141062
225147209
225153763
225158943
225159170
225166577
225181162
225185254
225195129
225213317
225230207
225231758
225233619
225237412
225253255
225256920
225261028
225266044
225271930
225282680
225290674
225322655
225340050
225342205
225373357
225409734
225419307
225458456
225461621
225466016
225472936
225490235
225491288
225523009
225524097
225525718
225536292
225563714
225618171
225630889
225632601
225638616
225643860
225651537
225654864
225679405
225681672
225683887
225691693
225710827
225729521
225729555
225732282
225732703
225736764
225777252
225808547
225810951
225813257
225815913
225837097
225844872
225853242
225862032
225878777
225884072
225891733
225893339
225901142
225902779
225908250
225910542
225920600
225932410
225943346
225947989
225967729
225970077
225985567
226000969
226001590
226002119
226008540
226017476
226031601
226042122
226058207
226058640
226095374
226100150
226111736
226112448
226115046
226115993
226122800
226129256
226129635
226130364
226139799
226147857
226152548
226161136
226165491
226168429
226169947
226178227
226197728
226218341
226223644
226225359
226227308
226247027
226255226
226264218
226282160
226283677
226294786
226295421
226297183
226305415
226313387
226330631
226333242
226347666
226361018
226364925
226377292
226400301
226403424
226407052
226414021
226417665
226420811
226447846
226450331
226483942
226484604
226485468
226489593
226503746
226506270
226509696
226515522
226524872
226531471
226531826
226532201
226536607
226538514
226578951
226590709
226612136
226623643
226628127
226628367
226629078
226643359
226643527
226676981
226685692
226689967
226699757
226706489
226716656
226724474
226726424
226727522
226743774
226745997
226766003
226768981
226778800
226780302
226784514
226787605
226791250
226802510
226817450
226824431
226833045
226835729
226840922
226846989
226847601
226850998
226860599
226871917
226881190
226903886
226911840
226917505
226919549
226925851
226937809
226991064
226995091
227009078
227014398
227014599
227047262
227048053
227053161
227054562
227054718
227066318
227070275
227081088
227105336
227129882
227141555
227142344
227150805
227157384
227160428
227160616
227167747
227171151
227171965
227181273
227198053
227205342
227214840
227230951
227237947
227240484
227257229
227258857
227283456
227285225
227290366
227290572
227291494
227301294
227314436
227330491
227334652
227336435
227343032
227366848
227376985
227377354
227394872
227407487
227413198
227418570
227422116
227427541
227428214
227435087
227437573
227444803
227448737
227469938
227483268
227505499
227526238
227541588
227542640
227546993
227551420
227552301
227566644
227568966
227572626
227573060
227583527
227599565
227610309
227636124
227637556
227642860
227645728
227646155
227669507
227678089
227690881
227692923
227705821
227715376
227750065
227751011
227755265
227785806
227809087
227810143
227831326
227833069
227836404
227844467
227855751
227882307
227890877
227905856
227919304
227922398
227958225
227965102
227988049
227990424
227996705
228003576
228004659
228008911
228010512
228013217
228018162
228022444
228022878
228027090
228051186
228051620
228052549
228059932
228065165
228070980
228085475
228101047
228104126
228112663
228124517
228125529
228133890
228140935
228143611
228149125
228158882
228160651
228173121
228179055
228184024
228217285
228217698
228222342
228224025
228241477
228253495
228272905
228289791
228293631
228297538
228328853
228332153
228334216
228345514
228347243
228348822
228370096
228376936
228389133
228406292
228408693
228421299
228445074
228455983
228463180
228466173
228466906
228487817
228489602
228499367
228503082
228520900
228559148
228573501
228581034
228581184
228607486
228617343
228618623
228621774
228629311
228629410
228643969
228658953
228681519
228686834
228688600
228698279
228705240
228712045
228712359
228725577
228739972
228746585
228750165
228767718
228790861
228794438
228804174
228829250
228849018
228862699
228869419
228881492
228891067
228897007
228904484
228908945
228934946
228962348
228967005
228994295
228995876
228999901
229009349
229010183
229012274
229013258
229017915
229024634
229031548
229052486
229067278
229068320
229082992
229090663
229108273
229117596
229117653
229124649
229140448
229143209
229154706
229157845
229181031
229185390
229206480
229220747
229255363
229298686
229325509
229333553
229337913
229338020
229354396
229366970
229400398
229404980
229422975
229430035
229443606
229444838
229455472
229468625
229484766
229509190
229522004
229532786
229539469
229545640
229557426
229564953
229572499
229575367
229593442
229595869
229597770
229632912
229695642
229703218
229713229
229726837
229731602
229732139
229775679
229790606
229797111
229823159
229833715
229838645
229842078
229847725
229848334
229855462
229862682
229875539
229879510
229879592
229891672
229893472
229906452
229924974
229938677
229950365
229957288
229967315
229971952
229977933
230047747
230056428
230076070
230077107
230082878
230087558
230088838
230110997
230112914
230127532
230134883
230156423
230157883
230173273
230186892
230211396
230213930
230215490
230221759
230228792
230243708
230251445
230252052
230262944
230263840
230273115
230274141
230287329
230289110
230296028
230308957
230316542
230325906
230343647
230345257
230355442
230376130
230381234
230385664
230398532
230407457
230421195
230423712
230428953
230452450
230456003
230465472
230467449
230487341
230488170
230492185
230498442
230509267
230517425
230551152
230566306
230568948
230600927
230602614
230605699
230610263
230611887
230618563
230639760
230642110
230649401
230678224
230682663
230694185
230705161
230710415
230723653
230737018
230752843
230756810
230763902
230776338
230783517
230804806
230811004
230815611
230827038
230859057
230860168
230864816
230867250
230868465
230868812
230879651
230888490
230908286
230926871
230940830
230956032
230961811
230962512
230980470
230982734
230984992
230990098
230990920
231005012
231013639
231039517
231045315
231055034
231059915
231060039
231063611
231068507
231074478
231083069
231087975
231101901
231115171
231132740
231148928
231159264
231184797
231185684
231193699
231199971
231203573
231208846
231210402
231211848
231216918
231310881
231324433
231370216
231397767
231405804
231412413
231443395
231516760
231544816
231556438
231556737
231563302
231566068
231571389
231581046
231632475
231640106
231658682
231664473
231703786
231713392
231718976
231754053
231782120
231788907
231796754
231797573
231802097
231805043
231812113
231818179
231823230
231825823
231827172
231837034
231840802
231847276
231847595
231851006
231856778
231874486
231879622
231896695
231900513
231900533
231954071
231957201
231957783
231967083
231967136
232016935
232018300
232055851
232066330
232068478
232072795
232082354
232096479
232097678
232097909
232137463
232162933
232164074
232174037
232175403
232175459
232190738
232222106
232222669
232223004
232225864
232234315
232236603
232274334
232280252
232286335
232302335
232324619
232341844
232353809
232394783
232395274
232398072
232415932
232424816
232428083
232437171
232443585
232444433
232451007
232458213
232484413
232494548
232495855
232498484
232521228
232521835
232531347
232567449
232571639
232572814
232583356
232586261
232594686
232606125
232628887
232636883
232653569
232660786
232662171
232671864
232677371
232693818
232695192
232696463
232702714
232713332
232738082
232753992
232768117
232830212
232861032
232865408
232867399
232868007
232872579
232876742
232879238
232881832
232892192
232893549
232895566
232911635
232931266
232951314
232981301
232990018
232991861
232997285
233007737
233008551
233010529
233017453
233018028
233018508
233029289
233031810
233053415
233059666
233082847
233089240
233142769
233147433
233150162
233152758
233161980
233184514
233187751
233192509
233204159
233212116
233223080
233279730
233281151
233283307
233287171
233298045
233307097
233311784
233316987
233331039
233332269
233336594
233353194
233385780
233402013
233414674
233424070
233432038
233437327
233446248
233450794
233465338
233465676
233471261
233471785
233494076
233496464
233504993
233517849
233520545
233529633
233531676
233535181
233537836
233549403
233634315
233635982
233643101
233644033
233659522
233662026
233666200
233675581
233688789
233704997
233708987
233738062
233753068
233756684
233758867
233764087
233766053
233771881
233792523
233802873
233807817
233813516
233830095
233837230
233851048
233872273
233876380
233885872
233895024
233899280
233904519
233914022
233914036
233945742
233951194
233957753
233980999
233987074
233997413
234018087
234030668
234051362
234057000
234062505
234077671
234088762
234091553
234092406
234098515
234111810
234111952
234113713
234118278
234136804
234141924
234178466
234179610
234205206
234225838
234229017
234257214
234266017
234322357
234334458
234335179
234341215
234344331
234371052
234375050
234385482
234396187
234413809
234421760
234437639
234450589
234453703
234469798
234484457
234504591
234529291
234531293
234533454
234533873
234542247
234549759
234554336
234601589
234636651
234648258
234657459
234664028
234686134
234711076
234727806
234733862
234740835
234789054
234796075
234827904
234829064
234835053
234851608
234867376
234869590
234887750
234905871
234911160
234918873
234938863
234952247
234974802
234975738
234978032
234986475
234994474
234997534
235009541
235014419
235016165
235040712
235045524
235060350
235076833
235120667
235152494
235154850
235199504
235230233
235253305
235255598
235273754
235297958
235323961
235341141
235349010
235353844
235359690
235363835
235365933
235404674
235432039
235438788
235444496
235461210
235501344
235508073
235557269
235583499
235586806
235596449
235601227
235606719
235608598
235625143
235649791
235656965
235691883
235697018
235703175
235714538
235719606
235732461
235746335
235747435
235749300
235760782
235775218
235781136
235803421
235808003
235808088
235815762
235816927
235847780
235860852
235866865
235875649
235885838
235899644
235915345
235916668
235947790
235957600
235958922
235961967
235962735
235966407
235990800
235998296
236003703
236041539
236043871
236069126
236079625
236090193
236091616
236096733
236099963
236103463
236113739
236114528
236120261
236131195
236142455
236153072
236161143
236187172
236194754
236196487
236200247
236201170
236254202
236255526
236283081
236290747
236293478
236294338
236302351
236315047
236328328
236329042
236333396
236344813
236355871
236374192
236378019
236380590
236398742
236400464
236402330
236404564
236408720
236413506
236434551
236434990
236445638
236449746
236451854
236459995
236462691
236475825
236504233
236523053
236537602
236549562
236557184
236569622
236592723
236594816
236623841
236624656
236626263
236652555
236655807
236658107
236660041
236668019
236684624
236690140
236695312
236701512
236706375
236713398
236725696
236744278
236744423
236745040
236747065
236755534
236758995
236759966
236768649
236784239
236786328
236788290
236789623
236795562
236802694
236807894
236811837
236813962
236818144
236825832
236829216
236830043
236840378
236846052
236851919
236857735
236858807
236863427
236872433
236887450
236911259
236911947
236945191
236947895
236983305
236985300
236999193
236999700
237004123
237009769
237024675
237027190
237054022
237057784
237061967
237066675
237089467
237095378
237096769
237107721
237123118
237129046
237129221
237132936
237142257
237146451
237167497
237181102
237186616
237191525
237204863
237204911
237206532
237230408
237252654
237257739
237280719
237293136
237296125
237299678
237300358
237304294
237324976
237329579
237348889
237360392
237377064
237403388
237406198
237410751
237417714
237455790
237464989
237486273
237498763
237514877
237520294
237589177
237614734
237638581
237642065
237647317
237664131
237687995
237696641
237713867
237716668
237731068
237732667
237748609
237761067
237783928
237785067
237811008
237813683
237815134
237833614
237842568
237845797
237868922
237886759
237895608
237899493
237913128
237921075
237960817
237963089
237965905
237979350
237990638
237990987
237995373
238002179
238008505
238009639
238029194
238055619
238058516
238065568
238067439
238072010
238081330
238086555
238091398
238098354
238102071
238105566
238123486
238140378
238153239
238163279
238171392
238196536
238200498
238204089
238212498
238267406
238267581
238282844
238291556
238299996
238309569
238342566
238345254
238398118
238426453
238440503
238450949
238455063
238468037
238475135
238492346
238496947
238500692
238518497
238571727
238581167
238585365
238589070
238601942
238602009
238608044
238631229
238677380
238682649
238685401
238694876
238725888
238728460
238737569
238768715
238788946
238804407
238846897
238849893
238869803
238872870
238875635
238887965
238892960
238898721
238905970
238923065
238927588
238933135
238934686
238935253
238943031
238963967
238999507
239003450
239012529
239030370
239035592
239057505
239058461
239063838
239081275
239095238
239107302
239111557
239122124
239133089
239137059
239142579
239144784
239159237
239199798
239201235
239204498
239217347
239224623
239229401
239231659
239242257
239245749
239249335
239251211
239251274
239258304
239261005
239276408
239289298
239294687
239319327
239326861
239327584
239342005
239377425
239395273
239403383
239415238
239428154
239476838
239489521
239492537
239521626
239527189
239537827
239538162
239551510
239585854
239594149
239597745
239631673
239634950
239653850
239657987
239660386
239662845
239695291
239711142
239714656
239739091
239756373
239774083
239775516
239798624
239824111
239824119
239837987
239840180
239844959
239865164
239906087
239916097
239916953
239937332
239940799
239942174
239942627
239942890
239960402
239978190
239991252
240002513
240018338
240027480
240045682
240050971
240055855
240061344
240085134
240096298
240103502
240118411
240119605
240122272
240132385
240134246
240146156
240163865
240214596
240218104
240235970
240249625
240258348
240262963
240303495
240306327
240319689
240321779
240328574
240336491
240407128
240455124
240456327
240460060
240472191
240479950
240512917
240525711
240526112
240534868
240543037
240550836
240552149
240553001
240581504
240593805
240595160
240599471
240616170
240690779
240703262
240707981
240721152
240736222
240736287
240737034
240741386
240742650
240743814
240745024
240752523
240754392
240757199
240759641
240766846
240780236
240786059
240815021
240824297
240826563
240841913
240850302
240863743
240920946
240924846
240926667
240929768
240946043
240960488
241009675
241010448
241018115
241019728
241049000
241058766
241067186
241070496
241071964
241084495
241085643
241103106
241104146
241134530
241151665
241161164
241167115
241171442
241187287
241211612
241243677
241246549
241252825
241294437
241297243
241301880
241307174
241309242
241337843
241347512
241362381
241362581
241377294
241386543
241395519
241409914
241427092
241442190
241447898
241451384
241472115
241496084
241526611
241541711
241548260
241550902
241574114
241579671
241601557
241615961
241625210
241635771
241665898
241673678
241695600
241714215
241723985
241729992
241751265
241762330
241773407
241808656
241813643
241826882
241828048
241903295
241910290
241913176
241923278
241932319
241965557
241966130
241987662
242011216
242031377
242037762
242046751
242052794
242082368
242084231
242111738
242121311
242123998
242149409
242154207
242187123
242191497
242191764
242208210
242243586
242268902
242271528
242286304
242308600
242326584
242376504
242379092
242379376
242391059
242423179
242433545
242433571
242454127
242456670
242460152
242472764
242479871
242488559
242503255
242506962
242513367
242559789
242574571
242582445
242594950
242603477
242607381
242619740
242629845
242646458
242674709
242702222
242704910
242707873
242711593
242766141
242776427
242781588
242805535
242806026
242822739
242845949
242864741
242880244
242889646
242897409
242897769
242904187
242911545
242913356
242913986
242916503
242922645
242924836
242925722
242941283
242965126
242980104
242998583
243000201
243008754
243012415
243033246
243051594
243051846
243075411
243083952
243085968
243090336
243110963
243117213
243122875
243125572
243132513
243146790
243147619
243148728
243153844
243174097
243175062
243179498
243189798
243211949
243217311
243234160
243237935
243240062
243242956
243247689
243249208
243292422
243298044
243304231
243306199
243307376
243314402
243335827
243373807
243378592
243387804
243400422
243423833
243430611
243478381
243482870
243486636
243529183
243530889
243543406
243546670
243556640
243559374
243562463
243567217
243574660
243583803
243583988
243601878
243614698
243616245
243622848
243633017
243645360
243654488
243654653
243664124
243679582
243710062
243716756
243718781
243738821
243750146
243785291
243795191
243811386
243811727
243818470
243839316
243850989
243855045
243875217
243895553
243898510
243923356
243943201
243962187
243981244
243984092
243988199
243988657
243997547
244035515
244044395
244047699
244066344
244110935
244115821
244123508
244126537
244127653
244131946
244132829
244208996
244211883
244212425
244234045
244239738
244282288
244306896
244309149
244309801
244315405
244319934
244323006
244331734
244351987
244375787
244378197
244381116
244403375
244412711
244451006
244479849
244501493
244502895
244508173
244513048
244528384
244535818
244548109
244570534
244612107
244639276
244642038
244642079
244675312
244683314
244685049
244694044
244696825
244698123
244711266
244714974
244720325
244733474
244740020
244745598
244751188
244757551
244781162
244789282
244830816
244863951
244897256
244903551
244911397
244933664
244964267
244964520
244967365
244969031
244971462
244976187
244998601
244999105
245007207
245028854
245090340
245095277
245106479
245108677
245160229
245191694
245218326
245219210
245219950
245227355
245228950
245252280
245259417
245263639
245276526
245282622
245283710
245297765
245313930
245326837
245353085
245374630
245377199
245392660
245395298
245404598
245433953
245438557
245438581
245441763
245444045
245449691
245451488
245459289
245466892
245484357
245492540
245517522
245525773
245539687
245550517
245595987
245600063
245608281
245613136
245623171
245625864
245633973
245637260
245642947
245644762
245661360
245688978
245704824
245769403
245782116
245784994
245791702
245795509
245803312
245818151
245823223
245833932
245849103
245855971
245870412
245871817
245955245
245961436
245985785
245987855
246003842
246007984
246013231
246017447
246020716
246022406
246036620
246047886
246066843
246075847
246076770
246081421
246117857
246118464
246118467
246120564
246133268
246138928
246152844
246153388
246166846
246171424
246195091
246195099
246199727
246218625
246220609
246221642
246232446
246258359
246281118
246287879
246296042
246296232
246316293
246335547
246339789
246344125
246367557
246379146
246382934
246386606
246387272
246406568
246426657
246427805
246428844
246430633
246436899
246462303
246496588
246497529
246522453
246549488
246553397
246555669
246606892
246619404
246630007
246631400
246656754
246664522
246666738
246667827
246680770
246686910
246709774
246711752
246725816
246726379
246729391
246731305
246733763
246749878
246766504
246781158
246794921
246799233
246808341
246836805
246838913
246843237
246843900
246852274
246861167
246867205
246878097
246879900
246881310
246900060
246904372
246914245
246916013
246919496
246929358
246961277
246962611
246963618
246970953
246971350
246982244
246993644
246994127
246997226
247000225
247015409
247025091
247027473
247027786
247032260
247051630
247061059
247069978
247114564
247115169
247148238
247153290
247173128
247181775
247206331
247221679
247287621
247294072
247300153
247307781
247325797
247339935
247341471
247347889
247359040
247360674
247403618
247410736
247416497
247418704
247438767
247438912
247469595
247473752
247478041
247478207
247484692
247495116
247507387
247507536
247509572
247509808
247511394
247514069
247529565
247550925
247557713
247597879
247634220
247635117
247643020
247645326
247647938
247650520
247652422
247656225
247677090
247678371
247681278
247696067
247708226
247715630
247736784
247739344
247761183
247785052
247793332
247798783
247809715
247819469
247820983
247841736
247857163
247869100
247896454
247898282
247939747
247951977
247983389
247995851
248011531
248038881
248041261
248056301
248062535
248082240
248087316
248088279
248093786
248097893
248102412
248112103
248113595
248113931
248119615
248119834
248120619
248147109
248167135
248184835
248203469
248221751
248232119
248232507
248237663
248238149
248245978
248246326
248246758
248249195
248279746
248301755
248319452
248357046
248373813
248397816
248405694
248407699
248424830
248437260
248447284
248466443
248467066
248468713
248481567
248491904
248508584
248511979
248529428
248531702
248540244
248547527
248548188
248548715
248557963
248562880
248595301
248609673
248611361
248617428
248632825
248640510
248648391
248657803
248661693
248670509
248675002
248683274
248684039
248694991
248698645
248725588
248728181
248754444
248757262
248773150
248776050
248781642
248782208
248793791
248799446
248810862
248833327
248851085
248859749
248884842
248884904
248899870
248904443
248910133
248929520
248935157
248941595
248952041
248956512
248960907
248968395
248986004
248988789
249021430
249027990
249035222
249040217
249044895
249068992
249071368
249088002
249094111
249105784
249136801
249163665
249167668
249168299
249193422
249200325
249206610
249210148
249234087
249256331
249268278
249272191
249277145
249282300
249285765
249286451
249293107
249297618
249307082
249307759
249307940
249310630
249319860
249339085
249362894
249365938
249385864
249393959
249397595
249413371
249442583
249442584
249443032
249452991
249457118
249465164
249495256
249507314
249510256
249533738
249542633
249546256
249546872
249549752
249556791
249589699
249598857
249604490
249608034
249623035
249638932
249640149
249654685
249670549
249679336
249701762
249723933
249748109
249758625
249759528
249781065
249785152
249841732
249887074
249909163
249931216
249949054
250001726
250014815
250037577
250046418
250066406
250075855
250116317
250119116
250131578
250142531
250149219
250158188
250193323
250244615
250250142
250251828
250254462
250259234
250260522
250268448
250288545
250289654
250302584
250306774
250316927
250321740
250334409
250334738
250338317
250355086
250361362
250405509
250406660
250423928
250437358
250459887
250514612
250521156
250528800
250558901
250580340
250585492
250591927
250600914
250613434
250633648
250637210
250645351
250657950
250667354
250693140
250694413
250699409
250700322
250750825
250754977
250765526
250780425
250784869
250793365
250822411
250838622
250861277
250861925
250897640
250938196
250938712
250941878
250951022
250962788
250964970
250966131
250974492
250983866
250985994
251006422
251009297
251010807
251050093
251073755
251091242
251114012
251132739
251154903
251156079
251156516
251160957
251165972
251177558
251199664
251221428
251222283
251224968
251229164
251254909
251269768
251312206
251329092
251331920
251389074
251402621
251405542
251406857
251410182
251422105
251426664
251429107
251432506
251436517
251455787
251462133
251463788
251485833
251491801
251507376
251511324
251599890
251604740
251618382
251620174
251639076
251661751
251665000
251671167
251688972
251692026
251705606
251724806
251739301
251762896
251764779
251770625
251790797
251798343
251801894
251810609
251842593
251876947
251882812
251886712
251896278
251905232
251911942
251912520
251955529
252000447
252014035
252023002
252034926
252037198
252047264
252073976
252076928
252089406
252096680
252099025
252110872
252140770
252163582
252165098
252176013
252192229
252225182
252236701
252244237
252247343
252248737
252261572
252266105
252275014
252276531
252287916
252301330
252305850
252306444
252316726
252324705
252331755
252341158
252347430
252354859
252371230
252378797
252385590
252391268
252402807
252407134
252420464
252453005
252500296
252515304
252518899
252520499
252524518
252534250
252559394
252559880
252578377
252578505
252582383
252582630
252597487
252606679
252611153
252613942
252623692
252643067
252645895
252698559
252698723
252703497
252705859
252706245
252740139
252740726
252750613
252777499
252784769
252784947
252791657
252794032
252798233
252802466
252842635
252854063
252871690
252903067
252906868
252912749
252913035
252924219
252936376
252958546
252977330
252980751
252991743
253005289
253026427
253043746
253059711
253076895
253089766
253105487
253118854
253131203
253135562
253141245
253160871
253161265
253171924
253175662
253184693
253186212
253193679
253195685
253205625
253209918
253210356
253215065
253225730
253227575
253235437
253279462
253292762
253296584
253298817
253299382
253314549
253319314
253320152
253338979
253342533
253342835
253358876
253422483
253428347
253436278
253437923
253456906
253464850
253477128
253491127
253515867
253526418
253533919
253538414
253545265
253545468
253552073
253553229
253557473
253577315
253583691
253605215
253671669
253674609
253684547
253685994
253704164
253708415
253712305
253720529
253721269
253724649
253734183
253772897
253792912
253818883
253822140
253829984
253834199
253861192
253883696
253890105
253916945
253947876
253962745
253966427
253979889
253999481
254000842
254004472
254024582
254034526
254061067
254077484
254082304
254094827
254105039
254105173
254114384
254125928
254139391
254143834
254148273
254175120
254200697
254206102
254208109
254213348
254225318
254226181
254252333
254256087
254265045
254284260
254299049
254309041
254320033
254325468
254332251
254343145
254358405
254367807
254367955
254403886
254412466
254425417
254437771
254445369
254454594
254463140
254471529
254477785
254485492
254535452
254553009
254553081
254556817
254567893
254582766
254584653
254584842
254596325
254623924
254629432
254656563
254660988
254666413
254699372
254708600
254741483
254746345
254749280
254753361
254754422
254760553
254764107
254776274
254779260
254784453
254802619
254811548
254820169
254850772
254882409
254893420
254897895
254912758
254928224
254941640
254959851
254972566
254988277
254998656
255016577
255020788
255021344
255027357
255028048
255033142
255048538
255052040
255062640
255074122
255096877
255123868
255131975
255168612
255174960
255190164
255191266
255212062
255215758
255250111
255287345
255291858
255302777
255309330
255314460
255323609
255338951
255339170
255347739
255351561
255394054
255395788
255410918
255431803
255449628
255452214
255460220
255463622
255464421
255489581
255514138
255522596
255534766
255537821
255545821
255559714
255561695
255562361
255572399
255577186
255578260
255579042
255609777
255633887
255648039
255650573
255656146
255659814
255667841
255668312
255679558
255680925
255685905
255686292
255699056
255711980
255724449
255745652
255759875
255764990
255769866
255791407
255800420
255821760
255823312
255862773
255871140
255873394
255889382
255905649
255917752
255921877
255936879
255939095
255944818
255946766
255950475
255957640
255974095
255981051
255982925
256006184
256006804
256011740
256019675
256029730
256042862
256044262
256052746
256072332
256125551
256127375
256128869
256132182
256152144
256168128
256184803
256192716
256196548
256218213
256245206
256255205
256270686
256278568
256300980
256308054
256324837
256327644
256337510
256345148
256357281
256363467
256400132
256410212
256418085
256424601
256477979
256483993
256487014
256488560
256510697
256511026
256511346
256514229
256525560
256543174
256573802
256578066
256579407
256592146
256602114
256607152
256632471
256634922
256644594
256649160
256672253
256679679
256679805
256697353
256704170
256717073
256730506
256773459
256794956
256796745
256804876
256811125
256815367
256819932
256820005
256858652
256865021
256875703
256884832
256889215
256892377
256904856
256913936
256918353
256922181
256924156
256926378
256942911
256959182
256959702
256974710
256976922
256988350
257009569
257014262
257019553
257023607
257050207
257051335
257055719
257056679
257069764
257114199
257122241
257125772
257130456
257138154
257140551
257141675
257155849
257163945
257164783
257177848
257178555
257179739
257191244
257199796
257212049
257250324
257257680
257259144
257262955
257272309
257272773
257295766
257297377
257300059
257311663
257312850
257317892
257326493
257364971
257385959
257403713
257408872
257417341
257422181
257443692
257444504
257448491
257475649
257494015
257498137
257498602
257504476
257508332
257511929
257524971
257525114
257525398
257529370
257538092
257541161
257548153
257555890
257574742
257583139
257596761
257614426
257631726
257641233
257647237
257692386
257695673
257702721
257705248
257707611
257727196
257733793
257745736
257752388
257765447
257769255
257781955
257799273
257800113
257821929
257830985
257834742
257847005
257868288
257887419
257894188
257926106
257930471
257935391
257944952
257952364
257955346
257964614
257972838
257978146
257998346
258003271
258035915
258036199
258044733
258068625
258074142
258076064
258079930
258105077
258133405
258140710
258146543
258157660
258174209
258215592
258219908
258229940
258250160
258251967
258258588
258301670
258323595
258325045
258326416
258328318
258330926
258336214
258352431
258359010
258361168
258368211
258401046
258427183
258438223
258466335
258478304
258478355
258480879
258487377
258505553
258552590
258565294
258566250
258581181
258586321
258591498
258596063
258598238
258603140
258620031
258645479
258653508
258665877
258668209
258669383
258671250
258671283
258721643
258779039
258782385
258791397
258797801
258811219
258816736
258824728
258831498
258832054
258833271
258846989
258848383
258861655
258864050
258892355
258909331
258912708
258930450
258936442
258944114
258959508
258969736
258969841
259000184
259001928
259039563
259044347
259052322
259062650
259066858
259076646
259080312
259121148
259152433
259166248
259170988
259181181
259215263
259237413
259238112
259239000
259267546
259278980
259314888
259321548
259327343
259335564
259357881
259370672
259387052
259419598
259421058
259431431
259436021
259447646
259449848
259473526
259499663
259500840
259502160
259522320
259527104
259533897
259543066
259556450
259563573
259586381
259595939
259611630
259663952
259684101
259684281
259712378
259729482
259750928
259757401
259758920
259762989
259779763
259786137
259789767
259797824
259806609
259848060
259872786
259882569
259895872
259898764
259900041
259903649
259910361
259922639
259928060
259949328
259956922
259962562
259964345
259994450
260008666
260029567
260031898
260043200
260047018
260051076
260054696
260055821
260075607
260085256
260089521
260096206
260100666
260107601
260121318
260143218
260144069
260152459
260154933
260161659
260165216
260209559
260210084
260227476
260244252
260244776
260246913
260257080
260263620
260278416
260308047
260313180
260323888
260328688
260357757
260361489
260369885
260372569
260392959
260423732
260426059
260431812
260442684
260445878
260454322
260456385
260465248
260485310
260490587
260504270
260510254
260523631
260523903
260525424
260527670
260573060
260590643
260593821
260610644
260631454
260636438
260637656
260643782
260659576
260667162
260669434
260674328
260676970
260688854
260723266
260724142
260728837
260741371
260741540
260765203
260767061
260783079
260819404
260831155
260834292
260850739
260852935
260855309
260856104
260903977
260907321
260920582
260924212
260962973
260974127
260974876
260998515
261004677
261013345
261021988
261026370
261065496
261075767
261084083
261084960
261099591
261117285
261127657
261128394
261133743
261135159
261145352
261151712
261156371
261157650
261160614
261222524
261242484
261244036
261246591
261248406
261251330
261253824
261258335
261269930
261277587
261281407
261306751
261315206
261323740
261346585
261375895
261387836
261392514
261395498
261396344
261406391
261407405
261424827
261433120
261442634
261453629
261454083
261456522
261463150
261483560
261487494
261506909
261510828
261514238
261538730
261544844
261548963
261565914
261568636
261571284
261581773
261589161
261632951
261647101
261665953
261683915
261700089
261721169
261731743
261756604
261782048
261810312
261842146
261847093
261860701
261875998
261892593
261926013
261932432
261959816
262015986
262019591
262020253
262053744
262109666
262114704
262129505
262133463
262225345
262230646
262255803
262256217
262274290
262294597
262307333
262314463
262340091
262349559
262352645
262357045
262358548
262371122
262388254
262424367
262441837
262487487
262492056
262502959
262551096
262558344
262560464
262561081
262561730
262563185
262581398
262619011
262624853
262645327
262672324
262672477
262681981
262690878
262699100
262702720
262710267
262710271
262711261
262716540
262736770
262739887
262743150
262746512
262749851
262754798
262759882
262762365
262766973
262774816
262801458
262809196
262825197
262846351
262848469
262852729
262877816
262878783
262880965
262901660
262915300
262915837
262919625
262922479
262956617
262970500
262986425
263010415
263011766
263029106
263037105
263061430
263068031
263078859
263078990
263096715
263121034
263158281
263171860
263178592
263179192
263191924
263192631
263193024
263201015
263210660
263215493
263220397
263236430
263250516
263259814
263272731
263283803
263288742
263296496
263308684
263339910
263352034
263380792
263408734
263414775
263438564
263442750
263446859
263464422
263481262
263483189
263487151
263487457
263496528
263499929
263501736
263511150
263513923
263529871
263548032
263548073
263549096
263552970
263562486
263575757
263584119
263588166
263597310
263601820
263612168
263620019
263632609
263649804
263673342
263680000
263700967
263727945
263766491
263809494
263818411
263843796
263855819
263859290
263866584
263888095
263903746
263909276
263917601
263921071
263922739
263938478
263948531
263958992
263959103
263961786
263998149
264008756
264027294
264031392
264037427
264038989
264078386
264090225
264103087
264130814
264137075
264163364
264196843
264207449
264219329
264227339
264240579
264242016
264260088
264275157
264298403
264305711
264306552
264326080
264328747
264340996
264356368
264359811
264366727
264393899
264417917
264422181
264449556
264456445
264471674
264503549
264508108
264513966
264517678
264520026
264586815
264591358
264607320
264619858
264629602
264639127
264672752
264678131
264687690
264703304
264706394
264709359
264715276
264722228
264743011
264744360
264754622
264766792
264767134
264767796
264788465
264824274
264867955
264884227
264891722
264936205
264965602
264981961
264999301
265004597
265012989
265034102
265054201
265130835
265135939
265138512
265141397
265149155
265152835
265160173
265179769
265191180
265204300
265206908
265222935
265244937
265251710
265269543
265282160
265314923
265315522
265333571
265340694
265341436
265351350
265365709
265370084
265394537
265402997
265415035
265422635
265429358
265445620
265458760
265459540
265477402
265477683
265479283
265479602
265492873
265519075
265519393
265541110
265547682
265564561
265575230
265610815
265620635
265626948
265633420
265650839
265662529
265677522
265682778
265694876
265696282
265710052
265726590
265733676
265734841
265738486
265740623
265772409
265773033
265814299
265845824
265847265
265852846
265855989
265863343
265863834
265901285
265935776
265939350
265941902
265959279
265963223
265963279
265967534
265978560
265999128
266000223
266007312
266012430
266022996
266034411
266034713
266042258
266049776
266058684
266075511
266090331
266103454
266114268
266115497
266141459
266141570
266168750
266171760
266179187
266183128
266196651
266198776
266213994
266219278
266220636
266221054
266243473
266261000
266261720
266274792
266281079
266289882
266295398
266296842
266307005
266313544
266323387
266336969
266358901
266365634
266385198
266392300
266398480
266406327
266411753
266438625
266444128
266448273
266453159
266488157
266562070
266566777
266576450
266579427
266580793
266597283
266607473
266628668
266630602
266632562
266650102
266665269
266681077
266714711
266715858
266732982
266754976
266764554
266776455
266779955
266807271
266812361
266816823
266818206
266843777
266846138
266853694
266861562
266897593
266899157
266902135
266907090
266907415
266912362
266915581
266926746
266931854
266933449
266968412
266969246
266975043
266989397
266994746
267003969
267017543
267026893
267083645
267103087
267110021
267110360
267114533
267117151
267117268
267133154
267159010
267160591
267160644
267184081
267187253
267203641
267234366
267234722
267234853
267252148
267254043
267264272
267266098
267279968
267281003
267291736
267292240
267292261
267292913
267353581
267357468
267363728
267364823
267374494
267374818
267377866
267384592
267389201
267407573
267410079
267414678
267420411
267423236
267438304
267438441
267451126
267464934
267473243
267479826
267490394
267495169
267503445
267507726
267512141
267516857
267566455
267566644
267637231
267677731
267678881
267696960
267702329
267716224
267720205
267737559
267741671
267744922
267774880
267779673
267798267
267809075
267809809
267815592
267818261
267818748
267819415
267826841
267835470
267836944
267848166
267848896
267851342
267862030
267868196
267870428
267903442
267904731
267934010
267937304
267945449
267959562
267961606
267988687
268020712
268023042
268033301
268043233
268066511
268067299
268073921
268081689
268088524
268089388
268131898
268142286
268154461
268167614
268172678
268172710
268176348
268188830
268196931
268228722
268232963
268260135
268285842
268294964
268296914
268313453
268331252
268353279
268360771
268361565
268367134
268367448
268371051
268398539
268432841
268446140
268447792
268455374
268456046
268457125
268469088
268473998
268515202
268523299
268524040
268562405
268573466
268575254
268583507
268624477
268624867
268625438
268636497
268636762
268662289
268673590
268680816
268683905
268697647
268701025
268703489
268718487
268747555
268747895
268751849
268757938
268760525
268766311
268766829
268781607
268808844
268813637
268830742
268834682
268842457
268846285
268850177
268857717
268875175
268891068
268923539
268924853
268925310
268926392
268930503
268947392
268974087
268989285
268989495
269018816
269023521
269045038
269082264
269096296
269106483
269112221
269118265
269120573
269122527
269129468
269140170
269159177
269160898
269162634
269170071
269179348
269179607
269196091
269197582
269226411
269228076
269244679
269245307
269251842
269257018
269270622
269290317
269290405
269291455
269301710
269305397
269321633
269326084
269331881
269346914
269359570
269369626
269379762
269388317
269393878
269394671
269397256
269402256
269419991
269438467
269445679
269445804
269467486
269474480
269479452
269480140
269487546
269501073
269514616
269530174
269531060
269544111
269553666
269558399
269574123
269579114
269580601
269594573
269602301
269607146
269607937
269632563
269633771
269635463
269640620
269647754
269655613
269659379
269687043
269687780
269688145
269710369
269716981
269736262
269737246
269750855
269774832
269777918
269812252
269837857
269845061
269854664
269856510
269859033
269866018
269872572
269891796
269926400
269955382
269956494
269971043
269977605
269978399
269994310
269999029
270001296
270002783
270012224
270019858
270030443
270078241
270107764
270112258
270114944
270117084
270123906
270139640
270141381
270148463
270187449
270190122
270235741
270241108
270242495
270243869
270254936
270256120
270259087
270269777
270270938
270271338
270275597
270282316
270323525
270325379
270357751
270358747
270371236
270372872
270391958
270392231
270403604
270414299
270419659
270496672
270507910
270513781
270536837
270537555
270567192
270592944
270600741
270610855
270633924
270637673
270637865
270641597
270646510
270667105
270688902
270703501
270742436
270754245
270763458
270775854
270776318
270787089
270790010
270800506
270832917
270836977
270853330
270856853
270867521
270889903
270892008
270894431
270901813
270902003
270905487
270909462
270909911
270914311
270971604
270981007
270984726
270995052
271003958
271033494
271047723
271051488
271075838
271077535
271080776
271136584
271136655
271137159
271145935
271146818
271163130
271176957
271181291
271183569
271186378
271187113
271187616
271194325
271198662
271213620
271245278
271254874
271275904
271284638
271309554
271310015
271311102
271330381
271334763
271344279
271351364
271351548
271358599
271364913
271402893
271403302
271413862
271418396
271441389
271479999
271528091
271538745
271549405
271579628
271580088
271581101
271581821
271583138
271587590
271610374
271619557
271624329
271632497
271638909
271684548
271689023
271768712
271775533
271788570
271795243
271823229
271827869
271833283
271837574
271846275
271868588
271870516
271875995
271877577
271888930
271906153
271913427
271933733
271941668
271946582
271963970
271964783
271967601
271972478
271999522
272009237
272012538
272032916
272036795
272048861
272054858
272055771
272076739
272080635
272085104
272086364
272094448
272098763
272108516
272120086
272156004
272170426
272173530
272174831
272192956
272202096
272215484
272225935
272243908
272253017
272263200
272266032
272266554
272266983
272271407
272275533
272297917
272307937
272328845
272342358
272343266
272346344
272351595
272375244
272376023
272386493
272398736
272402160
272420495
272432576
272434203
272440290
272457033
272461882
272472206
272483107
272505093
272509183
272517696
272525930
272533053
272541049
272548744
272571204
272573495
272587298
272598652
272611967
272618443
272630002
272639610
272639628
272670195
272670677
272676503
272700474
272704591
272709117
272710246
272729620
272753905
272758081
272778336
272780560
272793506
272795302
272808561
272821340
272830100
272833547
272841567
272864967
272872125
272872245
272874741
272874954
272884288
272885715
272897023
272913426
272913642
272927816
272930347
272945711
272954198
272963843
272996179
273004126
273018348
273028240
273047173
273063089
273064658
273076993
273077494
273077723
273079888
273105567
273131949
273139461
273156423
273167598
273178596
273189655
273193621
273197019
273207888
273233754
273244206
273253914
273262754
273267453
273288739
273297679
273317050
273335176
273350252
273352717
273357010
273359341
273361909
273368222
273372363
273386937
273422666
273423445
273433865
273449193
273457292
273462046
273466717
273474757
273490039
273493899
273504338
273511724
273516163
273519563
273525538
273529472
273530818
273536409
273544201
273548176
273557444
273558053
273560306
273561263
273573495
273598356
273598921
273629266
273633262
273640214
273641868
273642297
273668143
273670240
273711422
273729540
273729783
273747097
273790546
273799978
273839454
273842157
273843396
273846660
273877845
273884378
273890425
273900674
273910637
273919618
273921555
273926141
273934006
273958371
273961582
273964046
273964966
273989953
274048422
274063385
274066881
274072285
274078339
274079215
274109738
274120511
274157632
274160456
274160664
274171655
274184557
274186135
274186388
274193250
274195015
274204995
274206648
274213999
274220336
274292832
274304425
274310126
274318188
274326523
274327662
274342131
274349208
274365397
274395848
274412703
274415122
274416489
274417951
274419413
274436152
274438119
274447636
274457812
274466579
274469615
274516403
274543456
274571862
274577256
274605013
274606065
274606764
274640983
274644081
274670846
274685833
274693318
274694919
274697550
274702142
274706175
274708732
274709865
274720498
274729812
274733083
274746907
274750387
274773401
274775984
274785104
274787821
274804777
274806060
274831410
274838745
274850855
274889195
274891546
274913880
274915358
274927313
274930121
274939818
274971520
274976037
274977161
275007851
275013898
275021701
275023729
275026196
275034284
275038671
275043648
275052029
275052772
275076390
275080594
275086842
275094636
275108967
275112775
275165729
275167625
275177340
275179817
275201866
275206341
275252491
275259783
275268504
275274363
275285625
275300197
275304648
275304943
275306295
275318221
275332295
275353762
275376659
275390762
275396622
275397324
275419530
275455821
275486190
275528979
275535842
275539000
275543278
275551931
275561384
275592731
275602992
275603957
275619293
275621148
275627147
275631752
275633161
275667622
275684810
275689830
275704067
275713822
275716706
275723077
275724246
275753237
275773617
275784942
275808494
275819495
275833527
275842946
275855701
275869698
275878538
275881135
275897728
275909655
275930599
275946888
275949883
275953807
275994876
276003729
276006124
276024985
276025166
276034873
276048240
276056807
276060121
276072480
276082215
276090624
276095327
276098772
276103568
276129568
276157300
276172660
276175869
276198530
276214189
276238087
276257171
276264407
276269039
276280624
276294342
276294355
276351486
276359062
276359255
276365103
276368215
276382718
276401625
276405528
276418108
276420650
276471497
276473121
276494313
276517891
276519947
276527549
276531978
276588722
276598895
276601274
276611238
276617240
276641305
276646768
276651145
276665258
276669009
276671220
276672400
276680032
276698391
276723513
276735487
276741126
276746269
276759558
276808352
276808515
276808786
276829454
276831675
276846339
276851913
276856544
276916761
276923293
276929586
276945643
276985597
276989586
276993884
277012647
277017296
277025225
277035417
277054822
277070246
277071136
277082387
277084013
277100230
277107180
277122321
277131274
277136365
277153788
277155672
277158344
277171594
277178299
277185326
277232749
277267292
277295811
277339063
277356013
277356512
277368384
277372302
277373300
277374917
277375968
277388916
277406212
277411278
277414841
277422124
277427587
277435545
277440689
277461637
277503195
277515791
277527382
277534952
277538062
277545111
277559319
277583499
277631094
277643782
277656833
277688945
277698869
277704363
277716973
277717478
277748573
277762216
277768153
277770319
277777723
277822256
277869543
277882926
277900977
277901230
277904885
277913963
277920989
277922273
277949634
277955863
277960172
277962294
277963599
277964269
277980249
277980902
277983157
277989178
277996184
278013609
278016351
278018973
278040697
278045297
278052131
278053116
278058402
278087448
278096612
278105827
278113643
278175818
278213934
278217900
278226341
278230676
278250129
278252662
278258674
278280929
278281264
278282010
278299182
278341233
278341842
278355276
278358846
278365290
278370868
278377092
278383375
278421051
278421968
278426246
278430350
278436179
278445642
278446429
278447408
278465685
278480551
278494104
278500946
278525443
278554248
278558438
278593269
278604504
278611779
278619188
278623620
278626021
278631593
278632844
278636461
278639799
278646525
278699266
278703724
278708495
278730084
278740891
278742361
278792268
278795993
278807994
278830405
278838459
278872412
278873299
278884199
278894877
278908185
278918328
278920069
278929265
278947144
278960997
278977761
278978571
279012181
279030116
279030845
279032492
279054218
279070529
279088592
279094262
279102699
279107834
279115666
279151978
279171474
279171855
279185617
279202494
279214329
279218226
279244356
279276320
279283132
279290789
279300297
279301520
279301967
279303599
279333617
279358910
279386109
279387036
279410658
279412151
279424212
279464248
279477017
279481012
279488045
279499263
279499329
279510924
279523806
279539860
279581712
279583040
279590360
279617182
279617772
279624092
279635602
279639090
279652308
279680108
279686559
279697787
279699812
279786369
279796940
279798665
279806117
279809039
279810473
279813357
279819143
279827782
279864895
279868559
279887992
279888633
279893694
279896025
279901879
279902187
279916465
279934366
279961299
279975927
279975975
280017442
280031889
280071171
280072793
280082620
280089275
280095054
280102773
280122412
280125236
280134370
280160701
280169669
280171630
280178336
280180212
280211991
280255494
280272503
280283312
280323610
280323983
280327160
280339518
280343180
280346706
280350420
280357970
280378391
280388237
280398644
280437908
280455152
280464733
280510680
280524250
280570136
280648289
280671334
280691689
280703544
280715276
280730046
280744113
280772320
280772421
280778853
280796626
280838226
280842685
280872552
280878005
280882181
280887293
280896191
280899627
280901150
280932157
280932642
280940713
281011466
281018457
281018802
281047524
281076994
281077456
281084164
281089514
281089628
281098352
281120483
281125879
281155987
281160379
281171271
281240859
281244474
281295573
281296363
281322338
281323826
281340096
281344419
281346391
281346574
281354308
281370463
281375616
281390570
281400211
281423047
281444042
281444652
281454585
281469985
281504168
281514265
281518385
281544005
281550103
281579873
281580756
281583332
281590957
281595602
281596974
281597011
281607244
281622783
281640820
281654245
281654757
281657507
281671523
281673157
281673559
281715022
281715798
281719138
281725773
281748044
281748673
281757549
281757762
281759010
281797622
281806516
281817489
281827772
281828899
281837438
281837446
281841376
281844904
281848275
281866908
281877094
281882502
281884501
281928039
281946618
281949551
281968525
281971951
281983939
281994093
282028568
282038214
282044120
282049274
282067349
282083420
282122120
282143185
282169528
282169985
282171581
282213475
282236842
282241801
282245802
282253227
282256336
282287593
282294950
282299736
282308423
282326970
282339133
282342185
282385784
282414856
282420024
282468727
282472746
282485137
282492472
282492953
282505332
282508223
282516785
282526669
282527729
282535902
282536979
282543577
282572294
282575883
282599156
282623912
282628077
282649134
282659109
282667369
282670437
282677010
282692950
282693293
282779794
282786024
282841263
282850617
282851047
282862994
282879026
282883002
282911033
282929429
282929833
282941413
282961173
282978973
283006684
283013111
283038720
283039162
283054278
283057684
283079539
283090835
283106131
283107110
283114807
283136670
283138788
283142176
283159916
283164222
283172643
283187469
283217258
283220521
283354064
283364868
283371964
283384713
283391551
283403130
283419869
283434416
283483435
283494645
283498724
283515397
283515667
283579019
283598198
283601089
283603654
283613236
283616886
283627626
283628515
283634619
283637279
283648413
283650103
283651750
283663980
283702728
283721818
283739440
283742018
283745029
283754605
283755377
283756795
283758192
283771700
283777256
283783110
283791252
283792224
283797446
283852252
283875735
283904309
283909946
283915759
283937570
283945609
283948587
284003786
284008745
284020217
284025338
284031198
284088606
284092284
284106916
284107681
284115217
284125855
284134809
284136908
284148920
284158462
284159183
284160414
284162182
284162212
284176454
284194832
284222439
284223380
284226799
284228845
284256547
284284439
284317154
284325436
284353169
284433721
284451975
284452758
284470238
284470248
284478997
284487847
284490513
284496639
284505522
284510207
284521726
284524037
284548069
284555494
284555536
284565367
284612572
284630300
284643475
284661635
284719913
284741621
284783980
284788246
284824579
284826189
284842806
284846561
284885824
284905595
284933077
284977205
285017752
285038945
285045386
285049003
285052774
285062331
285128003
285128959
285178349
285182080
285206045
285232263
285242101
285246352
285271873
285294266
285326433
285326940
285334398
285347053
285360693
285376189
285380397
285390521
285424881
285443152
285472544
285481549
285485961
285496768
285500989
285502298
285509752
285525137
285528417
285553184
285571177
285577697
285579185
285586061
285587170
285615365
285620029
285645298
285645476
285647578
285660593
285666502
285701766
285710449
285723962
285752351
285764575
285776239
285783441
285801880
285807233
285816869
285828315
285863413
285873190
285878152
285893979
285949843
286027178
286032755
286086375
286099249
286100637
286105218
286119653
286141539
286145941
286164256
286190683
286210007
286213805
286218409
286245012
286254894
286259801
286270607
286274039
286310863
286321792
286353596
286377246
286388565
286392995
286477913
286495957
286501550
286507374
286509616
286545603
286566204
286628412
286638668
286659024
286682562
286709108
286735485
286742320
286747433
286748893
286767556
286790351
286816242
286820133
286824609
286831595
286846171
286859276
286876855
286883778
286888896
286894843
286899834
286907604
286916868
286920579
286924093
287018006
287025831
287034766
287082969
287087713
287096749
287163020
287186262
287188638
287201830
287210123
287216777
287231539
287249639
287261505
287264249
287264508
287265304
287271990
287292775
287294200
287321935
287322978
287329435
287383596
287398608
287414959
287439331
287452018
287456076
287467881
287480259
287514006
287520260
287527860
287590767
287608774
287612032
287619563
287626912
287635922
287667086
287672274
287679284
287684256
287688743
287688944
287693669
287694861
287702982
287707334
287785026
287785836
287799463
287803333
287804072
287810623
287817021
287833017
287878125
287885104
287887465
287892215
287896872
287896931
287913035
287918137
287918742
287925574
287939013
287954937
287978285
287980247
287983386
288008126
288022027
288025915
288027544
288080157
288080883
288092767
288115561
288120874
288147585
288162250
288165425
288170149
288188851
288190010
288233001
288251963
288257714
288260100
288265661
288286362
288299049
288305138
288316310
288345886
288398655
288422846
288434873
288435198
288453250
288469703
288479060
288526707
288539943
288541068
288580318
288602278
288603331
288657453
288657582
288698058
288720273
288722658
288731012
288765508
288766347
288770553
288773185
288778925
288800451
288805384
288807521
288808487
288814857
288815715
288903404
288913888
288939806
288957819
288960291
288962175
288972470
288996141
289015951
289030013
289049425
289059034
289063354
289070047
289077703
289081543
289088802
289090378
289092666
289093146
289098806
289118992
289135265
289141334
289157068
289180411
289187477
289191757
289199542
289213342
289216586
289259541
289273289
289277804
289278721
289283671
289287874
289292975
289302438
289303922
289306181
289333982
289338265
289343384
289382794
289392703
289392927
289417843
289430638
289432452
289434320
289443330
289449428
289461015
289464403
289504202
289513741
289547001
289547193
289585759
289661006
289685932
289725464
289755107
289773574
289790036
289795659
289825197
289839783
289861133
289861175
289865706
289891197
289897456
289927643
289928548
289933562
289946487
289964569
289982535
289997582
289998114
290020391
290029735
290051215
290092186
290099488
290101517
290103622
290108365
290154428
290169479
290186734
290187167
290196210
290196806
290232013
290251267
290260371
290281418
290387044
290389178
290413590
290439713
290452257
290473808
290477846
290497977
290503751
290513877
290517671
290523189
290526851
290530101
290573634
290585870
290609540
290641784
290642928
290653418
290659023
290663617
290683440
290698173
290712182
290722815
290750129
290750178
290765166
290774889
290798551
290799854
290810635
290835901
290836493
290858563
290861042
290927765
290938976
290949555
290962942
290966712
290972089
290972368
290974167
290974288
290994568
290999293
291006690
291008538
291016317
291043078
291055937
291060535
291064509
291066881
291079271
291107754
291112260
291113475
291117640
291118304
291120940
291123745
291124829
291143488
291164725
291187588
291209579
291217871
291223064
291230400
291230432
291236659
291247699
291250466
291260979
291272594
291272669
291294044
291294802
291324459
291324887
291326852
291331568
291338577
291345889
291376353
291387511
291399128
291403292
291405761
291411572
291462870
291468206
291480942
291482715
291485308
291494961
291508642
291518954
291523918
291546652
291583043
291606291
291628716
291637452
291703736
291714729
291715739
291721656
291721933
291780837
291785143
291800473
291808463
291839758
291842330
291857825
291894477
291898008
291904619
291911668
291933893
291940551
291953726
291969635
291991017
292036046
292044940
292051971
292054857
292062513
292069666
292071298
292075833
292085640
292096862
292119438
292141051
292141324
292159994
292172321
292196305
292227563
292240793
292257091
292263582
292271487
292273365
292297783
292299371
292320417
292353717
292360854
292374706
292380475
292415580
292424377
292429723
292439887
292454273
292496156
292501131
292512764
292515049
292516731
292527648
292535234
292539280
292559146
292581544
292581636
292597189
292600492
292619992
292630857
292636614
292641674
292651018
292654614
292677991
292704330
292713898
292718296
292725906
292740085
292746474
292749653
292753163
292770238
292778947
292791722
292798875
292799177
292819171
292838318
292841586
292849220
292852708
292861863
292862667
292867697
292927222
292935905
292957798
292973776
292976671
292993585
293043185
293091002
293092946
293093235
293103981
293124272
293162249
293169419
293173855
293175620
293185104
293203587
293235494
293247414
293261960
293277510
293327065
293336871
293376950
293385813
293429376
293457137
293465814
293478129
293500989
293512245
293521323
293523585
293528290
293546349
293587193
293594957
293602404
293612212
293630757
293630784
293639010
293650423
293670931
293671764
293684318
293706101
293721921
293724165
293745639
293754229
293756544
293778051
293783240
293812447
293852652
293858463
293860077
293862221
293870586
293884321
293897331
293898797
293903547
293903772
293906490
293960092
293990286
293990516
293993693
293998511
293998639
294000790
294004149
294007329
294010422
294010956
294011046
294023800
294035676
294037944
294063696
294067021
294077072
294110051
294113155
294115996
294117580
294119876
294120922
294136380
294144638
294177974
294194159
294195734
294211206
294223940
294266625
294275628
294290111
294296518
294316408
294333305
294353290
294365581
294377737
294391839
294400508
294422473
294423047
294424195
294425058
294449835
294451116
294465588
294484321
294485732
294497919
294505686
294506390
294521591
294527014
294532686
294552186
294565720
294568289
294578717
294604984
294605625
294610860
294620108
294622190
294664165
294664362
294674320
294677833
294686335
294702824
294727446
294729476
294731571
294732260
294734039
294752317
294766522
294768455
294790490
294792314
294794023
294795670
294797501
294799465
294818122
294826388
294834334
294845761
294846815
294865180
294877849
294878766
294884820
294899984
294906542
294908394
294915868
294986158
294992523
295029937
295047543
295057385
295068550
295073566
295156734
295163053
295195139
295206777
295206801
295214721
295222373
295225152
295227547
295229299
295256581
295286182
295319544
295353772
295390243
295399814
295415066
295471026
295485366
295500389
295519039
295520557
295524571
295530835
295539338
295546976
295567861
295570278
295591271
295621714
295629511
295634421
295643137
295645999
295655858
295661616
295688299
295753237
295754416
295762386
295764242
295775791
295786304
295796089
295797756
295816004
295820735
295825150
295856573
295863990
295878750
295910455
295935006
295935878
295947889
295954563
295970511
295987975
296000951
296002452
296004800
296010441
296011501
296017230
296025311
296059113
296063193
296072494
296090841
296099279
296107853
296132470
296137740
296160113
296168505
296173871
296174565
296185949
296205438
296219917
296225555
296226518
296265310
296266753
296277494
296290551
296313468
296331524
296334941
296357255
296371218
296419235
296456972
296474619
296479009
296504986
296508593
296514499
296534774
296609523
296650352
296652770
296656094
296657919
296662287
296687452
296694728
296744102
296749488
296754151
296759806
296760911
296773107
296808809
296834987
296844926
296853440
296853761
296856254
296861361
296864595
296881240
296915740
296921805
296934340
296936496
296940279
296949490
296957626
296963567
296964273
296975328
296980536
296985281
296992578
296994804
297048507
297048846
297063095
297064592
297081076
297092392
297139189
297189407
297212848
297228573
297255893
297305641
297310772
297337355
297338016
297348669
297379909
297380629
297412306
297415195
297430498
297455702
297494800
297500774
297551894
297557024
297560347
297573266
297575888
297591383
297593765
297594720
297597744
297607191
297607600
297637697
297640539
297646657
297653878
297669206
297682422
297695830
297747356
297748409
297752766
297753870
297754793
297755862
297766708
297769421
297778444
297784159
297811018
297835741
297881919
297891084
297932047
297937506
297945898
297969284
297970244
298001444
298002180
298048105
298052081
298074320
298075533
298078997
298092421
298099182
298108213
298118650
298139396
298140861
298152481
298175408
298202174
298242473
298244112
298257493
298317348
298332594
298344012
298347954
298368555
298371360
298379383
298384255
298387550
298395397
298401471
298431498
298455509
298466890
298466941
298468240
298476274
298486427
298489772
298501218
298522110
298525251
298531384
298539806
298545575
298546056
298554753
298556492
298568281
298573878
298579115
298590285
298642666
298645481
298660144
298668008
298668570
298676245
298689266
298695263
298718619
298754240
298776559
298779292
298787477
298787746
298787945
298822052
298837793
298853275
298867250
298887893
298891751
298892269
298897679
298910752
298926312
298960173
298964832
298979712
298993189
299005270
299011497
299016902
299018751
299054386
299055378
299059999
299087635
299087720
299097889
299101454
299131147
299154380
299155657
299157089
299176027
299214108
299237938
299264049
299265596
299265773
299277859
299295224
299303025
299317527
299324120
299330334
299335755
299339185
299347543
299350911
299354304
299365944
299379979
299380282
299386286
299415103
299430532
299440977
299453192
299460635
299463531
299464978
299467740
299481081
299482263
299485742
299503389
299504999
299510397
299522098
299575055
299595093
299597736
299613818
299618797
299629921
299634865
299636287
299636426
299652268
299669055
299702069
299702807
299708235
299722856
299748246
299756039
299761984
299764264
299765635
299786758
299788663
299810675
299832549
299839212
299850583
299854809
299876729
299886800
299890802
299946576
299960716
299969777
300014750
300039983
300048132
300059284
300088710
300092488
300110344
300118765
300122534
300135685
300137893
300159266
300182847
300185328
300221387
300254975
300265467
300266815
300283379
300290393
300292447
300310534
300312531
300316410
300334219
300346493
300381185
300393510
300421227
300421505
300426946
300439837
300474205
300491052
300508336
300517991
300518291
300525000
300560386
300588014
300591916
300596084
300603619
300609663
300620680
300666231
300671632
300675449
300676801
300684537
300685120
300742568
300753238
300755421
300764296
300783633
300795019
300801511
300802621
300826182
300881905
300883535
300915591
300931197
300934172
300934881
300956708
300959657
300972621
301000391
301037720
301043510
301055171
301066376
301068119
301068912
301098137
301126579
301126703
301140293
301140992
301172506
301180926
301190386
301191889
301197953
301205639
301218929
301222074
301239491
301240103
301249077
301260920
301303503
301305038
301315548
301320673
301367685
301372434
301394237
301398845
301405175
301422480
301432354
301440041
301446139
301449096
301468940
301473388
301473855
301499386
301533346
301543004
301561116
301564390
301637335
301638599
301646737
301649591
301674890
301674943
301692438
301700373
301703618
301705059
301711590
301716234
301734857
301756457
301760258
301769192
301804162
301811609
301820760
301824624
301832176
301853879
301898873
301908665
301916547
301923451
301929535
301943749
301973120
301981597
301992412
301999319
302005858
302007869
302008614
302014585
302062813
302063472
302081020
302132951
302134115
302146271
302147470
302147609
302185303
302211994
302235080
302241935
302281869
302281887
302286263
302292688
302318110
302333184
302348629
302351022
302375938
302390048
302436234
302462606
302466939
302467357
302499130
302502200
302509120
302518379
302522099
302522520
302524623
302537022
302546161
302548565
302550000
302554077
302559099
302565406
302567716
302571335
302575250
302581411
302628429
302631285
302644982
302654983
302660986
302667401
302686893
302703027
302703579
302704778
302716936
302720829
302736396
302757241
302764393
302769333
302777967
302787553
302809193
302815798
302849814
302863495
302870387
302883267
302892150
302906826
302913753
302936038
302943917
302948974
302966532
302975726
302978905
302985682
303000858
303009243
303038375
303070493
303076985
303080607
303083224
303085479
303116540
303127822
303131347
303132801
303166843
303179438
303182566
303201451
303205110
303218517
303248050
303276870
303287792
303313265
303329673
303330506
303345088
303351513
303395834
303398277
303406194
303420634
303421552
303432925
303436929
303441358
303469153
303476893
303489462
303512972
303515915
303518663
303535711
303543977
303550150
303584008
303588372
303608764
303637675
303644934
303644939
303670601
303695851
303705266
303710449
303714747
303748780
303758478
303768251
303792702
303792872
303798179
303801079
303809251
303813669
303815399
303835652
303859726
303881338
303883671
303919263
303922143
303939737
303990289
303990925
303991521
303991671
303992092
303994946
304006107
304074056
304082056
304086990
304088714
304090718
304101083
304132101
304133240
304207847
304223681
304233102
304245636
304251724
304255710
304262673
304283730
304310496
304317028
304344577
304364137
304381493
304414688
304416372
304451964
304460867
304473780
304473818
304480994
304497995
304519219
304534195
304545581
304548853
304563750
304574279
304597591
304609763
304625606
304630324
304636062
304643897
304678926
304705880
304723492
304726103
304733391
304737388
304744539
304752175
304799423
304805663
304807157
304822623
304826342
304829609
304839466
304851640
304864638
304870934
304873031
304890151
304930076
304943089
304958615
304959672
304973707
304980593
304991336
304995892
305002292
305034723
305037280
305055629
305089342
305089811
305092667
305101041
305110802
305112592
305124538
305139220
305140706
305148156
305154614
305169610
305176495
305181816
305182577
305196116
305224997
305225514
305234096
305234594
305234787
305237808
305240918
305264440
305301970
305302349
305310637
305343830
305368387
305384344
305432154
305438829
305443800
305472378
305491536
305494361
305507615
305514662
305519898
305551080
305570306
305578233
305610850
305624057
305647884
305670614
305704986
305720669
305723087
305744431
305747558
305757976
305759762
305786908
305789311
305824395
305834876
305835964
305865552
305920755
305949703
305956155
305966471
306003315
306012238
306020742
306023381
306033933
306041200
306056530
306058332
306078791
306090535
306098154
306102047
306119835
306122114
306157152
306172135
306194960
306195593
306203015
306216895
306232058
306239231
306243836
306249584
306283888
306294577
306324660
306347205
306349223
306356365
306376588
306469927
306480960
306491140
306512294
306516776
306516832
306565090
306565899
306567976
306568955
306583187
306615789
306628692
306651549
306687767
306694025
306710855
306761999
306765833
306783925
306786865
306787564
306795083
306810502
306817654
306830586
306831607
306842977
306880878
306892131
306899123
306913796
306917739
306924010
306941455
306943016
306979868
306983308
306987420
306989697
306990347
307000530
307004470
307006503
307011376
307018559
307023849
307031161
307033208
307034294
307038697
307043699
307051218
307054129
307088908
307109919
307112245
307116586
307124823
307125609
307133213
307134963
307155527
307178112
307190111
307198455
307199446
307203524
307205214
307205561
307218027
307233285
307290818
307301990
307307526
307346272
307365741
307386073
307386101
307396732
307397655
307403247
307421987
307430648
307437567
307440126
307448918
307452916
307462182
307463945
307482789
307483085
307496851
307504576
307528000
307532660
307541368
307542002
307550405
307558111
307565106
307565298
307567572
307587019
307597342
307607401
307610603
307622104
307623175
307631226
307644392
307650199
307661573
307677913
307702247
307704658
307709243
307726466
307742390
307745362
307746707
307751059
307788328
307800832
307802671
307815211
307827626
307838637
307862723
307902079
307923642
307992898
308014667
308020033
308022049
308049403
308049710
308054293
308057656
308062168
308063876
308070151
308076068
308077291
308091585
308104005
308107003
308122563
308125773
308137930
308138378
308144191
308155361
308168521
308183845
308191622
308204383
308240499
308245256
308249294
308253780
308261457
308268036
308288751
308289849
308290765
308326221
308363661
308365960
308381218
308386184
308388150
308402580
308403330
308411396
308413503
308415330
308417706
308419580
308427649
308427831
308429349
308449637
308465065
308476656
308510768
308531622
308535317
308538385
308543440
308558141
308565725
308575240
308580963
308598433
308599041
308617833
308618356
308618781
308627375
308644141
308650742
308653410
308658920
308675421
308705681
308711159
308719783
308723853
308732346
308739921
308776014
308781539
308784790
308787062
308792462
308818007
308819413
308824511
308836986
308842722
308848776
308849999
308860043
308863964
308877931
308883225
308890637
308892410
308893088
308893432
308900163
308902843
308910840
308917435
308927717
308928247
308951518
308967776
308977837
308990190
309007691
309016585
309018390
309041566
309053570
309058716
309062801
309066318
309098943
309113575
309124293
309130477
309150307
309159426
309162542
309164847
309166210
309169707
309193295
309194463
309203460
309217604
309252274
309312118
309313397
309319899
309326883
309421253
309445668
309450826
309468039
309473458
309480012
309480164
309491662
309493438
309528677
309560301
309608512
309623957
309630873
309641832
309642836
309644744
309647999
309666004
309674271
309693328
309693657
309701562
309707144
309727530
309728681
309729030
309730051
309731835
309736291
309764572
309770790
309785958
309789216
309800540
309801381
309802459
309806392
309807624
309815204
309816027
309824971
309841031
309845436
309846921
309860928
309869630
309918992
309935359
309937184
309937887
309941105
309954316
309967406
309985514
310002064
310023883
310025084
310078737
310082560
310089629
310123979
310128587
310178372
310194291
310240825
310251022
310251234
310262923
310269727
310291037
310292947
310304902
310305858
310321623
310349681
310352101
310353493
310357584
310359508
310383424
310386097
310394404
310408986
310424588
310424924
310430311
310455193
310463792
310504650
310507770
310518266
310540104
310543371
310545654
310551089
310569908
310595002
310610790
310623929
310626492
310642572
310662005
310669864
310678917
310679469
310682850
310692588
310694080
310705852
310748419
310785559
310795143
310824483
310827286
310877151
310907037
310907414
310908436
310930115
310934729
310955334
310959289
310979387
310990095
310990994
310998831
311052280
311063939
311081010
311081334
311090868
311133406
311143434
311169419
311170274
311179435
311212140
311222936
311231136
311249872
311264085
311274532
311274623
311284020
311292875
311298886
311339197
311352122
311359036
311377517
311379104
311379528
311381934
311410542
311418423
311428102
311433066
311433891
311444009
311463305
311523102
311529348
311560262
311570424
311570887
311589844
311589927
311644703
311645338
311668845
311669149
311690580
311717207
311719240
311729038
311750739
311763204
311825385
311873062
311884617
311886663
311902651
311955560
311986543
311995407
312000390
312012635
312015675
312036822
312047894
312049282
312061860
312063527
312072170
312092851
312101413
312105006
312113804
312123530
312133367
312137212
312138453
312144805
312146087
312146792
312161011
312174187
312196538
312197295
312203794
312218085
312253338
312256937
312257593
312272871
312274761
312314627
312315710
312348217
312351112
312371183
312385569
312387541
312392948
312409992
312420029
312431287
312431488
312455221
312461164
312470598
312482002
312498921
312512959
312536514
312543636
312555942
312564300
312565062
312571919
312573659
312589119
312594641
312599659
312606645
312627238
312649728
312658651
312694874
312714671
312721235
312726080
312729335
312749308
312752185
312756174
312758466
312799927
312820403
312860466
312876918
312900399
312907081
312950785
312965724
312993406
313007313
313020610
313021996
313027501
313045302
313053712
313054963
313060056
313071904
313096492
313113494
313132190
313154697
313162004
313168143
313176841
313192002
313221429
313235730
313289204
313291102
313291839
313292352
313304172
313315748
313326534
313329961
313366863
313369944
313387313
313391692
313443633
313460999
313465767
313479678
313505022
313512469
313534470
313540023
313541109
313542581
313557303
313562199
313572926
313616143
313633622
313639905
313673996
313691673
313707266
313729360
313749991
313753657
313763909
313771948
313790576
313828354
313829305
313833962
313848155
313855751
313857236
313860170
313866790
313917840
313957623
313970604
313974810
313990847
313994031
314001840
314013608
314025248
314039007
314049237
314056644
314094906
314106300
314137711
314139481
314146465
314147375
314158706
314164202
314181244
314184199
314202325
314229199
314245836
314268081
314292321
314295472
314300446
314333516
314334769
314339572
314359405
314378240
314415305
314436805
314456554
314479303
314480613
314490275
314492390
314497392
314501955
314502516
314505898
314508010
314510291
314516533
314535125
314540319
314553430
314568002
314601960
314604686
314607701
314611795
314628100
314629030
314629096
314642849
314652621
314659108
314670210
314685512
314696079
314711312
314716668
314735266
314743478
314769080
314785254
314789242
314820007
314825655
314848394
314852497
314873344
314877896
314926882
314936762
314936995
314938396
314941834
314946357
314962019
315008633
315011485
315039287
315081371
315082628
315087902
315098423
315116942
315118781
315119196
315141428
315145132
315147395
315168238
315176590
315182851
315193122
315194407
315196735
315231582
315244581
315259059
315262658
315302965
315325505
315331218
315369163
315377449
315383288
315404279
315406291
315408126
315411390
315412206
315414307
315427543
315430561
315454304
315457569
315472869
315509138
315526657
315546025
315602851
315623148
315631093
315644230
315661837
315686055
315704786
315748071
315760379
315783943
315813114
315819318
315819801
315823257
315843826
315854219
315855990
315857839
315872005
315875034
315892681
315921050
315932439
315962471
315969941
315972193
316002145
316037354
316045735
316065749
316081369
316086441
316092656
316099244
316108146
316130507
316149857
316190529
316236609
316244905
316259432
316278350
316298510
316300081
316302708
316310330
316314569
316331928
316358687
316371735
316383690
316389453
316399329
316401643
316407624
316409826
316414378
316438544
316445168
316455842
316462017
316485567
316486957
316488141
316499918
316506344
316519735
316577065
316590141
316593321
316599001
316604411
316611994
316632426
316636453
316652326
316657931
316680449
316683695
316687247
316695715
316697007
316722388
316726110
316739220
316747560
316764029
316769411
316772687
316775690
316786812
316799143
316819859
316837203
316873794
316891137
316894250
316902991
316918241
316937635
316942993
316960805
316962716
316976859
316978046
316978571
316986092
316994103
317042437
317054951
317065120
317085225
317097660
317115114
317129081
317145288
317170785
317213282
317226747
317236508
317237087
317242131
317244595
317247555
317256234
317258651
317259786
317260123
317267128
317269853
317269855
317294619
317317219
317327593
317368444
317369356
317374280
317387268
317390993
317397167
317401158
317427586
317431865
317457172
317457412
317532986
317539936
317542588
317660624
317694233
317694397
317702840
317743123
317749804
317753193
317777365
317780953
317788691
317835266
317837096
317845904
317872043
317872602
317877848
317908080
317908360
317909210
317910298
317911886
317920429
317922906
317940934
317969472
317972548
317987700
318005311
318014451
318057946
318060047
318067590
318081300
318081429
318099470
318104714
318118952
318137751
318140701
318148545
318164207
318166091
318179336
318186161
318222767
318225194
318242618
318250624
318256184
318263339
318264174
318270777
318287934
318290359
318291327
318314406
318317782
318326834
318355044
318361980
318389726
318395591
318411493
318431904
318464777
318488384
318512699
318520988
318538372
318549228
318555511
318579814
318615653
318650698
318659777
318670445
318677726
318678885
318680672
318705051
318717939
318728023
318741815
318744853
318786316
318789498
318798876
318806286
318808711
318825139
318856024
318884221
318891588
318908291
318932505
318943412
318946116
318958985
318965796
318965929
318975946
318984852
318987319
319007156
319010585
319012088
319018323
319040680
319050902
319051468
319056852
319080171
319082196
319089451
319090456
319114816
319118557
319122911
319126212
319126843
319137769
319139880
319140987
319142750
319142792
319240752
319246521
319273090
319282781
319301326
319306850
319342868
319355652
319359050
319373336
319390529
319399359
319404723
319412394
319439321
319482040
319504255
319529632
319541102
319545639
319546708
319555694
319561233
319563044
319565327
319574295
319574866
319578627
319616410
319619583
319629146
319668333
319695276
319707327
319711478
319721068
319757769
319760230
319761942
319766621
319767258
319780669
319785752
319786649
319793129
319805905
319835515
319836461
319868704
319905613
319906017
319907205
319911826
319931983
319934333
319938079
319953790
319955180
319974890
319977367
319985198
319998439
320000898
320002404
320002449
320010583
320011364
320018281
320024292
320034077
320038597
320054400
320085154
320134527
320138592
320142916
320143742
320164059
320182323
320188949
320191783
320199808
320243042
320254339
320262769
320277613
320294895
320325103
320335300
320342060
320349509
320352906
320379334
320414431
320419067
320425148
320444829
320454233
320474766
320480380
320482308
320489108
320497994
320505571
320513127
320519989
320523119
320527101
320527186
320527897
320536253
320543543
320575354
320619049
320638793
320662945
320663850
320675478
320677215
320692313
320692933
320699434
320716262
320723330
320727820
320741861
320742180
320749546
320752133
320753093
320753558
320787154
320805162
320821646
320825626
320846364
320855482
320871707
320873000
320879423
320880186
320890788
320895628
320906156
320921959
320928828
320951422
320957369
320967114
320971404
320988073
320990413
320999704
321006033
321018006
321026531
321044275
321044545
321048585
321071244
321082338
321092160
321111513
321125197
321128527
321152813
321155334
321163649
321164154
321196230
321204372
321210944
321228833
321235371
321251545
321268886
321288134
321296949
321311843
321313929
321330990
321332329
321336857
321346708
321373558
321393904
321407833
321413780
321423448
321427352
321430196
321460009
321469089
321473005
321484921
321494402
321505015
321525832
321528346
321530932
321538174
321584975
321586354
321591043
321621830
321630841
321654116
321664416
321677210
321712790
321724751
321739409
321740586
321746979
321757429
321763429
321772945
321780717
321788459
321802172
321806373
321826064
321826711
321827965
321841817
321850575
321859766
321861957
321870860
321874617
321892502
321894952
321898736
321921744
321922239
321924710
321974861
321990374
321991925
321991988
322007683
322041098
322044635
322046896
322046908
322064079
322095232
322096664
322107912
322115358
322126978
322137335
322140753
322143415
322152562
322161555
322163345
322175871
322176799
322195743
322236327
322237602
322238567
322240060
322245957
322290479
322293207
322293334
322298295
322307717
322307991
322319367
322326180
322330728
322337687
322351641
322375707
322381212
322393647
322397882
322400305
322401777
322434045
322434300
322441688
322446827
322461795
322485291
322490922
322495700
322501361
322532822
322533928
322545105
322559845
322562664
322563063
322565907
322569592
322570281
322590822
322596789
322607336
322658974
322666735
322678463
322690810
322749352
322756223
322757577
322801671
322802341
322807404
322812634
322839858
322893726
322898175
322925208
322932786
322978896
322986309
322986379
322988475
322998018
323000272
323000692
323007664
323030078
323050764
323054859
323060590
323071471
323111657
323114407
323119658
323135969
323136351
323158980
323172548
323178623
323179556
323193006
323204397
323215492
323224136
323274174
323274388
323276562
323288523
323345150
323396767
323399717
323410282
323434416
323471730
323479950
323486058
323513758
323525900
323554232
323562206
323562581
323568888
323570100
323573967
323584120
323594670
323626361
323638401
323650301
323655584
323664810
323667939
323675406
323675504
323679183
323680393
323710404
323716779
323718200
323726121
323779860
323807289
323815012
323815450
323819013
323821052
323833950
323838802
323845545
323849696
323852860
323860615
323863291
323869238
323870609
323872542
323893325
323898789
323901737
323918720
323921439
323926792
323937325
323966345
323978690
323986182
323998624
324024190
324036271
324048578
324061465
324074107
324094620
324107722
324122316
324182851
324196411
324204230
324257269
324268687
324293383
324317392
324328524
324329460
324340541
324342085
324357252
324358573
324365068
324382045
324386032
324438033
324477799
324517606
324537107
324544192
324553368
324584867
324591234
324604858
324611896
324615778
324630206
324647737
324651492
324657366
324666002
324678866
324682895
324684754
324686871
324688974
324704593
324704641
324707649
324708690
324721262
324810166
324811564
324828086
324854657
324865317
324867618
324902128
324908491
324930507
324941530
324950323
324952288
324958284
324961105
324967165
324972891
324974073
324980537
324986749
324995448
324998210
325010409
325013941
325047003
325090552
325093687
325107186
325113061
325114165
325123193
325128585
325135588
325140102
325191188
325193717
325201531
325207062
325216720
325220721
325234464
325268280
325275172
325344990
325384824
325402043
325409159
325411048
325422888
325429280
325457614
325487590
325495932
325526566
325527602
325558652
325565903
325581462
325594942
325607067
325614888
325617074
325637344
325645190
325675749
325679289
325684210
325725143
325742682
325757598
325765899
325782128
325804812
325814223
325847015
325850498
325860538
325879096
325882813
325884351
325892201
325898454
325901762
325922043
325945872
325959198
325961179
325970908
325983937
325988626
326007185
326013173
326014050
326015077
326018478
326029232
326051166
326057091
326058379
326063190
326105176
326112338
326112668
326117467
326140436
326140650
326148037
326151344
326155412
326156941
326166533
326169513
326170799
326174111
326178511
326184358
326191939
326194033
326206771
326216096
326250914
326254540
326255319
326260542
326266634
326267390
326270159
326276869
326277948
326281648
326303968
326309886
326313935
326332799
326344926
326397122
326403411
326408996
326410085
326440923
326450139
326480530
326528164
326531453
326549328
326562632
326563433
326564993
326619318
326625491
326655153
326655539
326665214
326669459
326700539
326722492
326783218
326792339
326829807
326839884
326840608
326847778
326859691
326873172
326880788
326883804
326887346
326907454
326916265
326920968
326927943
326942797
326951046
326953596
326963822
326977171
327010895
327021576
327021966
327025709
327030633
327034371
327061425
327064231
327096667
327133721
327146212
327176653
327181914
327233476
327237317
327244003
327252153
327263859
327265263
327268449
327300671
327317831
327319431
327322573
327329723
327332363
327344613
327356805
327365643
327409285
327410609
327412319
327416479
327417101
327442488
327442504
327446101
327449725
327456691
327457363
327466746
327475539
327500664
327514287
327536228
327545051
327545714
327553737
327555269
327562627
327564396
327571960
327576947
327590381
327600427
327603967
327621281
327638575
327646310
327665280
327666682
327669738
327673663
327706484
327708782
327768642
327786196
327790768
327822771
327836722
327848478
327859262
327943658
327945170
327947339
327970431
327974106
327981369
327982461
327993444
327993452
328003801
328010013
328024926
328029007
328039928
328068412
328078891
328091820
328131210
328134694
328137697
328163095
328178841
328197325
328232645
328238703
328251756
328252512
328263280
328288025
328288673
328290125
328292854
328295536
328337192
328353568
328359013
328377990
328394761
328416144
328417233
328446412
328458877
328466719
328470574
328488052
328507699
328530843
328537899
328539430
328543939
328544713
328575011
328580898
328584783
328591450
328594056
328628497
328634240
328655834
328691904
328709831
328719122
328733077
328748648
328776123
328778769
328784789
328786839
328792003
328814558
328838554
328852272
328878580
328909031
328909932
328912265
328917003
328941366
328951348
328955606
328978999
328980564
329004856
329032416
329049998
329056656
329077666
329079369
329085471
329093993
329111856
329119355
329120068
329128015
329191691
329191985
329198139
329223058
329235723
329248752
329276587
329320084
329360085
329363454
329364768
329385756
329395370
329399011
329404430
329416518
329419819
329438006
329441496
329454236
329461048
329462855
329475853
329476304
329481518
329519174
329527720
329573706
329576610
329589349
329598334
329604639
329612601
329616323
329618967
329631123
329636071
329669958
329690071
329704179
329719091
329741650
329746688
329752966
329782140
329808347
329809947
329832271
329843828
329861855
329901674
329910968
329919370
329957296
329958835
329974375
329995796
329998938
330003055
330017392
330022923
330027766
330033615
330087391
330090551
330107340
330109512
330112519
330130831
330158128
330169241
330177148
330194354
330195115
330199342
330201532
330232755
330238996
330250368
330259680
330267029
330307501
330316310
330348655
330349683
330361939
330374851
330414369
330423240
330427577
330428787
330442312
330442881
330451902
330455252
330459586
330460729
330464854
330502125
330507808
330508400
330519783
330520412
330528484
330543239
330547230
330586984
330590683
330599550
330616210
330637406
330670106
330682017
330701421
330703902
330712573
330716596
330727265
330751067
330752919
330754423
330778892
330797725
330797950
330861561
330878593
330897191
330903440
330911738
330914199
330922767
330926413
330932340
330932385
330932957
330938935
330947487
330973613
330981589
330991954
330998381
331001101
331026046
331032231
331050560
331056430
331077772
331080750
331091738
331099345
331107446
331117673
331118208
331120401
331126890
331133301
331151352
331154198
331244896
331266157
331284700
331287981
331304340
331310829
331317343
331328659
331336044
331380583
331393180
331408157
331421612
331436448
331439938
331449940
331462847
331472191
331473866
331511944
331514181
331516616
331533802
331551077
331593610
331596454
331610746
331612770
331614500
331639068
331643628
331657866
331666148
331692818
331696196
331703006
331707284
331730677
331740266
331752447
331753949
331759152
331760045
331779066
331783582
331789651
331809285
331823625
331843458
331866470
331878658
331881336
331885310
331886005
331890404
331901888
331907857
331908237
331920085
331920984
331952243
331955945
331956613
331962805
331984882
331990634
332009423
332019925
332038214
332047052
332049294
332051934
332062539
332064098
332071597
332072169
332121214
332132934
332169223
332187736
332191653
332198315
332215192
332227616
332251249
332264088
332268805
332274763
332281967
332283676
332286245
332316521
332333546
332335977
332344537
332349776
332350908
332377530
332420796
332472540
332501931
332513941
332568217
332611929
332623642
332653537
332719024
332722974
332752763
332756370
332793582
332820082
332823865
332826579
332836961
332847746
332865422
332895892
332934441
333002140
333004800
333020705
333047908
333085731
333092129
333094356
333097941
333147691
333153540
333191174
333194015
333200091
333204759
333228423
333241862
333247071
333251496
333312542
333318215
333345268
333352262
333354324
333367372
333377136
333390077
333394604
333398474
333404481
333418757
333419948
333428995
333435346
333452631
333503187
333511090
333512951
333521070
333527257
333533999
333546149
333548701
333554650
333567416
333574922
333575528
333607507
333608941
333609784
333621025
333638249
333692581
333715701
333731135
333743431
333758091
333770307
333773007
333780509
333791473
333845390
333865093
333904856
333914510
333965736
333971388
333971827
334013953
334053915
334064936
334084388
334087859
334118079
334134715
334152268
334166624
334178034
334185845
334191027
334202822
334215310
334230226
334258272
334274610
334284908
334319473
334320835
334327542
334366094
334393340
334394516
334398542
334407215
334408226
334433523
334454784
334464235
334474821
334487013
334489018
334502538
334515109
334536286
334555354
334559264
334566304
334567558
334579857
334592736
334605137
334611444
334642240
334642272
334650334
334655811
334688458
334707198
334742589
334763396
334768171
334790374
334795232
334802097
334804288
334815911
334879581
334893943
334901992
334902106
334906407
334907675
334925136
334927399
334927625
334934947
334955487
334966411
334968429
334979292
335025084
335065084
335098488
335133428
335163731
335190965
335209054
335238855
335241304
335246556
335254578
335261400
335272452
335275384
335278361
335296485
335300866
335310741
335331779
335349652
335355461
335375589
335393816
335414757
335422347
335423757
335446418
335446605
335451788
335452547
335453631
335462196
335488964
335511507
335533033
335533695
335545866
335551954
335581520
335585379
335586306
335587277
335588106
335594385
335597039
335603063
335626111
335626687
335670377
335670877
335707534
335712014
335713530
335741198
335769435
335775834
335808249
335874085
335894169
335896883
335903394
335917188
335975418
335994114
336003720
336041508
336047891
336087103
336089594
336096977
336136959
336144848
336170850
336186172
336222029
336242281
336246151
336289120
336293014
336302893
336311957
336345428
336361188
336376295
336393151
336403889
336418314
336423774
336428510
336434591
336436532
336467806
336474305
336481074
336501971
336502481
336502787
336517826
336523117
336530879
336533757
336561407
336574318
336580572
336580810
336585815
336592601
336595305
336605773
336608850
336622027
336626028
336644952
336650792
336684534
336685687
336691020
336694847
336709791
336726264
336730359
336743198
336746005
336749008
336776283
336783824
336815615
336817751
336819465
336827947
336835096
336847535
336857757
336865563
336868228
336874987
336884037
336904356
336906013
336914066
336923643
336938384
336951609
336991735
336995476
337004453
337013073
337023237
337036984
337065229
337071496
337099807
337109019
337148675
337163866
337236661
337252799
337272772
337298747
337301019
337309393
337313649
337320335
337337533
337340390
337346743
337372642
337372707
337378914
337388938
337393528
337406848
337413053
337431185
337435572
337446118
337456002
337458016
337485727
337488128
337492510
337495306
337512884
337515105
337526880
337543297
337554815
337559451
337559829
337614614
337620879
337624929
337639257
337650490
337654467
337654940
337655206
337658917
337704575
337718485
337733328
337750206
337750402
337808390
337811519
337851461
337854961
337888834
337892863
337895154
337898674
337912519
337914903
337915798
337925328
337958189
337959287
337999592
338004215
338018788
338038984
338040644
338041913
338050045
338060692
338084641
338103908
338112828
338114478
338116127
338156426
338217487
338226620
338308080
338311587
338322765
338340099
338347215
338354195
338371852
338379336
338382147
338383709
338387501
338397931
338416902
338485197
338485481
338485973
338487433
338492087
338512224
338516440
338524736
338529500
338535829
338541228
338570765
338579111
338588824
338589036
338592762
338593667
338598334
338622048
338647653
338659386
338664082
338668134
338691323
338692987
338714295
338721865
338747031
338760852
338784168
338811918
338822957
338838747
338849228
338911512
338975911
338978555
339003987
339014031
339061835
339112505
339120979
339122886
339133027
339231590
339244670
339255042
339256760
339279758
339286580
339287761
339302902
339303072
339315126
339329598
339333755
339337172
339363952
339369544
339383045
339390167
339394329
339451847
339477729
339477898
339497091
339546178
339552259
339554954
339564302
339571840
339579689
339580309
339604771
339617010
339632646
339644961
339654628
339696253
339701247
339717249
339735103
339735157
339738088
339742818
339752254
339753613
339817308
339846647
339866701
339879504
339880230
339900730
339906982
339919262
339925856
339952806
339965960
339967004
339973421
339987666
340017901
340024845
340034967
340057809
340067261
340101274
340101626
340148598
340162120
340165565
340178670
340215155
340235789
340237158
340240423
340265206
340270509
340296199
340296553
340298037
340322003
340350640
340351461
340364716
340400042
340424844
340434406
340434744
340441546
340474980
340475573
340484036
340537631
340560295
340575163
340584586
340605865
340640456
340675499
340676162
340676749
340695139
340705741
340708485
340724095
340730423
340761920
340786580
340792584
340793051
340839051
340855967
340858669
340877105
340877726
340884903
340900525
340917654
340926860
340956972
340959588
340962956
340977865
340984213
340985996
340992363
341048912
341069986
341075486
341101971
341103010
341103975
341111229
341111455
341128340
341137463
341142257
341179128
341218022
341228060
341229547
341236884
341248671
341261713
341274666
341280852
341310873
341334578
341349940
341362986
341364384
341370073
341374268
341379363
341379405
341383611
341407971
341438687
341446984
341452952
341462175
341475065
341486631
341502937
341515662
341517707
341540060
341544706
341593495
341612607
341618998
341649689
341677557
341682536
341693924
341696872
341699473
341743747
341756879
341766068
341777010
341796034
341802948
341834204
341843356
341865818
341875983
341888300
341897605
341904972
341917244
341955749
341972257
341974891
341986678
341994525
342008235
342008691
342018635
342046942
342055517
342064145
342070424
342071924
342079460
342086778
342095697
342099706
342108636
342118651
342122578
342134049
342143560
342167269
342176447
342179016
342198952
342219230
342236510
342240701
342251468
342292688
342306049
342316383
342316617
342320763
342348212
342351148
342376586
342382811
342383240
342387477
342409145
342409579
342418313
342454489
342459030
342477149
342533456
342548651
342561188
342561721
342567629
342570169
342583341
342585253
342595388
342611629
342622461
342630736
342658687
342661269
342676154
342679394
342681324
342691421
342722919
342730583
342743025
342746996
342769559
342772334
342788262
342830433
342844187
342847670
342849810
342861102
342863188
342870160
342875731
342876976
342887443
342911537
342915079
342928424
342929482
342938041
342969870
342982498
342984088
342987303
343003012
343018908
343060900
343101124
343103961
343111677
343119019
343138852
343157372
343180549
343182616
343187897
343202927
343275918
343283100
343283244
343324042
343330175
343332590
343358304
343388420
343389004
343389864
343402338
343412505
343412745
343412970
343415965
343447388
343450513
343459360
343469194
343481442
343493148
343509866
343510795
343514804
343521565
343537470
343571971
343574708
343577076
343578726
343605812
343607800
343609025
343619619
343652655
343661849
343669097
343677151
343691882
343693752
343700061
343705231
343710017
343719469
343722817
343745535
343759992
343763080
343790837
343802540
343816834
343838888
343841403
343844653
343867033
343904526
343909080
343939722
343944570
343954174
343956442
343967803
343999369
344017107
344018420
344021717
344039930
344045182
344061760
344110569
344118799
344146344
344152309
344174847
344176291
344184046
344231707
344246474
344248213
344273442
344276139
344278887
344280960
344289630
344291468
344306267
344308067
344309564
344312022
344318911
344343830
344358708
344383061
344395509
344408774
344418750
344448387
344468048
344474812
344503533
344515561
344517708
344548933
344562921
344565842
344566087
344583362
344585451
344585740
344623754
344629317
344651653
344652640
344670515
344676525
344700450
344710001
344719817
344731928
344745451
344770228
344781151
344782324
344784263
344785086
344823982
344858437
344884217
344886014
344919316
344926435
344939066
344941447
344947964
344970211
344976018
344984781
345026928
345039641
345056085
345064046
345071277
345121295
345126255
345138155
345186869
345188602
345213634
345214984
345270245
345273075
345278022
345292066
345322801
345349253
345355278
345378950
345383467
345388994
345441873
345446665
345448465
345454263
345459720
345471125
345507681
345534396
345592442
345609368
345616121
345637691
345669609
345680554
345712029
345726894
345755932
345763107
345777384
345784439
345786290
345799402
345838180
345844692
345852408
345856653
345877559
345884888
345901763
345917014
345924674
345945592
345955865
345957375
345969616
345994486
346006868
346007375
346009164
346016473
346020266
346056029
346063458
346085489
346098580
346099813
346109883
346114343
346137765
346141472
346148325
346155700
346162354
346169282
346170741
346196258
346206494
346232785
346241984
346263074
346294989
346304683
346316801
346319030
346326849
346333329
346351513
346380073
346391745
346394862
346403487
346406766
346412204
346441581
346452790
346457552
346504663
346520492
346525617
346525919
346526007
346533822
346549934
346551089
346556168
346577775
346615858
346649785
346670927
346681089
346685096
346703974
346713179
346721767
346744002
346777647
346832896
346851223
346896291
346900928
346911265
346925161
346927540
346952398
346958736
346983485
346986559
347018525
347050381
347058527
347061348
347070167
347071897
347079600
347116168
347122058
347141852
347144228
347170559
347185132
347192542
347196884
347214309
347215140
347234582
347238393
347240595
347241384
347249444
347279281
347285340
347288299
347298822
347315563
347320155
347341909
347351320
347397258
347418587
347427722
347449290
347470146
347474952
347483108
347513396
347520807
347545437
347557180
347593403
347602100
347618463
347619455
347645317
347651629
347661471
347674210
347681420
347718709
347735692
347751211
347754130
347758206
347773897
347780676
347783386
347790915
347820191
347822043
347831538
347843574
347848636
347852730
347884047
347889421
347910050
347938912
347968118
347970302
347974495
347984167
347990011
348021119
348021964
348045920
348060154
348073356
348146128
348152805
348160605
348180808
348235504
348247487
348318427
348322548
348328248
348343133
348354283
348364983
348369943
348384244
348390367
348391086
348399219
348401880
348437060
348480647
348543193
348556090
348559916
348567608
348568644
348574810
348577967
348596874
348621580
348636244
348637583
348638053
348677929
348688682
348693782
348701717
348708385
348713573
348715846
348725757
348733684
348735008
348760074
348761743
348763255
348794345
348796151
348818820
348851101
348859727
348898775
348904589
348922514
348965405
348970317
348973001
348999459
349005947
349065103
349071330
349075801
349082148
349093818
349103286
349107620
349118245
349131277
349134550
349137109
349147526
349166986
349199327
349214793
349223153
349236208
349267734
349287697
349288165
349316278
349385528
349389657
349397170
349457729
349463739
349497173
349565936
349570589
349573462
349583245
349598445
349606228
349613787
349674727
349683470
349689260
349704615
349729871
349786548
349806118
349827318
349838342
349860365
349873015
349881515
349922795
349925724
349939430
349954022
349969842
349994605
350010926
350028252
350047850
350068720
350087955
350094479
350096456
350109729
350125137
350170097
350193771
350201504
350229377
350275121
350292587
350301340
350302718
350316888
350322711
350376388
350381260
350395409
350414441
350453445
350467978
350485026
350497694
350513031
350521276
350527842
350532111
350556500
350561859
350573221
350593020
350606431
350617211
350618942
350632426
350634908
350635944
350637176
350684686
350687818
350693535
350695144
350705792
350728511
350740571
350743932
350780506
350802200
350825663
350826300
350845016
350847103
350854367
350874107
350874457
350875181
350893862
350922573
350923308
350928618
350931432
350941319
350943835
350956494
350965861
351007541
351041016
351041963
351051805
351065664
351077109
351109189
351130798
351134224
351232132
351247022
351249740
351254075
351264656
351270878
351271731
351285024
351309664
351317654
351324752
351331711
351358121
351411068
351418866
351439929
351455548
351490847
351493860
351501126
351519347
351540089
351558667
351565609
351576671
351595926
351605154
351615782
351619366
351627039
351644795
351655839
351656545
351665827
351675955
351695590
351703293
351728437
351749354
351769861
351786956
351793345
351829731
351831229
351839346
351840127
351917730
351943169
351950486
351968661
351981462
351982252
351998552
352005855
352007094
352041687
352042798
352042819
352069367
352069967
352081075
352082432
352091001
352104680
352170664
352196844
352216573
352251039
352253644
352255005
352269298
352287612
352287942
352292487
352304720
352305090
352329575
352338521
352352142
352356743
352385598
352389690
352404179
352410067
352441996
352492753
352494148
352525678
352527405
352533144
352580631
352588830
352629108
352640748
352641651
352644208
352645857
352647445
352668492
352681582
352682243
352686145
352690650
352710337
352710694
352733523
352761429
352771312
352775629
352783115
352787801
352803981
352817438
352851266
352896222
352934307
352965932
352969439
352972812
352973633
352979694
352985609
353070176
353096638
353107305
353121329
353140010
353152555
353163327
353209276
353229114
353252559
353253524
353273702
353275457
353288968
353291469
353291474
353296692
353299221
353336192
353397980
353399279
353417621
353444627
353494364
353497219
353499339
353508348
353557838
353581816
353607670
353651811
353660671
353702011
353705600
353753783
353760327
353764723
353766824
353766865
353768235
353815384
353815985
353816679
353835183
353835593
353838324
353839680
353842065
353844185
353860632
353876197
353883934
353914720
353927222
353934600
353941991
353945563
353975964
353999750
354056531
354077097
354089800
354093117
354118684
354167684
354167688
354173034
354177712
354179358
354191663
354197454
354201501
354204017
354207903
354234357
354290723
354296911
354336867
354337330
354346575
354354518
354358071
354361441
354377623
354384632
354385729
354407250
354417948
354420399
354477131
354488490
354492702
354496931
354500475
354503940
354541026
354564831
354570667
354587421
354614275
354621192
354630829
354659523
354691746
354695042
354699189
354700665
354704446
354712636
354762599
354764535
354764906
354769949
354778030
354816012
354820825
354859367
354865891
354872791
354890703
354899356
354903359
354952487
354959166
354992109
354998221
355009796
355015743
355020116
355075615
355105159
355106315
355114529
355130691
355139100
355153969
355255316
355256986
355309448
355309843
355323219
355323789
355343969
355352447
355414806
355419220
355421199
355422138
355437796
355438963
355451540
355452392
355470274
355477743
355481245
355484795
355497267
355507611
355517999
355529438
355544136
355595102
355605852
355611037
355629594
355630379
355631451
355647097
355660575
355678621
355689078
355689956
355709970
355746793
355762662
355768329
355780568
355825099
355837695
355846245
355862772
355864029
355865669
355874799
355893570
355908484
355924675
355926287
355954993
355963118
355972292
355991654
355994568
356029574
356036740
356037011
356038879
356042971
356045330
356048035
356057866
356058566
356065447
356068382
356082648
356091318
356096394
356123314
356146621
356171243
356210218
356212426
356238344
356243396
356267614
356293158
356293322
356297014
356302263
356309751
356311049
356315163
356320669
356337307
356347596
356352132
356380832
356392775
356423042
356438645
356452423
356465842
356496799
356506535
356537264
356549364
356549451
356555658
356558927
356584797
356627170
356639813
356641540
356655127
356666680
356671254
356678536
356690686
356747674
356761883
356782768
356785739
356823591
356837670
356838678
356846757
356866136
356880190
356881761
356890790
356895321
356905078
356905530
356913137
356927379
356936945
356947255
356947976
356973611
357031840
357032737
357040532
357044507
357070389
357091983
357103757
357113960
357128273
357159835
357175282
357194831
357251696
357273168
357284072
357299921
357303274
357317348
357322238
357347068
357379692
357393362
357412268
357424160
357447217
357456500
357457921
357460501
357464574
357472780
357476691
357481335
357509851
357514256
357515739
357547077
357563355
357563660
357575112
357576731
357583529
357608792
357621155
357671777
357686587
357691890
357755889
357761641
357766829
357781525
357790058
357806148
357819331
357839712
357853532
357865296
357926583
357930566
357931241
357955062
357960376
357960847
357992276
358005477
358007657
358014807
358016338
358033107
358040657
358064001
358094200
358098321
358111859
358113626
358113886
358130336
358158996
358159500
358161487
358211472
358216792
358220267
358236987
358240056
358253274
358258348
358258913
358264875
358266676
358282266
358293470
358296147
358299239
358303941
358305196
358313335
358339938
358365002
358381351
358408913
358437261
358448403
358451963
358470116
358481077
358512826
358522433
358535817
358559220
358592931
358632966
358651646
358655873
358670991
358676352
358678999
358712450
358717239
358727767
358747827
358796291
358800490
358821254
358822497
358839127
358844938
358863725
358877035
358900807
358930178
358931092
358938377
358940947
358946872
358952179
358972951
358983608
358996694
358999925
359044740
359047881
359074966
359092177
359109689
359146035
359148995
359149702
359151783
359177782
359177981
359206230
359229232
359229375
359248011
359248740
359251860
359264477
359267763
359272641
359291429
359298064
359301297
359313610
359316559
359319090
359355217
359360931
359367481
359396028
359409522
359442845
359457933
359495863
359536319
359563711
359565088
359581664
359583174
359613947
359614958
359634765
359636310
359637065
359646087
359657566
359670940
359686825
359711597
359713412
359731568
359731575
359745563
359749016
359752289
359767675
359769481
359789982
359797580
359824358
359829706
359839009
359867931
359886333
359900075
359915736
359916054
359925047
359926047
359962238
359962750
359972563
359976464
360011119
360020455
360027898
360032149
360045532
360053116
360063190
360065810
360077257
360078739
360081945
360102891
360123763
360127647
360132723
360134401
360135752
360137361
360142064
360142927
360146372
360152297
360212756
360218501
360221975
360230152
360231686
360233705
360247049
360262859
360299078
360309178
360311988
360317453
360372253
360388490
360388630
360412828
360415213
360422429
360445151
360448736
360455570
360475860
360515256
360521658
360527884
360534578
360544378
360563510
360579326
360586433
360604483
360605683
360615995
360631337
360632266
360647879
360658486
360682698
360692864
360724777
360749293
360763994
360786466
360786878
360802089
360832816
360842446
360847152
360864490
360879539
360914869
360920281
360934304
360968785
360986834
360996783
361020501
361038004
361042505
361044513
361068844
361074128
361126828
361127967
361129120
361136053
361153606
361167841
361178316
361182472
361192133
361215816
361232190
361251048
361277582
361319929
361332053
361333885
361392006
361414002
361421209
361424700
361431105
361483612
361487154
361489608
361515290
361520352
361580570
361596583
361602081
361602172
361625364
361670709
361671336
361692513
361713652
361737415
361759186
361767612
361779623
361793888
361805117
361808284
361829497
361829953
361834450
361850304
361863441
361867475
361883878
361895051
361916965
361953671
361971877
361984931
361985379
361995392
362008782
362019267
362019621
362035928
362038944
362047094
362065485
362124512
362136063
362151057
362157844
362164938
362166558
362167622
362169512
362170390
362189002
362200408
362207510
362217551
362222300
362233146
362244143
362251851
362264311
362291752
362305194
362318943
362323751
362325877
362330523
362349397
362399377
362417129
362423517
362434084
362444895
362445885
362450482
362466201
362470487
362490373
362497895
362507644
362547367
362549284
362555957
362562918
362567806
362572689
362579237
362583757
362609320
362638012
362679466
362682577
362696838
362712688
362720925
362747283
362748824
362749410
362759050
362764025
362764474
362771467
362772367
362798304
362812674
362838191
362842474
362861458
362862106
362863508
362871176
362896532
362936305
362938885
362942447
362953674
362954787
362978004
362980233
362984487
363010923
363026998
363038678
363075663
363076002
363077349
363087357
363155578
363156434
363171034
363183961
363202112
363265408
363330608
363374510
363389542
363407477
363467105
363469146
363486330
363516013
363516857
363539788
363570137
363626686
363638791
363663940
363679350
363688484
363698726
363734222
363737599
363773669
363777559
363781331
363783887
363797318
363821482
363843989
363844197
363885951
363906610
363907471
363918494
363961655
364001895
364013910
364023865
364036760
364055160
364068749
364072814
364074679
364084988
364140781
364149876
364168005
364176169
364200937
364211467
364211620
364218388
364224838
364245759
364248589
364256191
364283807
364306799
364306810
364328378
364332552
364341189
364378732
364389227
364389246
364413702
364423402
364443345
364455237
364464187
364471068
364473817
364484532
364493353
364521526
364527357
364541463
364548097
364559251
364572459
364587816
364591608
364602855
364616033
364621210
364621640
364624375
364627818
364645863
364672126
364675575
364678705
364681273
364689875
364713333
364727309
364727822
364742575
364764847
364771651
364771719
364773607
364781216
364786177
364788499
364791162
364831273
364831350
364838227
364839543
364877559
364882303
364883676
364892672
364893369
364895077
364913513
364919421
364921841
364935993
364937987
364958408
364970877
364983173
364997149
365025606
365042291
365059043
365061147
365068634
365072096
365072148
365098156
365105046
365110070
365146369
365147089
365175290
365189997
365194375
365194776
365198867
365207975
365227417
365267169
365267574
365307716
365351026
365353146
365357150
365369770
365376205
365388368
365401987
365434675
365435960
365438313
365439218
365449900
365466722
365480843
365483467
365487988
365509843
365573471
365603020
365603439
365611487
365619711
365625161
365640527
365642800
365645880
365653688
365665630
365696538
365698748
365719490
365725505
365739776
365762665
365790941
365790949
365849877
365850881
365861701
365863408
365910694
365931206
365952462
365984594
365997892
366007053
366009007
366037675
366081946
366085093
366090972
366102333
366106353
366128954
366153841
366160620
366167962
366168430
366169088
366173469
366187140
366191471
366222591
366231815
366244648
366262717
366266530
366276904
366291572
366300607
366302484
366305622
366329383
366330739
366354685
366368721
366382544
366384878
366390206
366401878
366428355
366448727
366449053
366460216
366495698
366519140
366520714
366538918
366554287
366569991
366571545
366582114
366582298
366588043
366596379
366598251
366600388
366600494
366602323
366634739
366638101
366657713
366693811
366727852
366803454
366813169
366816960
366841695
366843938
366871311
366873498
366884752
366888097
366888649
366906771
366974892
367015541
367027573
367106931
367115008
367117085
367132802
367139220
367142744
367177910
367187889
367217193
367234893
367254857
367257834
367262384
367266435
367304528
367315308
367323725
367344657
367354148
367368997
367405159
367406552
367410164
367417920
367431717
367433196
367440499
367451797
367458169
367461523
367464757
367485281
367490905
367518459
367520702
367536281
367537891
367555535
367608325
367612973
367620878
367697403
367712261
367726047
367747085
367749121
367758853
367763729
367771047
367783663
367794887
367842630
367844382
367880511
367895746
367908045
367915656
367945217
367960642
367966792
367973108
367975235
368025256
368039994
368043493
368045037
368070258
368110750
368180394
368196420
368202739
368222727
368240425
368247187
368250275
368252120
368257363
368259092
368281307
368299644
368314326
368341160
368345127
368347573
368356907
368357872
368362318
368382788
368391660
368398595
368427591
368436308
368438095
368488634
368494417
368506808
368534561
368536240
368557438
368581146
368598692
368612933
368643489
368647260
368666928
368683828
368703384
368704571
368714088
368714157
368726007
368746187
368765493
368787714
368801693
368810890
368813767
368816638
368823001
368824562
368840429
368852205
368856499
368857122
368863736
368864857
368870598
368875885
368903441
368922627
368928156
368943700
368958512
368961389
368982784
368992175
369002553
369008041
369022694
369062171
369071461
369077996
369104338
369109229
369111516
369129610
369135998
369140802
369142120
369149583
369177556
369207859
369256000
369268508
369274145
369308663
369326358
369328970
369340159
369345790
369348712
369349313
369367812
369375838
369378898
369382299
369391631
369425254
369435851
369441342
369460807
369495009
369505722
369513030
369514454
369547924
369554932
369584655
369590127
369599931
369645841
369646414
369652337
369679943
369691734
369713195
369747221
369780481
369782553
369786005
369791128
369796868
369804521
369811912
369841972
369872520
369877994
369881323
369920996
369921574
369930903
369932571
369935154
369952548
369971755
369975703
369997853
370034000
370044073
370045742
370045855
370053975
370061250
370067255
370069744
370074229
370076431
370098334
370104748
370111240
370111672
370162079
370189416
370189768
370190351
370219151
370228718
370230876
370239458
370247745
370255705
370364238
370371394
370376417
370378658
370388933
370407777
370408729
370427743
370446158
370472183
370481793
370501183
370503675
370503884
370511739
370544958
370577531
370583051
370584435
370594373
370609251
370621042
370640586
370642525
370648038
370648048
370648496
370649071
370650124
370653081
370678285
370695038
370699962
370701959
370709791
370723403
370726576
370748775
370755404
370758530
370758778
370790552
370802319
370806507
370809117
370822036
370842895
370846474
370869982
370876821
370877419
370918639
370962662
370968894
370996732
371008818
371009989
371022542
371025285
371046015
371058650
371064205
371065654
371098431
371123396
371128690
371143494
371144828
371145554
371167944
371188534
371192331
371255745
371271562
371275491
371277885
371303102
371324596
371329684
371333882
371334944
371339651
371345111
371353355
371359017
371396332
371396445
371400598
371410855
371412250
371415317
371415501
371424945
371441499
371482222
371495328
371499237
371501864
371510462
371527904
371531309
371557517
371559077
371592898
371621144
371630280
371650658
371687659
371695131
371703613
371717611
371737370
371740215
371783118
371787355
371792920
371800797
371825813
371877587
371890096
371900555
371940029
371977241
371988614
372053322
372062953
372064328
372083121
372100064
372103130
372104378
372107388
372113877
372121361
372126507
372168394
372171714
372179925
372186879
372190151
372197043
372199272
372202551
372207893
372223210
372224496
372225081
372241719
372261800
372312593
372343145
372344426
372347910
372348265
372380813
372383643
372400946
372406772
372411972
372492162
372502490
372512156
372533215
372582906
372592917
372617973
372619739
372620394
372624350
372627160
372632954
372704832
372715901
372723265
372752781
372763852
372764715
372800216
372803400
372806641
372820909
372824793
372834270
372850400
372857836
372859931
372861244
372862717
372876324
372904426
372905397
372910896
372931560
372944516
372971634
372997345
373025295
373069950
373075924
373089897
373096182
373099431
373102639
373106935
373111842
373115527
373140234
373148732
373175769
373179924
373192319
373207047
373216205
373229564
373243872
373248810
373284906
373300142
373302594
373353674
373381901
373418686
373438717
373467431
373467672
373511540
373518289
373519395
373550157
373572263
373595198
373607616
373625733
373641398
373658401
373668151
373670794
373674453
373676317
373718992
373733858
373734729
373753679
373759390
373766634
373799587
373800632
373858980
373863843
373885302
373889510
373901905
373918408
373954544
373963673
373982521
374011910
374020771
374026759
374030604
374050312
374055743
374060187
374061275
374062950
374073914
374075612
374095292
374097474
374131310
374175731
374188073
374189192
374223343
374224488
374225561
374234084
374235514
374244630
374259397
374273660
374304122
374307399
374319267
374373348
374374868
374407662
374410948
374423432
374440360
374440991
374441005
374472254
374497768
374531641
374558830
374561383
374597213
374632894
374676523
374735393
374742831
374751453
374791566
374798091
374801288
374803492
374805067
374811719
374817188
374835571
374854526
374938867
374948558
374950908
374955570
374963582
374963720
374966781
374975654
375024151
375035550
375042360
375048276
375051391
375052596
375064703
375073344
375074869
375087814
375095617
375096817
375104388
375107074
375134425
375134779
375148125
375162120
375183411
375183436
375195226
375202497
375225768
375229081
375243274
375275691
375288766
375289130
375307143
375353226
375365357
375398824
375418268
375424456
375427008
375432579
375443790
375449070
375464498
375505578
375510937
375515688
375559108
375562912
375567105
375569752
375570772
375576439
375577500
375619236
375621714
375633458
375644206
375649625
375650368
375674689
375731804
375752878
375778548
375796820
375811633
375826464
375840102
375883331
375905813
375987484
375998641
376042469
376051975
376063631
376074247
376097174
376103056
376103560
376117662
376145222
376146315
376148227
376154916
376166582
376168154
376173690
376184209
376196257
376204891
376206941
376225605
376256701
376270749
376276834
376284462
376307394
376321467
376336983
376344658
376394124
376411267
376411808
376443056
376450617
376454049
376501555
376504718
376526692
376536010
376538876
376551652
376553084
376557435
376559247
376571392
376581559
376594451
376597516
376620764
376631404
376639518
376645183
376645519
376669654
376674371
376688384
376692169
376703930
376719198
376769765
376788773
376798223
376818814
376821061
376831206
376850283
376850678
376944216
376952424
376969918
376970328
376978533
377003601
377009121
377054174
377058891
377063383
377080853
377082295
377089240
377101857
377126248
377132105
377139154
377139223
377156980
377158022
377171015
377187475
377191515
377195495
377241972
377263071
377266344
377268666
377271715
377285202
377294687
377295222
377300094
377312665
377316597
377324896
377332937
377366373
377366621
377408895
377437581
377447627
377449115
377461660
377486453
377504232
377506546
377511750
377513404
377514601
377533274
377541596
377543828
377561398
377570799
377571306
377592329
377597320
377600559
377618806
377622250
377631351
377637516
377637839
377652880
377682472
377685764
377695009
377727828
377737003
377752459
377754809
377772875
377773497
377774355
377820364
377829587
377844118
377847534
377852214
377865501
377892865
377926306
377930550
377935890
377998617
378015375
378036986
378067518
378068100
378076621
378092252
378106784
378157775
378158065
378180328
378185933
378196357
378197847
378198131
378204000
378240988
378246628
378250068
378277119
378314444
378328747
378330001
378347295
378356610
378362235
378388985
378389677
378397470
378401213
378412304
378415705
378439319
378447735
378456635
378458903
378460393
378474704
378521100
378525969
378545068
378558318
378559946
378569389
378579864
378598884
378602843
378604273
378609355
378621722
378631035
378632808
378650973
378663662
378696235
378711163
378712642
378714692
378716521
378734036
378745737
378754677
378764062
378770543
378771788
378824183
378839824
378849729
378852363
378919471
378952589
378975663
378978489
378984351
378997209
379001679
379013561
379018645
379041221
379048816
379073682
379076445
379086739
379095709
379114922
379131538
379135859
379147908
379158491
379196944
379203031
379210075
379218603
379225624
379232946
379237649
379241465
379306240
379313723
379319483
379349143
379367599
379385100
379393930
379406647
379420901
379473504
379480309
379482660
379485293
379490455
379504622
379525709
379528112
379528412
379561479
379566365
379571674
379586207
379590047
379598172
379599789
379601990
379605093
379617262
379644055
379648609
379656884
379659722
379665514
379674020
379684747
379688186
379707478
379722981
379727299
379741474
379742439
379748450
379753737
379756298
379767381
379776278
379821684
379828937
379833844
379850407
379854413
379863558
379864044
379909785
379917234
379942632
379954217
379954682
379956478
379983852
379987466
379990411
379991021
380010942
380016072
380018472
380043496
380065438
380069268
380071188
380126705
380170397
380179023
380184240
380198686
380220513
380221177
380278017
380281785
380298847
380321403
380341465
380400627
380400967
380410308
380417649
380440794
380451417
380471515
380475413
380481042
380489410
380497628
380502434
380507478
380514382
380528743
380543009
380545105
380551465
380567681
380571485
380628865
380630380
380644638
380652968
380672246
380675018
380732746
380738661
380794831
380803042
380879391
380881329
380887655
380891434
380894380
380896433
380911994
380943688
380957293
380971272
380978989
380990389
381029488
381034298
381043159
381046970
381080585
381111661
381132336
381139476
381177970
381202243
381204259
381204910
381237862
381255113
381263580
381277606
381307475
381327737
381333695
381334773
381351925
381357171
381369331
381381770
381395320
381410386
381473084
381494934
381525694
381558556
381560716
381570636
381614597
381641738
381642770
381654061
381667139
381668133
381669281
381687407
381693212
381698732
381700106
381722105
381731944
381768309
381769035
381781881
381794134
381839785
381840275
381844240
381847686
381857524
381865018
381867214
381876485
381892799
381923805
381924076
381935030
381939039
381947910
381959993
381965169
381966136
381988787
382018496
382023061
382047299
382054619
382065882
382075688
382076575
382080521
382091389
382093310
382118658
382128828
382138812
382143608
382144053
382157647
382187948
382189683
382195270
382199023
382262804
382276549
382288573
382294027
382314672
382326500
382331039
382336443
382336738
382340951
382351109
382353094
382373200
382423291
382446926
382595206
382599886
382602487
382608389
382642280
382643883
382649952
382681488
382682988
382691299
382709706
382715635
382723257
382754592
382770717
382790996
382794650
382808956
382810483
382810500
382817859
382830683
382831125
382840523
382850268
382863140
382865370
382869077
382870707
382891360
382894562
382896940
382910981
382916400
382934929
382948971
382968067
382975001
382978183
383004123
383005642
383015995
383022679
383023210
383033027
383035221
383052091
383078441
383101051
383105925
383136721
383145857
383149908
383166477
383184491
383185884
383195562
383196678
383198969
383208718
383237205
383249920
383264372
383265349
383271506
383281902
383292100
383297400
383309849
383314342
383316888
383317060
383338595
383338792
383346317
383362832
383364712
383372958
383388462
383436347
383438977
383453532
383456119
383464165
383465295
383471920
383474785
383476642
383480426
383497231
383510971
383512283
383526941
383541556
383546786
383561755
383575776
383580354
383594632
383626857
383671744
383686560
383717914
383774967
383810625
383817375
383826884
383834100
383853198
383855869
383880301
383909199
383933123
383955382
383956113
383957896
383966879
383969690
383981253
383989555
384018608
384019887
384027050
384045433
384070997
384084065
384095338
384106743
384108098
384109511
384112878
384149981
384213707
384267814
384277956
384281469
384305636
384316367
384336922
384348431
384355134
384365484
384371814
384372062
384374600
384395011
384395547
384398794
384445546
384456028
384468547
384481313
384501630
384504670
384514185
384519242
384520902
384522479
384526396
384546304
384557390
384575443
384575799
384633473
384641735
384642606
384668000
384687864
384689651
384693418
384696942
384702433
384721328
384731183
384739548
384750626
384757680
384788645
384811281
384818265
384842872
384863965
384895321
384911009
384993965
385016828
385021566
385028763
385029222
385039790
385056876
385064892
385068886
385128961
385135356
385159042
385172378
385185548
385188423
385195729
385196453
385197826
385205951
385217236
385217973
385229144
385230039
385245623
385269975
385272772
385300197
385314892
385320882
385336515
385361371
385363022
385384256
385390676
385402684
385407715
385432275
385449755
385453063
385453311
385465394
385481498
385486335
385493375
385504311
385515949
385521617
385575448
385585215
385600783
385611790
385620363
385624934
385655089
385666367
385669355
385675171
385684397
385708824
385713190
385725882
385727719
385756153
385757502
385766398
385778090
385783572
385787015
385790046
385790134
385799061
385811364
385818590
385825056
385825663
385834087
385852842
385877693
385881729
385889684
385914179
385919740
385924014
385951351
385956354
385959072
385960006
385971282
385973058
386005598
386018861
386031480
386042276
386045688
386062304
386076793
386115984
386121362
386124556
386130665
386130860
386135692
386150688
386159007
386177706
386184060
386217042
386233372
386239405
386239867
386264967
386324357
386375241
386386455
386391906
386416128
386442700
386505881
386514301
386524170
386547172
386547954
386553578
386558262
386562300
386562463
386565595
386576701
386578466
386579265
386594618
386609195
386617601
386622984
386635539
386705207
386719997
386743080
386754733
386764750
386767126
386778624
386778871
386792958
386806424
386809834
386837501
386886177
386886572
386910805
386914825
386982279
386991444
386997071
386998972
387011710
387015427
387021416
387030825
387034060
387040099
387057521
387066033
387070230
387076264
387077147
387099495
387108296
387114105
387143751
387159051
387184605
387196602
387202306
387236710
387256646
387258696
387259554
387263715
387325098
387338169
387339810
387341582
387347549
387351141
387363701
387369104
387371436
387400987
387403800
387410679
387413760
387428872
387431331
387432198
387449036
387451890
387453223
387503846
387511545
387511635
387525212
387525766
387554966
387555502
387556253
387569568
387570645
387587462
387596648
387609880
387615351
387656037
387674633
387689992
387715454
387734723
387747080
387750792
387759708
387759794
387774130
387778014
387780670
387784248
387785976
387788690
387792098
387831608
387835804
387842905
387843182
387869177
387873095
387883393
387906122
387909012
387915701
387916598
387918208
387942128
387972066
387989331
387998197
388016947
388025527
388038124
388077107
388090809
388106691
388133435
388171161
388181601
388181985
388187571
388192262
388196825
388252978
388254526
388268974
388287892
388295551
388326895
388328725
388334601
388335114
388359637
388365496
388369758
388377238
388388999
388396287
388409619
388422995
388490343
388495620
388511550
388517409
388541210
388557753
388597084
388600587
388601119
388613768
388644314
388665788
388667914
388670999
388707203
388708811
388735564
388745678
388747174
388748780
388761210
388809996
388834433
388837055
388838786
388854904
388857396
388861619
388909445
388919764
388925695
388929714
388935983
388940687
388962828
388962882
388967026
388968342
388973504
388973672
388974437
389043773
389066552
389067312
389067541
389079542
389080170
389083981
389098448
389101607
389101955
389107574
389108068
389128550
389139876
389176293
389181122
389187670
389190795
389209278
389223234
389230214
389245699
389250583
389255898
389282033
389291740
389300446
389300539
389313656
389323029
389326854
389335208
389366202
389380205
389416844
389421573
389437708
389443114
389461915
389469710
389471011
389480863
389490531
389495736
389515640
389516053
389523106
389576521
389595433
389598277
389609073
389614370
389634283
389645073
389645479
389672622
389676610
389698772
389706095
389752152
389760173
389769778
389773636
389788692
389814921
389824029
389834574
389835859
389853413
389857836
389882503
389886791
389896784
389955793
389957330
389982015
389998278
390007173
390010520
390019505
390028082
390032609
390041814
390044441
390052857
390054949
390057094
390057989
390062588
390066347
390070143
390093723
390122937
390137733
390156837
390176013
390183963
390189000
390191471
390211092
390222044
390242835
390264726
390273708
390291342
390293112
390295095
390307355
390310741
390311088
390348654
390357140
390364196
390380570
390413342
390463764
390477894
390498723
390534684
390556254
390557015
390559908
390566899
390569223
390662037
390677405
390701106
390706396
390717855
390718557
390724089
390768614
390781299
390821894
390868566
390889232
390910149
390935415
390949367
390949602
390950891
390960628
390980449
391030890
391039687
391058774
391059307
391062008
391092457
391102455
391157315
391163378
391167776
391176313
391183071
391221301
391229060
391248581
391248850
391262292
391286023
391288844
391331331
391371282
391380782
391388033
391409586
391416940
391423871
391455402
391460430
391462649
391468415
391479462
391483187
391499319
391501211
391515912
391532703
391537430
391563784
391564963
391579317
391606374
391608133
391611628
391633942
391641880
391642601
391647573
391656478
391673002
391706251
391720484
391739132
391755747
391770334
391797560
391799786
391807139
391808834
391827310
391833291
391844742
391855621
391868323
391875063
391878216
391898243
391907026
391926115
391961135
391963696
391967425
391980638
392013308
392101125
392119796
392157645
392241974
392342325
392355145
392360069
392408808
392431343
392438845
392454650
392467594
392478003
392496066
392528310
392556509
392560169
392569953
392581136
392590660
392610824
392624003
392658459
392673563
392681970
392697002
392704291
392714549
392721164
392721578
392729712
392745080
392745248
392802923
392816400
392816546
392817759
392832472
392833234
392840294
392857674
392925689
392929638
392934936
392937913
392937980
392947431
392955166
392985413
392993850
393010964
393042419
393060662
393070042
393074398
393087424
393089147
393094387
393110253
393113290
393132909
393136302
393144328
393145019
393151306
393154494
393157039
393214578
393215213
393224572
393252545
393272040
393295052
393300129
393318737
393361003
393362766
393392762
393403330
393403508
393413966
393421882
393482200
393511974
393525314
393527783
393547562
393570059
393581123
393581453
393593553
393663212
393679948
393703302
393747518
393748123
393762449
393765238
393769291
393777525
393802840
393808364
393841623
393849680
393855573
393860649
393886104
393916011
393967340
393967797
393973399
393978543
393985077
393999712
394015510
394017679
394027208
394029237
394030183
394046491
394054869
394058208
394061523
394062302
394062626
394076043
394085485
394092685
394113683
394123364
394127799
394134578
394145073
394149010
394165484
394185440
394187692
394197006
394202903
394229453
394280010
394284706
394285086
394294194
394314694
394332565
394333825
394339252
394364244
394408234
394429305
394438115
394475502
394493574
394495669
394499317
394500551
394545814
394556079
394581670
394590817
394594885
394631153
394639229
394645613
394646654
394661079
394671694
394686074
394688855
394690244
394702818
394709189
394713079
394781228
394805130
394847378
394847830
394877859
394883342
394899107
394904500
394904701
394939811
394956493
394963261
394975386
394994476
395009285
395023357
395038018
395039849
395064044
395078450
395137326
395151544
395157014
395162734
395166573
395173054
395177901
395186819
395203712
395210277
395210557
395213354
395229436
395235605
395237843
395247493
395250766
395259510
395274452
395278320
395294680
395305962
395309061
395360595
395409550
395411653
395420340
395428160
395441392
395467094
395492493
395498238
395510060
395552580
395561222
395587509
395600858
395604680
395626036
395645728
395656936
395669797
395673952
395715264
395736710
395740225
395745540
395747360
395750843
395757308
395775933
395777940
395779186
395780486
395790042
395794675
395820925
395830064
395831616
395833915
395835021
395835417
395867756
395889710
395908419
395918533
395925874
395936270
395937275
395937369
395940558
395972164
395978913
395987059
395989986
396013324
396031377
396044550
396061124
396065774
396116683
396118598
396125810
396167181
396167650
396180780
396189967
396198034
396199752
396214377
396218673
396241594
396242943
396261470
396271409
396290155
396331694
396334047
396335161
396344624
396357754
396372421
396375336
396402415
396411023
396411612
396415394
396419238
396425186
396430464
396445554
396455806
396506055
396542072
396548902
396549330
396561624
396572522
396582275
396587103
396592965
396609078
396619639
396625697
396661503
396665160
396714784
396727780
396730280
396731391
396741825
396749922
396753761
396759570
396818508
396896837
396909180
396917058
396919292
396945693
396949369
396954036
396985826
397000180
397024466
397042287
397043738
397049547
397059638
397061608
397065898
397068727
397074552
397104794
397112875
397114792
397114993
397119860
397125639
397129528
397142440
397156406
397163849
397171558
397192129
397197967
397256429
397277443
397284057
397303967
397315685
397315898
397320544
397324912
397327916
397372565
397373151
397388942
397481165
397593538
397599711
397614246
397615068
397628588
397633101
397654278
397672219
397679254
397680660
397690939
397696324
397699083
397706210
397722139
397754887
397768015
397789249
397790936
397829501
397832767
397835332
397848249
397858585
397868061
397871012
397875350
397877946
397890427
397928114
397952490
397965260
397981130
397991531
398035966
398037896
398042290
398067937
398071228
398124317
398172026
398196184
398204744
398218072
398220322
398227099
398233127
398240482
398263496
398326677
398346997
398354446
398449613
398454708
398460645
398462055
398469985
398490249
398491364
398494326
398519362
398519482
398523622
398542263
398549289
398550956
398623590
398632865
398659282
398686328
398694802
398696228
398715379
398740777
398746750
398791187
398805957
398820982
398835480
398866581
398869970
398874911
398889499
398893285
398932556
398941237
398944439
398956483
398973005
398974618
399018718
399035540
399054177
399056291
399059364
399091922
399098585
399122739
399131160
399135614
399138815
399163376
399183710
399226574
399234292
399238969
399253077
399269068
399285254
399293980
399306915
399342526
399342550
399354590
399359143
399371841
399385732
399404766
399455984
399463014
399498772
399505507
399510954
399515201
399541774
399556368
399579720
399614126
399662145
399663632
399668904
399680460
399726152
399728428
399741239
399775516
399808812
399812408
399821048
399826896
399839554
399876258
399877728
399885987
399890081
399895660
399904795
399924568
399959243
399981933
399982665
399998146
400003377
400007930
400018566
400040115
400046157
400048897
400050230
400074556
400104934
400110207
400270876
400272462
400302356
400323675
400369955
400383152
400449419
400464640
400472221
400491002
400491544
400528376
400538012
400624529
400637494
400638520
400666761
400681255
400708255
400713087
400730985
400732863
400750769
400766635
400812744
400812798
400849985
400874300
400876444
400910513
400913990
400925767
400935698
400946150
400950421
400953478
400956938
400981547
400981571
401051298
401060806
401074326
401115875
401121801
401152342
401152704
401160133
401249993
401307548
401323966
401376002
401384247
401384485
401390781
401443651
401448215
401462841
401466707
401489237
401498313
401549022
401571109
401582938
401593676
401613621
401613625
401621955
401631868
401632833
401637304
401647671
401654984
401685095
401693465
401705445
401709637
401714154
401777359
401786558
401788596
401792027
401809585
401884073
401908363
401910962
401922398
401930153
401949594
401964871
401982045
401996950
402009292
402016886
402028206
402036449
402038347
402040011
402047557
402053075
402061656
402073450
402077076
402098197
402104353
402106650
402118017
402135661
402157936
402193245
402215723
402216980
402244114
402244511
402271999
402300119
402301667
402318302
402320782
402324629
402334785
402336992
402367399
402379203
402403517
402424501
402431681
402440325
402453395
402461551
402466902
402478014
402484309
402486988
402523095
402534549
402560084
402592144
402597489
402610731
402610992
402624113
402646625
402651512
402653712
402677943
402700012
402700776
402715446
402717534
402754765
402761407
402837189
402868239
402874536
402881245
402962520
403014500
403036211
403044719
403057701
403086716
403096071
403146987
403158572
403161714
403162252
403186907
403249115
403260153
403263245
403273581
403301150
403324598
403328585
403345064
403353234
403363384
403373597
403383477
403388405
403393266
403398685
403401046
403405576
403412881
403420769
403423247
403424685
403429706
403444756
403544316
403555429
403567246
403573916
403583599
403600954
403627967
403633590
403657146
403692658
403694449
403703332
403754853
403792681
403813646
403828737
403840180
403871831
403889365
403914782
403929885
403945174
403963519
403970493
404006134
404032562
404053774
404080072
404083920
404096307
404100820
404104846
404121771
404149087
404157750
404163163
404178669
404182467
404189817
404200055
404200549
404206418
404230131
404251235
404281722
404292246
404299507
404324049
404338792
404364685
404394093
404414778
404417077
404420124
404423164
404437029
404439696
404452871
404469075
404476375
404527948
404533696
404533801
404551579
404561091
404602265
404607618
404621722
404634368
404635589
404638031
404640050
404640055
404640455
404657258
404660521
404661675
404665845
404711716
404718980
404731647
404769506
404782895
404812564
404812987
404834181
404843228
404873773
404971764
404973563
404986782
405028313
405051208
405085165
405102348
405113801
405118032
405123321
405141224
405141769
405148513
405163431
405190657
405192417
405201858
405238133
405265330
405319453
405354235
405374563
405377421
405380412
405397390
405426513
405430912
405434577
405477142
405498684
405500481
405505286
405506075
405531187
405544377
405600303
405600317
405603994
405608722
405624234
405634173
405639310
405640346
405670267
405693156
405703031
405711234
405717227
405723413
405729967
405735320
405748820
405751275
405807283
405836441
405854766
405858639
405862358
405864804
405868911
405905162
405929114
405930577
405945874
405965557
405972670
405989700
406010542
406014798
406025383
406041073
406054012
406058267
406082438
406108929
406139980
406151965
406153382
406162959
406167442
406167733
406168601
406195746
406209648
406242273
406244081
406244291
406273028
406283833
406307270
406324937
406368190
406392524
406453310
406462298
406472680
406487704
406487974
406522016
406535938
406538547
406590950
406609140
406612704
406614798
406615789
406618330
406619759
406628301
406658842
406660467
406691494
406697921
406706195
406707485
406718008
406721017
406744293
406751244
406778450
406778986
406802194
406810055
406825021
406843295
406883120
406887933
406890293
406928896
406937598
406938230
406953649
406953916
406957242
406961988
406962498
406963448
406964111
406965265
406991989
406998884
407026779
407071026
407093883
407122215
407155358
407181829
407185337
407237043
407237891
407249224
407259060
407264905
407278533
407281961
407282427
407319440
407325167
407338241
407381656
407381667
407399575
407399981
407438726
407449843
407491757
407508482
407509476
407528225
407574832
407586386
407590423
407598946
407599811
407619262
407624803
407641191
407651180
407677242
407678670
407681642
407687615
407700477
407719746
407747535
407757519
407770777
407788975
407815963
407837677
407848088
407863820
407883643
407890008
407919787
407948027
407955422
407974974
407982215
408002491
408007139
408008892
408020669
408025457
408060212
408086288
408122240
408123149
408126418
408135303
408140901
408154451
408155237
408180098
408197837
408198622
408201523
408233149
408239553
408246118
408307908
408315087
408337717
408370236
408376030
408379602
408379630
408388514
408411526
408433464
408442516
408443871
408449119
408471464
408495889
408496909
408503052
408512299
408522451
408523792
408533093
408534225
408545116
408548760
408568843
408586041
408598367
408599667
408603133
408608192
408671780
408688525
408703373
408718797
408719448
408760014
408798784
408803845
408836230
408857355
408893429
408918730
408926783
408927864
408950168
408987091
409012254
409012394
409015097
409023933
409027352
409032583
409034763
409045447
409049442
409056643
409057380
409071022
409078218
409156438
409170562
409186039
409199323
409210831
409226304
409235158
409245593
409287883
409311734
409322668
409344101
409392444
409398579
409430138
409471199
409471638
409472908
409486805
409498015
409501391
409523393
409536518
409546374
409580281
409588333
409593967
409609155
409634310
409634466
409647601
409655893
409661790
409666774
409684014
409684541
409685925
409687254
409693379
409713192
409714110
409751458
409798064
409823291
409863409
409869136
409869743
409876405
409895678
409895854
409899761
409911737
409911902
409973077
410012855
410027362
410042283
410062817
410083713
410088281
410133330
410147085
410172803
410180529
410235131
410236094
410263585
410272112
410272196
410275108
410286346
410303390
410313510
410324783
410330249
410348632
410360154
410404576
410428214
410436836
410447303
410464309
410486877
410487920
410504770
410558569
410578484
410588728
410601193
410607516
410609562
410615631
410634623
410657831
410695244
410705092
410712400
410746128
410764553
410764606
410774404
410780983
410799685
410820728
410854202
410904756
410909221
410916972
410918158
410922341
410929880
410941622
410945414
410948492
410953062
410982388
411025756
411051743
411052631
411058761
411107900
411150661
411172601
411179299
411198437
411212001
411219646
411220065
411229075
411240309
411245845
411253432
411266131
411283722
411299260
411307997
411322041
411342023
411355660
411360129
411385299
411400936
411407530
411443796
411469719
411498987
411501563
411515337
411519729
411544142
411555312
411584359
411597926
411600907
411605332
411606162
411635889
411655543
411674842
411695694
411698684
411699340
411699633
411723019
411736708
411775030
411778448
411796943
411817334
411862243
411868880
411876670
411917555
411930611
411947417
411947703
411982924
411997745
412013141
412030266
412040252
412060200
412082163
412097931
412099000
412105256
412127380
412127803
412131081
412131388
412187965
412207746
412219714
412245395
412247547
412251550
412293205
412297707
412305719
412305768
412331363
412331882
412334010
412334596
412386024
412387594
412389297
412413144
412434143
412440783
412455640
412481838
412505456
412521447
412532768
412553296
412554913
412613427
412643429
412665929
412689911
412696997
412762522
412809935
412819361
412866447
412888341
412892201
412898576
412904758
412907590
412924846
412964920
413022696
413025867
413031764
413033619
413055185
413079240
413094439
413124563
413127320
413174777
413211295
413240919
413260852
413271339
413289969
413309235
413311539
413333608
413351797
413361432
413368616
413375896
413391735
413403462
413428740
413441013
413447441
413447602
413456618
413462547
413477991
413479764
413485831
413506023
413507812
413526521
413529947
413535319
413548040
413580021
413601356
413612394
413629191
413633965
413634333
413661373
413661725
413692559
413700906
413704054
413719806
413726466
413729848
413745107
413760880
413768278
413774976
413791114
413820053
413820716
413834401
413850795
413859529
413868530
413869917
413903010
413909636
413930586
413944533
413948272
413967365
413981740
413983356
414002935
414006153
414006819
414019205
414024488
414024963
414036397
414045698
414064940
414067928
414088122
414106965
414109580
414119198
414120851
414162190
414171625
414181606
414202618
414210372
414237061
414248165
414299927
414300841
414308879
414343728
414353334
414361653
414376289
414389364
414392466
414402714
414408359
414427247
414428670
414440800
414462393
414465823
414493770
414507834
414519319
414521088
414521303
414525070
414527941
414539029
414543688
414554451
414567015
414573968
414593996
414598925
414611680
414638906
414639643
414653664
414654445
414655488
414677304
414686859
414699143
414699928
414710743
414758670
414763465
414770421
414774964
414798896
414818988
414823395
414824713
414844061
414873297
414892474
414948170
414956115
414957907
414959287
414964576
414970583
414973024
415008082
415036112
415038630
415038935
415071484
415107068
415107303
415145531
415152050
415158434
415161554
415185094
415199639
415203189
415207376
415226345
415234628
415235256
415238271
415240275
415255308
415298021
415335060
415336777
415357641
415400634
415459474
415467085
415473545
415494498
415528840
415534869
415555893
415615438
415618394
415645793
415648323
415661798
415687092
415693885
415702209
415713731
415732096
415749352
415763397
415766726
415782721
415822664
415833598
415846976
415856026
415881917
415895384
415896023
415896878
415924675
415934059
415937846
415947821
415949522
415957786
415984348
415992404
416037830
416065118
416069777
416097371
416097502
416101793
416130574
416146417
416146933
416169748
416176374
416211120
416212304
416219894
416233639
416269225
416271801
416279863
416298639
416321946
416339519
416340736
416397408
416408267
416415720
416433768
416435978
416451669
416460808
416461433
416475344
416478269
416488496
416492614
416494430
416495378
416499256
416519180
416526498
416547749
416554608
416554960
416580456
416627953
416629705
416630319
416644961
416651148
416678209
416726938
416736645
416743394
416744175
416763668
416783266
416787263
416812589
416846160
416870413
416881843
416909691
416914427
416917472
416918153
416920426
416921663
416931914
416936141
416981719
416988837
417010578
417039344
417066734
417067670
417085926
417094758
417133017
417153854
417189526
417196226
417198241
417205109
417242410
417248748
417261289
417267308
417271636
417282724
417286277
417303885
417331405
417354207
417371040
417435718
417440527
417472832
417496774
417498028
417501094
417508601
417509274
417529722
417563250
417585278
417603994
417609963
417615852
417633781
417638491
417640509
417658168
417669262
417693379
417702452
417710090
417727096
417735090
417749482
417763962
417768350
417820972
417847172
417849456
417876705
417878497
417880052
417892914
417915052
417922405
417939893
417951723
417954913
417964576
417974873
417993599
418062620
418064503
418076662
418086942
418105068
418107884
418114913
418132573
418143793
418159381
418170884
418172068
418199014
418201515
418234582
418258017
418262990
418277720
418282227
418285008
418292925
418306913
418338789
418374758
418379949
418408607
418427067
418437283
418460523
418475764
418486059
418573577
418598522
418602762
418620545
418644452
418647071
418676106
418693912
418696379
418709707
418721169
418746641
418767613
418776975
418788273
418819046
418823960
418838325
418838357
418839080
418840598
418848788
418870339
418877770
418888097
418901029
418929962
418948076
418956404
418960275
418970423
418995789
418997673
418999157
419002581
419006862
419013587
419016248
419017114
419030715
419031161
419048539
419060910
419091397
419108282
419112178
419119988
419124147
419128477
419130173
419172633
419175908
419184140
419213940
419231146
419242404
419247370
419264930
419270188
419310330
419313961
419319100
419353816
419366160
419469898
419490335
419491960
419497502
419505589
419529885
419549460
419602616
419610553
419618300
419657416
419669030
419671787
419676441
419682209
419701249
419714248
419719607
419720057
419723230
419727551
419742373
419757036
419760872
419787815
419800208
419803256
419814384
419825908
419850047
419902418
419903649
419906607
419912475
419912786
419926280
419960266
419963003
419964021
419986988
419987170
420001811
420003232
420004920
420012563
420017314
420022422
420037159
420048700
420049267
420052677
420083437
420099947
420106486
420117271
420118538
420123955
420173580
420191249
420204531
420234716
420244807
420267039
420272788
420287930
420308307
420338859
420341245
420388778
420410800
420429816
420431093
420432112
420437550
420476431
420525368
420537393
420542932
420554327
420557858
420561841
420562639
420584893
420598652
420615640
420623805
420630454
420641437
420669964
420724598
420739824
420751434
420763601
420785005
420830581
420864327
420881050
420883568
420888829
420897015
420909176
420914830
420935938
420940303
420954858
420955344
420963418
420999605
421010873
421017730
421025438
421034573
421051227
421052889
421053105
421055186
421058579
421065063
421074297
421077572
421084575
421085426
421094205
421095940
421098718
421112530
421134161
421145680
421147062
421160376
421173565
421190304
421197821
421212005
421253488
421287253
421312939
421314378
421331067
421333498
421357475
421369179
421400171
421404626
421414792
421425944
421429608
421437972
421441804
421442983
421452933
421471505
421494688
421524191
421536824
421541605
421561668
421573172
421575080
421593066
421634260
421642769
421647104
421692408
421701628
421710429
421714065
421722551
421723318
421731664
421735973
421754335
421758370
421759610
421778215
421803185
421822474
421840372
421844348
421844670
421848352
421879631
421884712
421900531
421906347
421942233
421955760
421983339
422016256
422020279
422050109
422065493
422088492
422095019
422102009
422111515
422125431
422131810
422141484
422152707
422164222
422171686
422201408
422221666
422232352
422239805
422248281
422288103
422289452
422296902
422297726
422298901
422315644
422337052
422352778
422377062
422407351
422412368
422417284
422469715
422483183
422499753
422500588
422503624
422529106
422561668
422564510
422576545
422578085
422584013
422591897
422636485
422683281
422696877
422708653
422718113
422730901
422746769
422757452
422783858
422802331
422803919
422804412
422821067
422844488
422870600
422949847
422954717
422960326
422972097
422983331
423002704
423008704
423014760
423020425
423055264
423061754
423106409
423122606
423123999
423133169
423166224
423168431
423171592
423176631
423181922
423187637
423200410
423208215
423208383
423227056
423230407
423233605
423242771
423285180
423290738
423290820
423292701
423294109
423297579
423327198
423344376
423348815
423364513
423375144
423413226
423426826
423437115
423442449
423477946
423492676
423501042
423505684
423509603
423518719
423530491
423554688
423556146
423559132
423593204
423597280
423598715
423630348
423647511
423648004
423659322
423678453
423692655
423695817
423712857
423734955
423740539
423740974
423754813
423759170
423772789
423812083
423817980
423824368
423836437
423849616
423850284
423910650
423912159
423917709
423965516
424007996
424033783
424050723
424066635
424097572
424114522
424178327
424179459
424180587
424187101
424225648
424245828
424250739
424259472
424262553
424268583
424271890
424302230
424304610
424325907
424348380
424361988
424365106
424386529
424395864
424396008
424397460
424400847
424401490
424401660
424433810
424434113
424442311
424452206
424463758
424477054
424480561
424481900
424483104
424493211
424502033
424507956
424526976
424532288
424535183
424536835
424536885
424588420
424660027
424661403
424662804
424695276
424697700
424709767
424749087
424791100
424837731
424843020
424845189
424847786
424851201
424857790
424859037
424864786
424879204
424885398
424889329
424894173
424917593
424924618
424934401
424940353
424943056
424979480
424982788
424998724
425015816
425041710
425054658
425066187
425075185
425095588
425095996
425108396
425112415
425156470
425158442
425168670
425178925
425180898
425187362
425191195
425198784
425208172
425220470
425225205
425274228
425286875
425305716
425311587
425317325
425362292
425366245
425370411
425370702
425385352
425424482
425429966
425435595
425445014
425453822
425466137
425481419
425511256
425534357
425549274
425557306
425574876
425587114
425605137
425647746
425694914
425735437
425739003
425792892
425816060
425817680
425823757
425824919
425867107
425868966
425882204
425891997
425905902
425915096
425934091
425982140
425996582
426001629
426027809
426085673
426089667
426115004
426138630
426141534
426166376
426167825
426175437
426179910
426199502
426228800
426235583
426265819
426278622
426304593
426306756
426314150
426366552
426366727
426377653
426382797
426436703
426443132
426445436
426446370
426452384
426462241
426485804
426500223
426555122
426584159
426587351
426592633
426624033
426658551
426667408
426669578
426695169
426719980
426754633
426769388
426775414
426777898
426790849
426795576
426812254
426812849
426835091
426840158
426846014
426846398
426913999
426921142
426928977
426932539
426953221
426961447
426961512
426983631
426993705
427014958
427031882
427051075
427073890
427102871
427122337
427131021
427132543
427163467
427169911
427175713
427193628
427203129
427208197
427242256
427242553
427261493
427275029
427278978
427297816
427298618
427303272
427361710
427394056
427403342
427445127
427453352
427472774
427523411
427523863
427538463
427547455
427560958
427647738
427654041
427656910
427663375
427700109
427730204
427732348
427762625
427796779
427818332
427820949
427833633
427836366
427852967
427864486
427878490
427908513
427916983
427917613
427933834
427946396
427967422
427988191
428030709
428038363
428043790
428048296
428057815
428063143
428064908
428072857
428074313
428156953
428182188
428185907
428203300
428225339
428317729
428325611
428328291
428342812
428356386
428388164
428429396
428433810
428442774
428453469
428459955
428478792
428500278
428510698
428526120
428539409
428542799
428589254
428599408
428615913
428616458
428622292
428632896
428675340
428681570
428694262
428728109
428738567
428743542
428749765
428755211
428774634
428779787
428782416
428782893
428785729
428792287
428800619
428810270
428811653
428820541
428827952
428868335
428871492
428895629
428912754
428946360
428948545
428949820
428953516
428961488
429032113
429040118
429044015
429057533
429062673
429067694
429068777
429072180
429085898
429096803
429105790
429107773
429140793
429147774
429159488
429178409
429186423
429188858
429198931
429199941
429210308
429239529
429249004
429260630
429267800
429283397
429287710
429350078
429365796
429366588
429388827
429396466
429403488
429435156
429435659
429451631
429486735
429496992
429499717
429500018
429517712
429539670
429543192
429548739
429562347
429583410
429589447
429611282
429616116
429625567
429632124
429645821
429661246
429676630
429679986
429681735
429684100
429684883
429714084
429720197
429731328
429732543
429741988
429762978
429788408
429797725
429808588
429812518
429820725
429821092
429844899
429860034
429905844
429917477
429930145
429960368
429972614
430008770
430015369
430020237
430041303
430047769
430077539
430081399
430085952
430128044
430131323
430147818
430179180
430192391
430206169
430211381
430250412
430256434
430259679
430261287
430268363
430297534
430307532
430317420
430325020
430327951
430334699
430336254
430347265
430352961
430363252
430388022
430392366
430392399
430429747
430434519
430444680
430451524
430452429
430456450
430472591
430478162
430482086
430485468
430498792
430503040
430504064
430519662
430522359
430537886
430599179
430610227
430632178
430651399
430657454
430682116
430685063
430705748
430727895
430738197
430743936
430783421
430798642
430830436
430833690
430836125
430841085
430842913
430850034
430871597
430888485
430890848
430892333
430896624
430913084
430914188
430930298
430964295
430976059
430976522
430980929
430993915
430996220
431003159
431022396
431038757
431087912
431097574
431098655
431104284
431108023
431114264
431136172
431167122
431175837
431189474
431197626
431218683
431224245
431234406
431243625
431261531
431268992
431278368
431282633
431315454
431316528
431330184
431361318
431367572
431380122
431387033
431387518
431412633
431418172
431427361
431432575
431435676
431438229
431452629
431479173
431497805
431509268
431515525
431597403
431606206
431624554
431681958
431686960
431696894
431715568
431726216
431754871
431772930
431784459
431791910
431805720
431822098
431835465
431876179
431877028
431883357
431893219
431893370
431898739
431900148
431914005
431917329
431928784
431961779
431978577
432011946
432023967
432028854
432030497
432033505
432038551
432039195
432040127
432067958
432092234
432104019
432113291
432137861
432138565
432152843
432166996
432176401
432184458
432184920
432186051
432201888
432217684
432248374
432250859
432288218
432289757
432308969
432310577
432314226
432321164
432336592
432340712
432346662
432358432
432359522
432383140
432413550
432417166
432425087
432433667
432443198
432469969
432483184
432510961
432526523
432584165
432592524
432613905
432629142
432638960
432643847
432655193
432656880
432657101
432699644
432716686
432751156
432770426
432787896
432812856
432828633
432889921
432897172
432912861
432915755
432916761
432917485
432917991
432922612
432935092
432955326
432958856
432959945
432961410
432964894
432974512
432983678
432994787
433037822
433041171
433044131
433047274
433050185
433057216
433063343
433063344
433075282
433079683
433083032
433086957
433093330
433095647
433098304
433104256
433108819
433112140
433135071
433138312
433140960
433192012
433195390
433196268
433202732
433204255
433221998
433223705
433224683
433231443
433232135
433251415
433261005
433290396
433296116
433298215
433332292
433347354
433349871
433350912
433355339
433356577
433381056
433384092
433400092
433400816
433419056
433427690
433435503
433442216
433442416
433464944
433484142
433490191
433507497
433509291
433509696
433528765
433546236
433561129
433580105
433591562
433592819
433599801
433637919
433642045
433664847
433668403
433676695
433684831
433690995
433731485
433776071
433806262
433831473
433860926
433874998
433875736
433879985
433920680
433937185
433949310
433952306
433970779
433974401
433978058
433978657
433981908
434010618
434016920
434051984
434073265
434084295
434100279
434111506
434119066
434122044
434138017
434138645
434146975
434156846
434175467
434189020
434195234
434197753
434231875
434240984
434242013
434248742
434273172
434273493
434282909
434294848
434295729
434306938
434346194
434348618
434383491
434391699
434396587
434398898
434400949
434411849
434422519
434430739
434471625
434501062
434519138
434520968
434526939
434528566
434533953
434567833
434571935
434589338
434623914
434635925
434639118
434664527
434669214
434710392
434712955
434741863
434746882
434747179
434814202
434840316
434855722
434863209
434866504
434911960
434924561
434988683
435003073
435047672
435058841
435081830
435086672
435092671
435110529
435110963
435124555
435129883
435138073
435154038
435155521
435197056
435202044
435210289
435211071
435223307
435253941
435262234
435283837
435285789
435289573
435293871
435306184
435319211
435322828
435330428
435337395
435342789
435346255
435347517
435356572
435392596
435418867
435421343
435431335
435438175
435497286
435499284
435507475
435516283
435522974
435571861
435586417
435590554
435611333
435622360
435629045
435681364
435724400
435729023
435746776
435766923
435774027
435792165
435793547
435800788
435827044
435865106
435871979
435882757
435883110
435895771
435903631
435906412
435908272
435923050
435931018
435934638
435935121
435939576
435949939
435950564
435974618
435996960
436004313
436011011
436021654
436024118
436031549
436054502
436057663
436060061
436065170
436066199
436066859
436105590
436114204
436118539
436145205
436146914
436160238
436165938
436167488
436175978
436176287
436205050
436213558
436217130
436224635
436249956
436250613
436251748
436321845
436322899
436328593
436347324
436348385
436351738
436362224
436366532
436372051
436397286
436400520
436409531
436414552
436426666
436431533
436439675
436479246
436482201
436488201
436504183
436510547
436511498
436514420
436516878
436556016
436573107
436583837
436620945
436622870
436631268
436632656
436646429
436647517
436664391
436678585
436682474
436684147
436696334
436713935
436746396
436747609
436782008
436798667
436830919
436833456
436845855
436861071
436861655
436866852
436888362
436919879
436929152
436933024
436936581
436950644
436960058
436963089
436987701
437013441
437037554
437060999
437063155
437086015
437091909
437102261
437105342
437109178
437111190
437117200
437117539
437125527
437138833
437143218
437169390
437197733
437223769
437224297
437236281
437241815
437246256
437255949
437280787
437282675
437285037
437288773
437307808
437318017
437319653
437346640
437358348
437364955
437367127
437378561
437434900
437463943
437468619
437475764
437491383
437501028
437501310
437509714
437512830
437518396
437526497
437527242
437535137
437540864
437546538
437547298
437556041
437581573
437601877
437603940
437634537
437645362
437648817
437676776
437690381
437695514
437699721
437702848
437713534
437728268
437737668
437755763
437770681
437790612
437794354
437812109
437813558
437814170
437842670
437858329
437861686
437861924
437875413
437884145
437887623
437893076
437915491
437919705
437920971
437922880
437938905
437959848
437969939
438024090
438037569
438079951
438085502
438092160
438099595
438102849
438125568
438133103
438165493
438171674
438177150
438184303
438212155
438275284
438279618
438284482
438290753
438321505
438329777
438344709
438365134
438370734
438377907
438388233
438406430
438411205
438414596
438423529
438431880
438445758
438447923
438454975
438455495
438456180
438458523
438481662
438497629
438546883
438560636
438586137
438619962
438628608
438639120
438639259
438643645
438652665
438653068
438655049
438661251
438671186
438683073
438703892
438716898
438729425
438764303
438783019
438783996
438834336
438872650
438901355
438915614
438929903
438939608
438948554
438950653
438956260
438956603
438958935
438983076
438990788
439004227
439012330
439064036
439077686
439081001
439085444
439102060
439104866
439112740
439113708
439140494
439144083
439154808
439166938
439177113
439185430
439195871
439196564
439222003
439228873
439240204
439253903
439258463
439292579
439345289
439360318
439360426
439372887
439401453
439402727
439405263
439464773
439476384
439482118
439484643
439507425
439512304
439515042
439517680
439518614
439524241
439526246
439534041
439538007
439579709
439597379
439658458
439663177
439679156
439679877
439683494
439690965
439693960
439695839
439705216
439706660
439729547
439745150
439752013
439753179
439777862
439798219
439801065
439804360
439818605
439820334
439822868
439858888
439922423
439931320
439938844
439955250
439956074
439958777
439970858
439980066
439983194
439990235
439992400
440025925
440032121
440051919
440124965
440145407
440160904
440165876
440169199
440184431
440188634
440189843
440197218
440210470
440211003
440249114
440250672
440263960
440268314
440286918
440314269
440316625
440326778
440327362
440342146
440345166
440357014
440360329
440366448
440371192
440382441
440386640
440391848
440436376
440442401
440452564
440458001
440462498
440469971
440479687
440493400
440494743
440500287
440503585
440510069
440547704
440548075
440560585
440576614
440585912
440603549
440608197
440620230
440625608
440636577
440643721
440653338
440663115
440679842
440687005
440708895
440708962
440714577
440722080
440733462
440751999
440761233
440771734
440772156
440775787
440780951
440789385
440791346
440796116
440801521
440803387
440822184
440829171
440868004
440868416
440875618
440880552
440900271
440902287
440925193
440938561
440960535
440971009
441011676
441035833
441038970
441053504
441062410
441064509
441068666
441116072
441129016
441153557
441157935
441173136
441184684
441215418
441240871
441241879
441245677
441258450
441266920
441271412
441279001
441298161
441309401
441315043
441328507
441335822
441379892
441385290
441408544
441412991
441454417
441457015
441500670
441512495
441515751
441555858
441579714
441606368
441609231
441620090
441623986
441655501
441699081
441705095
441708588
441708803
441740931
441778503
441791984
441795320
441811512
441817165
441822084
441822624
441841986
441847190
441871569
441910641
441914347
441936812
441958663
441960816
441991124
441995123
441996283
441999469
441999979
442005574
442047295
442077327
442105151
442214841
442228952
442236638
442249738
442252280
442285840
442345609
442348592
442362113
442370782
442419712
442433653
442436889
442447685
442464902
442471475
442473991
442486765
442501266
442501442
442506757
442508283
442543552
442543609
442552280
442574185
442578992
442579153
442586047
442590174
442594845
442607959
442651801
442655288
442657916
442661044
442673224
442702400
442708124
442718807
442733230
442765964
442779321
442781485
442794466
442802986
442807183
442817055
442846493
442867185
442867394
442869158
442873926
442875218
442888651
442904803
442907961
442909213
442912934
442917342
442919986
442922453
442923995
442934443
442946347
442965950
442968172
442983706
442987904
442991397
443014872
443015827
443022936
443034791
443036183
443046928
443049152
443060443
443069536
443103202
443116595
443119117
443164007
443177869
443179122
443191295
443193222
443198424
443199376
443213189
443216298
443265509
443270271
443289558
443308613
443309920
443315015
443330255
443333541
443343350
443346682
443351374
443357191
443366493
443379888
443403330
443425361
443433273
443442708
443448632
443454062
443475160
443490190
443497604
443498067
443561256
443570442
443577601
443579162
443579213
443579296
443583636
443603772
443604377
443607086
443609969
443616109
443638163
443648218
443653970
443679285
443681421
443725048
443753801
443754883
443759800
443773840
443792324
443798869
443805743
443836919
443842000
443846636
443846999
443867990
443902048
443907202
443939156
443940244
443945606
443967433
443973702
443988307
443989672
443989715
443996208
444035007
444035983
444045520
444046888
444059329
444082419
444091619
444094542
444097514
444136611
444146561
444149280
444154703
444214194
444235799
444244259
444270227
444272556
444272961
444280100
444291253
444301438
444322380
444337428
444341478
444342922
444358307
444362255
444416058
444422307
444422999
444423727
444428909
444431706
444445990
444451536
444457180
444484862
444488938
444494130
444510254
444521553
444536721
444554994
444570915
444579981
444580823
444588990
444596253
444626527
444632317
444638619
444641255
444653427
444664604
444665622
444673512
444677372
444680686
444686693
444686929
444688494
444707145
444714184
444714313
444715649
444734166
444739237
444771639
444790602
444805206
444836690
444836706
444845598
444860042
444860755
444865969
444879670
444901482
444908718
444928627
444938577
444942515
444964382
444973161
444973791
444977818
444985169
444997684
444999234
445002362
445002764
445016090
445020165
445022848
445026590
445032634
445032734
445036761
445057215
445071596
445105402
445109694
445110313
445122194
445122812
445128286
445136879
445138313
445153296
445160060
445162411
445169912
445182672
445188936
445189935
445193480
445197873
445198563
445220135
445244581
445250290
445254361
445281706
445301038
445302504
445308371
445308805
445311446
445343063
445354679
445364068
445376682
445399785
445438487
445446075
445451614
445454876
445500986
445501673
445502313
445510532
445545606
445558481
445571966
445576022
445600529
445601024
445614062
445623614
445632569
445641123
445644048
445674831
445713208
445732803
445738791
445741670
445747754
445750521
445756835
445771064
445774977
445781643
445789835
445793473
445795362
445798257
445801768
445803206
445807906
445815334
445877947
445890639
445910232
445930993
445949289
445954474
445991841
445995560
446001203
446003648
446016711
446047688
446057319
446058866
446059754
446065653
446092687
446095052
446097526
446103719
446104002
446140406
446178000
446186344
446187118
446192798
446195165
446203149
446215144
446230831
446237353
446242590
446259160
446281538
446282670
446292416
446299734
446327542
446327801
446332651
446355072
446355432
446395449
446399402
446407600
446411305
446416975
446423815
446441481
446456635
446505870
446523285
446548705
446574776
446576765
446587462
446611979
446618195
446620208
446625331
446641149
446685062
446689253
446689601
446696634
446705003
446712724
446715235
446721285
446750495
446758409
446771272
446775805
446779198
446805344
446806664
446825083
446828072
446829579
446839089
446862860
446869526
446876789
446893368
446908639
446910202
446928887
446929855
446939612
446972061
446974124
446974172
447006318
447022878
447035766
447038154
447042352
447048976
447049967
447051509
447056952
447083250
447090052
447094800
447147780
447170412
447171957
447203993
447207261
447214842
447229740
447240516
447246455
447272619
447284414
447297134
447310613
447318337
447325436
447328967
447334482
447335669
447373382
447375009
447391346
447442796
447443761
447444760
447445016
447449799
447451161
447451290
447468615
447478801
447498093
447501802
447506255
447520608
447523563
447532274
447548678
447568283
447575694
447586618
447599834
447609526
447612227
447626219
447650477
447666609
447668192
447688384
447692093
447705625
447707222
447735278
447735875
447761022
447761410
447762211
447763947
447765612
447788545
447799118
447803566
447811379
447813376
447817590
447828947
447836055
447838946
447870111
447886214
447889773
447897367
447907055
447924497
447933575
447957152
447960112
447962334
447982856
447983454
447984474
448003756
448019128
448037461
448047050
448050987
448078438
448086530
448097983
448117488
448153959
448175638
448186575
448190452
448192199
448192821
448202455
448229773
448230723
448231969
448241229
448248578
448273463
448277662
448279249
448284101
448304707
448324787
448327384
448338200
448344881
448350968
448368288
448382607
448396444
448415024
448421828
448435639
448452248
448466837
448475683
448490675
448510732
448538478
448547439
448556140
448563285
448573054
448586119
448648278
448682807
448699013
448721726
448727225
448734996
448740073
448749818
448754199
448759234
448773618
448793367
448801106
448812894
448830590
448832895
448847781
448848568
448882972
448886397
448900379
448906243
448907473
448931592
448932407
448935176
448935809
448953776
448959803
448997226
449000000
449007899
449008269
449024777
449027414
449041532
449043227
449053803
449054610
449064384
449073314
449078112
449079731
449087797
449090131
449114157
449136803
449159655
449162048
449195818
449201525
449201940
449211409
449292997
449293731
449298983
449299517
449302369
449328528
449332440
449342349
449359424
449373664
449378077
449378882
449388141
449392215
449414087
449462011
449469651
449477517
449489983
449505428
449535740
449538732
449544159
449553008
449558750
449629316
449667681
449674290
449695543
449713393
449725850
449730153
449734422
449775801
449800797
449801987
449810680
449825372
449852931
449854642
449871123
449882687
449885942
449889596
449912027
449939195
449960437
449971655
449988162
449988256
449990503
449996725
449999084
450003182
450003436
450009509
450018235
450020829
450030642
450033129
450055043
450067473
450072178
450073870
450099633
450102101
450106061
450107867
450113515
450139329
450153320
450157792
450165361
450167076
450188768
450191201
450200875
450253731
450260592
450276243
450278803
450281710
450283904
450297205
450299604
450327666
450342936
450348810
450372107
450396686
450421418
450427235
450443158
450466393
450473683
450474137
450503044
450524082
450545560
450550972
450555678
450563145
450581545
450594710
450594823
450603186
450624208
450644222
450659111
450705620
450707408
450722162
450722771
450723758
450766449
450773082
450778099
450789296
450797694
450802381
450901428
450903535
450908681
450963420
450969797
450992734
451014590
451030856
451063414
451066380
451074131
451079756
451105841
451111600
451111616
451115447
451122960
451142311
451159976
451175619
451176901
451179172
451202736
451222646
451228695
451244281
451246662
451250597
451266951
451268634
451268841
451277913
451307554
451314355
451316411
451362814
451367312
451382964
451387574
451392506
451392933
451398886
451404454
451406354
451413655
451453291
451460469
451470357
451473405
451475797
451483413
451496156
451545376
451552591
451557858
451561813
451570442
451602317
451627990
451628873
451638381
451645086
451671290
451686285
451695384
451721092
451736734
451738691
451740358
451754541
451756105
451761527
451761556
451762750
451764662
451773629
451781105
451792947
451822423
451828407
451863834
451865299
451869542
451879210
451883355
451890261
451924404
451928006
451941857
451963276
451996102
452050357
452058574
452100778
452109480
452115285
452116810
452122222
452184361
452189334
452201009
452204832
452214361
452234435
452234446
452256775
452261203
452262325
452279623
452288386
452289516
452300769
452357809
452358440
452442638
452445746
452458777
452459108
452464470
452474220
452476752
452477995
452495568
452512667
452514668
452524511
452525714
452532695
452545558
452597851
452600057
452601365
452601987
452603523
452617537
452622240
452635629
452643240
452643522
452646742
452651469
452651657
452658637
452658904
452663688
452668363
452682239
452685174
452711004
452714059
452721055
452721235
452742579
452742789
452754074
452767839
452797513
452803345
452842182
452857057
452872069
452872513
452951398
452972570
452981366
452983000
452991557
452992304
453018287
453024405
453039285
453045127
453059597
453070058
453070666
453111640
453112132
453113510
453116633
453128110
453133044
453133585
453139034
453145926
453147093
453161271
453161299
453169487
453172233
453186083
453187528
453189998
453191608
453229316
453266314
453292983
453307470
453409656
453413089
453453103
453485782
453494109
453499978
453509071
453515980
453545941
453550379
453552611
453561543
453597591
453603672
453607423
453616226
453617554
453620283
453636181
453644346
453650788
453658850
453664953
453665707
453677943
453684909
453692741
453694306
453703283
453804343
453826538
453834810
453837068
453851756
453859197
453878491
453910732
453916142
453935974
453941450
453953421
453958292
453977269
454001982
454126402
454127182
454172125
454179652
454181985
454183889
454190735
454198581
454217245
454270945
454297192
454308781
454309761
454313113
454314831
454319489
454320432
454331446
454336837
454337597
454358684
454387325
454389627
454390045
454400578
454402298
454408985
454424030
454444056
454461761
454461979
454464160
454482163
454491742
454494551
454494677
454499756
454511476
454512090
454514221
454526003
454552872
454557779
454593119
454593895
454656264
454664886
454665314
454697305
454734767
454762802
454762907
454764063
454772299
454774461
454777094
454797395
454799219
454805748
454809660
454823639
454827029
454828373
454829087
454829269
454829533
454836934
454838299
454838758
454848460
454859617
454886991
454898253
454905166
454910421
454932010
454953824
454962931
454982022
454988722
454990778
455034041
455052158
455080602
455082870
455088274
455099012
455100651
455118010
455132986
455139057
455142425
455156925
455161711
455168194
455190323
455226686
455236303
455240745
455250751
455259223
455261077
455307018
455341419
455346323
455354266
455358732
455362735
455378638
455390591
455420626
455421498
455442545
455458424
455474837
455484849
455494829
455530615
455530825
455534570
455539551
455550202
455555985
455561156
455578266
455645458
455646473
455654454
455658225
455673643
455674246
455674956
455675796
455694388
455703950
455715862
455728656
455730145
455731682
455733022
455740679
455757569
455765924
455769072
455793898
455827370
455831023
455841761
455843932
455894790
455916089
455920153
455925853
455961079
455967851
455968792
455973415
455982872
455987292
456010263
456026405
456032943
456058361
456076506
456086313
456108291
456112699
456143464
456148388
456164234
456164989
456213830
456215515
456219860
456223590
456223725
456231763
456253328
456299788
456309385
456310114
456315818
456316754
456334159
456352296
456382718
456390439
456392959
456403849
456408953
456417376
456423461
456447135
456456756
456469260
456473540
456473770
456474118
456495249
456499604
456508964
456551319
456554844
456554914
456566006
456576804
456577774
456586053
456588508
456653575
456661706
456681994
456722526
456733672
456755459
456773915
456778023
456783072
456817533
456823624
456825374
456837203
456840471
456841956
456854765
456856736
456864941
456885748
456885878
456889601
456898252
456910058
456914829
456924121
456925528
456944277
456975085
456979845
456989562
456999071
457012621
457041219
457057256
457070909
457081496
457101342
457102328
457109147
457121388
457157237
457162951
457163208
457163912
457164309
457169681
457175765
457185673
457193089
457198343
457225742
457229380
457233511
457249869
457258657
457275564
457277926
457289395
457315426
457322563
457329226
457332572
457346618
457361087
457363954
457421787
457435897
457440704
457444545
457477702
457480075
457483736
457491146
457564563
457584888
457661242
457661840
457679533
457682632
457725114
457741996
457746879
457747230
457787142
457792645
457798304
457799495
457800348
457805787
457816243
457823039
457834661
457848750
457854283
457860975
457869317
457878067
457879484
457879988
457884882
457888342
457888345
457891964
457914153
457916141
457923587
457936355
457943955
457962306
457963405
457968368
457969715
457998010
458007313
458007997
458008471
458015144
458046537
458060940
458080348
458084873
458086863
458087495
458096472
458140329
458147698
458190396
458228318
458234692
458281080
458283666
458298593
458324302
458378102
458385719
458385752
458412097
458451031
458467720
458501131
458530887
458532048
458544141
458556220
458558728
458568348
458573658
458579285
458599748
458607117
458609275
458616492
458616742
458647434
458667515
458683598
458724331
458726731
458802237
458814768
458817435
458827276
458828568
458856080
458872225
458872395
458876966
458880046
458886871
458911235
458940345
458957292
458967517
458969724
459003044
459010164
459018871
459040844
459048466
459061865
459069548
459070465
459105344
459136057
459141313
459142962
459149912
459151197
459166738
459180811
459203980
459206840
459219066
459239542
459268575
459276638
459278965
459281013
459286108
459303186
459324444
459330947
459342637
459342824
459354174
459356553
459376145
459392855
459395692
459411557
459413088
459413207
459414335
459420232
459432015
459433246
459459952
459486285
459495279
459543482
459568872
459569158
459587910
459595077
459598684
459606964
459619103
459635153
459648342
459658898
459660962
459677478
459692532
459697397
459737930
459752663
459756705
459784912
459858282
459874266
459887595
459905350
459905390
459907647
459947340
459957272
459965048
460008102
460012196
460013873
460081192
460106946
460109062
460109675
460110549
460123336
460123508
460132272
460135646
460188350
460196108
460206225
460227540
460243588
460248986
460259225
460266880
460294369
460332523
460356717
460369386
460369775
460371483
460381613
460399181
460399411
460418069
460440128
460465036
460465410
460480060
460515222
460519237
460539562
460544559
460551532
460566501
460581518
460608558
460618733
460649071
460652773
460663760
460677642
460725520
460741911
460754782
460804057
460804725
460806645
460850549
460897397
460924352
460980276
461001516
461009490
461015073
461027275
461032182
461057774
461067289
461093452
461113855
461121554
461125202
461139174
461192610
461215007
461267466
461272844
461297967
461298067
461310319
461316905
461318668
461319576
461323623
461360616
461419661
461424311
461433234
461434244
461436351
461438541
461443964
461450135
461461864
461499084
461507424
461510308
461581357
461592463
461605284
461614987
461624293
461625985
461631649
461733762
461751493
461753911
461770524
461795598
461802575
461809520
461813937
461839423
461864786
461871180
461886476
461932093
461949345
461954410
461960192
461979598
461987624
462004699
462005239
462016308
462028248
462052553
462079396
462084581
462085927
462138711
462139041
462147203
462151925
462171375
462227208
462252232
462269928
462299915
462304835
462319438
462323267
462354963
462381569
462384629
462401212
462434974
462440331
462460155
462477645
462478801
462521093
462526203
462544736
462572723
462616190
462616304
462647962
462664283
462685851
462689018
462693659
462708902
462719460
462723781
462730016
462754177
462798600
462831747
462841933
462851328
462858514
462908233
462931478
462935986
462938769
462949403
462950850
462986144
463004995
463011071
463029878
463031671
463040459
463065294
463079259
463087978
463089679
463090110
463104052
463106199
463109081
463109835
463113063
463177159
463197201
463197886
463211805
463212306
463216898
463217743
463222153
463231232
463239129
463243618
463256783
463306012
463338198
463340971
463362937
463389639
463390912
463412728
463413382
463465293
463484918
463485660
463534903
463537578
463551668
463565096
463597759
463599225
463603010
463628367
463677025
463715692
463737240
463747220
463763502
463796695
463832782
463847743
463867502
463905259
463915589
463918085
463920760
463940664
463944354
463946620
463962243
463962518
463965994
463990326
464000045
464024509
464034249
464060262
464063426
464068175
464093593
464097366
464110372
464119685
464146666
464151337
464151966
464155816
464162871
464163766
464165470
464204075
464208019
464215356
464227083
464265608
464268544
464280810
464330882
464341551
464348424
464350145
464387147
464388218
464397901
464406196
464408707
464415293
464417720
464429915
464457559
464477957
464485935
464489410
464501831
464505900
464510454
464514672
464534656
464534658
464540275
464551544
464565931
464572684
464588303
464593092
464598269
464627038
464632818
464637840
464665894
464666643
464678762
464749790
464755136
464764531
464770042
464771405
464777436
464781771
464783613
464799542
464824085
464834797
464890257
464893402
464902617
464930088
464934756
464942334
464946644
464963734
465021310
465062144
465097852
465133145
465139878
465209113
465215800
465220198
465250499
465287720
465291008
465305040
465309969
465314321
465317013
465322125
465323579
465323666
465324002
465329952
465341283
465351694
465354092
465381212
465410782
465417279
465429965
465443620
465452295
465467468
465485941
465491571
465500523
465506466
465516763
465532744
465555450
465565236
465567801
465583144
465586796
465586867
465613367
465619043
465646441
465650207
465681078
465697626
465714910
465738613
465772988
465780992
465809563
465830195
465864587
465871204
465871651
465877001
465883438
465888677
465899565
465922344
465967472
465980613
465987643
465992480
466005536
466006987
466017541
466019421
466021294
466039395
466055834
466090502
466101548
466103020
466152143
466187702
466216590
466221143
466250395
466253666
466259580
466266652
466275218
466280018
466285836
466316126
466347798
466355322
466359540
466380189
466397785
466408807
466423731
466439782
466457524
466459186
466493507
466517543
466532342
466543569
466567854
466577847
466590457
466678857
466689587
466715243
466726564
466727741
466739606
466755678
466768354
466798688
466800799
466837299
466840985
466878259
466881628
466882419
466891001
466893639
466903058
466918358
466952940
466955716
466969035
466977660
467015798
467018049
467023191
467036032
467044718
467046810
467058633
467067308
467072812
467108977
467126124
467148001
467149145
467161333
467178237
467188297
467196080
467240250
467243710
467246402
467269117
467294434
467306021
467313833
467330465
467334967
467340854
467342970
467380828
467425918
467427294
467427646
467462324
467465563
467469146
467477940
467484316
467488140
467490105
467511097
467532385
467544598
467550666
467559353
467569805
467571581
467574001
467597293
467599186
467610754
467611337
467619849
467627130
467632099
467638968
467642703
467652721
467653765
467665225
467680805
467686553
467689183
467699400
467707521
467728106
467736117
467737469
467750708
467751800
467752193
467796159
467830723
467840631
467901244
467912555
467919875
467930374
467931676
467934982
467977730
467985022
468024818
468062695
468079332
468083490
468101347
468130234
468133343
468154478
468157443
468162994
468200595
468208781
468211731
468215209
468219160
468235188
468239501
468275356
468279049
468308900
468344658
468356435
468358279
468363467
468373833
468374721
468442559
468443339
468450511
468452295
468452933
468469907
468509991
468523946
468525971
468558138
468559864
468567500
468573516
468576533
468596787
468597729
468598711
468632188
468639433
468651372
468663953
468670353
468703431
468740125
468750112
468753153
468755960
468768361
468770295
468775069
468814062
468816483
468856734
468867272
468869192
468873251
468898213
468902302
468912710
468921788
468925093
468926233
468928824
468929053
468949844
468959319
468988438
468989917
469002841
469024599
469030352
469036336
469046655
469064765
469078917
469079834
469085819
469087113
469090961
469255516
469257571
469299927
469319833
469340648
469351039
469357234
469401170
469438105
469440394
469443677
469460524
469465620
469468986
469480686
469485016
469498796
469532427
469560963
469604735
469605041
469615016
469615976
469618467
469625754
469657873
469663479
469665423
469667638
469682110
469687726
469701224
469714026
469717994
469741353
469772751
469787776
469788622
469790796
469793408
469808506
469821093
469824357
469825179
469841812
469843276
469849916
469859708
469863854
469869677
469879996
469883105
469892920
469911325
469911436
469933559
469952516
469967512
469967516
469975397
469979273
469980325
469988040
469990965
469993160
470001052
470004875
470011384
470027255
470030907
470032035
470081716
470085066
470115130
470143282
470151299
470183846
470190913
470208699
470233941
470236679
470242423
470244743
470250022
470259770
470296986
470314438
470320395
470339731
470341227
470373142
470396234
470426879
470444262
470453544
470472526
470476477
470480539
470483515
470484541
470489326
470509319
470519521
470530824
470565709
470611551
470634148
470667271
470671387
470688524
470692345
470703662
470705360
470708852
470724122
470725540
470736536
470759067
470761801
470821991
470836056
470836595
470861346
470882257
470886762
470915430
470932806
470934610
470938376
470958463
470960211
470992816
471052060
471052506
471056716
471089216
471090970
471093710
471094261
471179636
471194960
471200904
471203089
471207423
471211415
471217330
471217536
471242737
471244823
471255551
471271604
471298970
471308756
471319209
471352444
471378744
471383115
471414119
471427864
471494339
471517646
471523910
471526194
471529465
471538990
471544822
471550878
471595744
471602168
471633137
471660273
471662438
471671049
471712684
471713944
471715710
471727716
471730184
471734577
471736831
471753595
471756414
471759366
471761358
471767525
471775803
471805540
471819464
471829288
471832883
471841697
471842263
471853844
471871165
471879235
471898398
471933764
471936198
471954209
471998792
472024694
472057799
472059221
472071244
472104434
472109401
472147174
472162779
472164171
472184104
472189692
472208584
472227525
472231019
472246026
472259134
472276841
472285073
472286290
472288441
472296945
472313288
472343474
472345781
472350155
472366853
472381863
472390942
472393268
472413234
472414107
472421536
472448481
472458379
472458576
472467223
472468415
472471729
472500291
472507695
472510860
472512439
472520346
472551151
472563290
472569289
472573956
472603743
472628197
472650607
472664893
472665390
472676172
472702805
472713729
472725652
472729933
472732474
472753287
472753471
472758027
472758651
472776423
472782018
472783569
472790414
472801982
472823800
472832946
472854425
472868490
472890392
472897160
472905900
472911374
472920369
472945119
472967142
472974920
473003221
473078676
473100250
473103322
473109530
473134229
473137862
473137960
473145192
473187549
473190562
473194398
473226450
473229779
473242961
473250970
473255677
473264477
473265982
473269087
473270664
473279428
473283071
473302987
473312124
473315783
473324343
473330979
473351365
473388364
473391740
473414627
473441531
473455076
473456890
473483562
473492003
473492673
473494223
473511008
473573979
473577758
473607726
473629856
473632275
473659386
473663202
473668339
473678582
473696662
473729429
473741603
473742720
473748543
473752967
473758106
473762004
473766869
473780804
473795594
473812562
473814004
473825708
473829202
473873140
473883171
473883397
473900148
473901437
473921632
473921900
473957416
473958218
473962140
473976428
473985798
473992091
473994872
473995453
473999121
474004732
474039123
474076858
474077444
474081733
474082100
474107650
474122670
474167938
474169918
474174555
474177448
474186009
474200407
474203161
474203666
474217226
474233327
474250684
474259387
474287850
474295874
474302400
474309040
474310534
474319815
474326816
474332720
474347962
474365514
474373962
474374507
474382328
474417460
474419102
474437651
474442060
474446767
474454140
474456153
474464957
474469572
474470716
474502536
474506560
474519504
474523726
474532857
474537813
474542095
474585601
474613805
474620743
474654133
474663093
474667433
474674460
474677472
474685257
474705260
474719276
474739620
474744943
474754982
474762415
474771949
474788837
474795969
474822792
474831615
474841980
474897743
474950986
474963889
474987917
474993607
474994020
474994551
475001043
475004300
475005893
475032234
475038360
475066732
475074510
475101675
475108281
475134824
475141573
475179165
475180073
475202617
475207748
475250271
475283883
475298400
475300041
475300596
475304318
475327625
475327774
475351733
475366565
475373760
475375030
475382914
475400103
475404172
475413964
475416028
475421262
475471785
475480273
475486389
475505145
475532308
475572912
475582665
475587355
475592254
475603549
475609040
475625891
475656413
475674122
475685989
475690851
475693806
475701621
475724611
475730786
475733656
475733660
475746658
475751567
475764264
475764399
475785790
475791540
475830166
475840997
475842147
475844817
475846980
475859799
475898964
475913494
475916322
475917060
475917926
475918651
475939651
475942519
475953995
475970178
475973800
475983122
476000840
476001577
476019323
476043810
476058727
476061804
476074868
476081773
476089268
476091715
476104915
476120052
476121638
476137932
476182155
476185487
476191827
476195621
476205170
476206091
476224348
476224767
476229799
476242444
476253868
476256483
476270941
476287777
476319903
476329258
476336481
476354760
476355288
476369501
476375594
476382205
476382541
476386646
476400504
476410444
476419922
476440745
476543778
476591286
476604838
476609930
476612760
476617103
476644199
476658768
476677633
476697611
476708393
476720547
476738420
476752493
476753136
476757336
476773135
476793819
476798272
476820020
476832230
476835031
476841126
476847518
476856678
476869313
476869631
476875898
476893228
476896147
476908807
476975661
477008087
477032438
477067798
477081020
477090432
477090740
477093229
477098931
477109707
477160533
477160802
477177528
477198073
477272860
477276822
477282347
477306887
477329955
477332234
477354073
477360439
477364050
477366381
477381087
477387561
477397248
477407749
477442136
477478164
477478966
477494171
477494877
477517809
477522375
477528567
477529098
477577663
477578144
477584180
477595739
477598440
477603642
477616999
477639411
477675814
477687311
477695180
477703903
477712198
477716646
477719563
477720074
477732964
477735720
477745855
477748787
477752879
477757075
477761096
477788815
477791962
477794808
477799411
477809428
477825975
477832351
477840678
477861426
477864713
477869413
477886055
477909007
477911123
477914087
477919295
477927203
477953687
477957057
477989543
478025581
478029059
478070959
478077794
478095421
478104658
478110615
478122413
478166356
478188133
478190898
478191066
478205680
478206004
478208059
478238055
478242875
478247765
478252305
478256241
478266972
478269684
478276076
478280685
478308374
478315297
478317207
478324273
478349774
478353169
478362630
478371097
478395041
478403805
478424651
478439968
478446495
478449167
478490375
478535862
478543184
478583740
478587090
478602781
478628497
478634796
478656494
478690218
478705598
478713330
478717623
478718028
478724482
478777864
478784037
478790431
478795644
478838008
478838293
478875691
478883275
478917351
478924165
478935959
478953017
479000451
479010310
479036817
479041083
479049503
479080797
479081017
479083742
479087564
479099784
479101983
479107700
479131357
479139731
479169561
479210400
479223907
479229339
479237025
479251848
479264654
479271519
479279095
479280424
479280907
479304416
479308230
479320358
479328518
479339397
479342339
479344692
479356997
479360082
479394312
479435881
479437760
479438569
479443740
479460161
479467604
479483114
479492771
479501977
479515527
479581114
479583321
479589456
479605959
479612476
479636137
479642202
479642462
479643460
479673918
479706644
479710015
479722758
479764951
479773179
479792710
479819486
479832077
479839535
479862800
479865715
479893074
479913489
479921083
479929667
479930610
479961837
479986161
479993106
480004458
480011262
480036018
480060782
480100826
480115369
480121898
480122924
480137853
480160492
480164862
480179505
480185027
480198360
480201874
480206232
480207542
480265914
480275984
480277074
480295857
480300343
480302249
480305252
480333699
480341340
480344455
480370340
480382042
480395753
480416395
480426842
480432307
480448454
480451062
480453671
480454744
480461877
480463515
480464834
480470634
480474718
480476243
480479525
480480955
480482144
480485238
480485268
480492281
480527355
480587453
480597586
480600895
480601739
480612094
480612915
480618466
480620699
480621677
480630941
480631356
480641347
480663235
480672009
480692781
480693052
480705851
480715793
480721095
480728937
480736172
480766734
480770758
480791929
480802182
480807626
480814854
480816886
480832460
480837325
480847251
480854184
480876072
480878787
480954290
480992125
480997289
481012557
481015039
481021462
481069236
481072462
481074790
481075277
481106000
481112841
481125900
481136653
481148683
481165376
481179202
481193808
481200349
481203252
481228243
481228923
481253736
481279676
481286611
481296407
481310774
481321146
481337983
481341869
481346793
481349490
481351517
481351682
481372187
481384520
481387924
481407654
481417504
481431186
481458739
481466042
481488709
481499716
481505883
481518684
481537300
481556730
481562299
481566533
481599359
481617129
481622543
481623865
481631725
481632169
481644645
481648845
481654117
481656964
481657513
481663937
481690783
481691591
481694004
481697196
481703180
481707335
481712416
481721299
481739614
481754205
481766097
481783273
481787664
481791151
481804601
481809804
481814680
481815288
481816005
481817403
481830569
481835604
481836346
481855660
481882158
481912211
481925262
481959022
481963626
481970168
481974255
482022529
482052239
482053151
482062520
482063167
482065923
482076899
482078708
482088297
482089653
482107640
482121341
482122580
482131037
482131751
482134054
482139259
482189656
482273901
482276701
482295519
482314979
482380359
482383376
482398751
482408717
482416206
482430421
482437611
482437896
482438522
482442719
482462821
482476392
482489731
482491843
482494795
482508327
482530907
482540646
482593126
482600934
482603816
482604332
482683868
482698393
482703157
482705326
482718289
482746950
482753358
482768163
482779034
482803530
482840920
482845270
482863640
482884147
482892379
482894167
482899180
482910447
482932840
482950122
482952230
482996996
483026697
483028642
483089406
483094935
483113444
483127120
483140345
483151733
483157185
483163875
483168548
483170552
483172061
483177457
483213739
483221403
483247288
483262234
483267855
483294348
483310662
483364570
483367103
483367349
483374748
483380583
483387188
483390697
483440152
483449018
483451846
483510532
483524748
483539877
483549378
483550914
483553504
483555046
483565885
483607738
483618927
483625199
483660890
483662598
483677110
483677353
483688031
483710406
483714855
483729423
483753760
483771034
483835464
483838039
483846222
483856020
483860151
483863717
483867106
483869658
483883868
483918027
483928488
483931139
483931691
483942069
483944389
483954603
483965408
483979305
483986677
483996079
484004629
484019239
484033226
484087602
484103190
484108009
484109127
484109230
484111875
484121573
484124791
484140526
484141020
484145105
484145567
484169128
484192666
484198598
484227248
484237758
484238149
484244657
484252054
484252966
484265155
484269488
484282291
484283453
484303772
484303900
484315093
484348932
484356128
484367541
484395340
484421690
484426046
484456693
484460193
484501356
484501455
484513881
484529106
484555491
484558240
484564069
484587502
484688560
484707828
484708388
484724166
484731178
484741793
484747217
484750072
484770298
484773182
484775187
484791398
484826532
484854744
484865143
484871154
484877160
484878329
484878674
484894690
484898729
484899336
484899821
484903234
484910948
484918672
484943946
484973130
485017633
485034129
485056509
485057761
485080739
485087190
485095667
485098790
485131670
485137470
485151359
485178928
485184804
485206231
485212244
485234915
485250026
485252041
485253873
485272814
485296199
485309234
485317265
485321332
485326013
485328333
485336037
485348741
485351407
485356496
485402482
485440354
485472042
485478528
485499687
485500868
485519282
485523229
485541223
485574800
485586354
485595109
485610829
485625733
485664690
485715709
485716286
485722747
485728052
485729310
485752888
485757989
485781753
485789687
485796890
485810396
485827878
485831494
485874255
485879481
485907228
485971401
485990422
485996356
486002541
486029746
486030787
486064969
486078576
486089850
486097254
486114834
486126976
486141203
486187286
486196093
486229354
486232342
486232716
486264459
486296630
486307409
486310934
486343285
486349000
486352392
486359130
486371408
486388049
486428805
486446559
486455675
486473409
486477442
486492960
486497506
486500861
486507183
486542264
486582308
486608299
486618444
486631223
486635475
486647259
486649991
486658377
486667784
486670904
486674377
486681680
486722836
486734381
486776561
486778782
486794101
486795416
486800065
486813018
486866805
486867877
486871552
486927967
486944145
486963686
486966823
487005558
487015312
487031249
487043829
487050816
487054394
487083893
487088194
487151877
487165418
487193658
487198617
487208916
487248415
487308638
487314545
487316616
487319085
487339165
487353098
487360036
487383508
487396907
487401895
487480932
487491847
487495001
487504440
487505778
487524913
487546635
487562613
487604900
487627031
487627526
487635676
487641603
487642730
487660410
487670357
487692243
487693536
487732554
487778297
487793522
487794334
487811232
487814521
487820152
487841244
487845754
487848980
487854505
487873942
487874954
487910344
487920603
487920999
487926670
487931069
487934186
487973357
487990037
488013075
488015357
488019595
488020510
488022882
488055782
488061884
488063614
488074710
488074734
488075742
488080671
488095177
488133350
488176745
488193739
488205885
488225355
488227344
488325381
488351581
488384428
488391127
488415562
488423542
488449370
488466191
488466796
488487406
488516880
488589792
488612056
488616643
488644973
488647165
488649136
488660840
488705656
488708738
488708845
488720902
488732675
488771948
488772929
488785485
488794254
488794287
488803406
488827241
488843769
488854395
488858841
488863077
488865741
488868129
488889558
488891894
488896774
488903062
488905343
488939321
488953110
488959324
488960456
488976677
488985404
488999075
489010145
489032387
489043236
489052661
489058292
489061723
489065855
489079705
489103234
489112799
489113871
489134479
489136885
489138735
489145489
489145577
489179092
489181630
489209834
489230292
489238331
489251597
489278119
489330434
489336558
489338308
489351301
489352895
489383264
489388850
489405973
489431107
489434276
489436045
489496273
489510006
489521934
489562322
489568397
489568560
489578308
489579156
489671160
489671717
489674278
489676532
489690085
489719563
489729015
489745375
489746793
489799482
489812127
489815274
489825102
489837242
489847901
489853712
489855577
489872138
489880943
489902696
489955479
489956687
489982902
489996046
490006159
490016666
490025013
490037633
490042716
490058623
490069372
490080954
490114933
490116071
490118057
490120730
490130522
490132388
490133020
490135081
490153345
490166521
490168241
490174427
490184853
490194642
490212077
490251168
490277135
490284967
490308297
490314325
490316982
490323251
490332430
490332587
490333172
490334658
490345232
490361739
490454004
490456761
490458230
490472531
490473774
490559577
490564369
490570636
490595743
490612597
490614343
490630023
490633098
490639006
490644956
490725193
490738238
490738614
490751972
490763440
490765329
490795910
490861323
490874700
490892160
490893406
490898353
490921050
490939023
490962517
490982742
490997436
491001237
491067573
491133725
491152429
491158010
491188119
491192426
491204940
491227935
491233965
491259982
491276361
491277570
491292025
491293847
491298806
491377243
491379170
491401549
491406255
491423084
491443180
491458592
491476860
491484175
491504087
491505841
491509367
491511397
491515054
491519999
491533476
491555592
491558744
491607022
491619731
491631417
491649898
491654905
491662484
491681794
491684290
491705643
491749346
491754308
491774950
491776726
491787418
491802838
491803680
491879714
491915148
491933815
491941990
491950325
491972278
491983644
491983742
491989394
491993829
492006187
492009151
492040297
492069715
492079590
492086318
492117853
492140783
492143040
492156464
492157298
492205326
492209064
492225008
492231076
492256682
492265276
492266540
492306592
492331902
492336323
492362915
492379477
492382482
492472325
492487690
492505161
492520622
492549222
492557646
492572750
492578620
492591328
492610918
492616883
492632045
492653423
492667259
492675506
492686869
492699557
492702753
492710060
492731432
492741691
492747784
492750480
492771074
492775655
492786754
492804691
492826874
492856320
492865039
492867662
492869863
492881867
492885064
492906953
492907559
492908235
492917150
492959615
492971183
492986961
492989855
492990674
492996442
492998375
493026172
493033590
493040406
493043308
493062670
493107265
493142380
493143962
493154647
493164835
493184265
493184569
493206987
493207083
493249202
493259375
493264014
493269062
493275823
493276812
493292671
493299689
493309915
493314181
493316945
493356497
493367630
493369025
493382723
493422547
493441915
493454119
493472105
493484162
493491277
493515996
493556837
493570376
493596074
493608625
493628556
493636120
493636347
493647078
493648481
493664084
493665863
493696091
493714440
493729363
493752429
493782232
493784998
493813900
493818194
493819731
493822410
493856946
493868133
493881435
493896905
493897662
493901090
493904720
493927682
493938095
493940898
493944585
493948061
493955483
493994522
494067566
494083312
494097918
494122832
494139326
494156034
494192873
494197969
494204911
494207903
494236990
494262060
494324375
494331883
494331907
494332011
494332384
494341148
494344118
494345435
494363830
494364594
494383118
494386610
494416418
494453384
494453490
494453569
494456482
494462785
494483533
494502286
494512931
494514289
494520917
494527703
494529488
494539411
494540884
494556724
494574497
494575033
494575630
494620329
494626775
494627797
494636025
494675777
494693723
494702297
494753806
494761904
494801943
494805821
494817603
494829259
494838456
494853165
494881948
494910241
494915065
494940128
494943837
494949740
494960934
494964847
494966751
494977232
494990007
495018066
495042387
495097606
495146275
495191607
495208414
495260590
495265539
495267544
495289830
495337974
495346336
495350506
495371753
495383666
495394456
495407647
495417500
495461953
495487701
495502879
495517587
495532836
495544250
495555197
495571884
495586909
495608686
495614107
495617950
495684859
495700794
495711820
495714243
495724349
495750124
495753273
495763292
495774108
495774764
495799736
495827362
495827625
495837581
495870562
495872357
495887870
495893705
495961214
495962621
495991198
496028325
496130810
496131112
496155316
496157251
496211060
496213819
496233531
496259663
496274895
496296290
496305061
496328621
496330817
496334046
496335759
496343627
496348832
496353403
496353657
496366713
496392352
496432425
496446137
496452517
496453157
496454384
496460647
496462337
496469147
496510907
496511350
496538132
496575182
496576295
496591391
496592367
496604142
496604356
496610473
496618126
496632308
496634039
496651215
496679142
496682224
496682847
496684408
496710239
496736948
496741306
496741812
496783117
496824083
496827671
496836485
496850796
496903888
496934758
496936435
496938891
496941597
496961817
496963907
497037844
497041664
497092624
497120366
497198693
497208247
497255382
497271665
497271667
497279682
497279872
497292075
497346355
497350853
497352684
497355454
497379126
497390013
497397983
497411254
497417822
497430742
497442102
497461937
497469678
497471735
497477106
497490587
497493464
497501435
497508275
497519415
497558511
497558821
497581403
497592823
497598180
497633584
497646886
497655207
497669543
497669830
497689034
497716211
497720829
497721309
497723504
497741504
497753340
497780004
497789812
497789964
497800565
497821202
497823970
497838614
497881290
497885109
497888275
497907771
497915913
497926612
497938130
497941304
497948199
497951711
497966101
497977937
497987640
497989217
498001777
498009332
498009980
498013401
498030901
498040058
498047333
498071535
498074025
498100525
498101217
498104810
498167311
498175862
498177597
498179588
498221401
498235949
498268995
498275157
498275631
498277439
498277865
498279559
498286701
498296282
498318259
498320320
498342144
498386250
498389255
498448297
498456625
498462289
498472367
498485936
498495629
498521373
498579773
498607242
498615190
498636158
498638703
498662491
498672853
498723407
498735248
498738824
498771121
498773416
498816242
498820472
498846485
498855964
498866345
498870362
498896139
498931381
498949078
498962130
498990833
498999866
499036347
499085321
499093365
499110727
499150884
499152910
499157568
499170799
499181084
499208310
499209136
499221163
499235269
499261786
499340338
499357997
499417913
499450773
499483905
499499059
499519839
499544552
499549621
499579552
499592984
499603189
499604854
499627216
499634879
499661605
499683745
499689429
499693507
499695662
499698372
499698396
499704867
499763039
499778815
499781271
499792556
499807325
499823126
499844860
499858153
499878770
499880629
499939413
499939992
499940793
499940996
499969270
499977416
499993575
499994940
500005454
500029996
500037144
500082422
500138819
500143060
500166770
500199800
500233658
500244590
500270409
500271582
500281901
500285255
500297574
500311348
500311551
500336488
500343507
500351318
500368444
500383937
500386487
500398377
500400341
500408738
500422559
500423436
500434025
500454059
500472609
500479914
500484400
500555652
500556940
500562967
500599384
500610720
500627753
500636227
500638709
500640667
500644866
500652327
500656044
500657623
500668016
500670893
500686666
500694206
500722642
500732385
500748328
500764160
500769868
500772951
500778296
500880213
500888803
500914201
500920999
500924953
500968780
500980287
500992580
501004352
501044694
501051861
501080701
501104657
501106587
501116986
501120566
501195299
501198908
501199904
501200643
501221977
501225206
501241873
501251702
501332749
501389368
501394959
501395327
501398692
501410826
501431572
501432182
501444655
501459938
501472886
501475809
501483766
501547250
501571910
501574541
501655773
501678650
501684583
501704951
501707280
501736054
501749309
501845166
501847959
501850669
501868518
501878555
501889894
501898674
501903688
501948839
501976197
501983380
502000124
502010980
502018423
502023893
502040962
502047568
502059894
502133725
502150946
502185269
502217700
502220534
502235738
502246455
502252003
502305788
502323194
502331929
502340678
502384765
502389055
502393007
502410266
502413115
502447681
502476517
502487974
502502813
502504108
502553621
502617934
502623829
502627076
502634070
502648834
502717066
502782510
502850835
502911061
502919076
502920358
502975935
502989993
503010774
503039707
503068053
503077912
503079613
503091177
503100029
503160596
503175857
503193147
503193916
503204620
503204875
503228329
503249199
503250965
503300879
503376867
503389445
503392642
503398640
503403517
503419609
503419791
503430095
503454241
503471934
503472825
503479710
503529652
503550718
503595590
503613739
503620131
503681119
503698499
503710169
503774287
503835088
503848077
503864967
503867860
503872999
503883273
503886282
503905343
503931352
503949169
503952824
504024606
504064339
504074115
504077708
504078084
504087107
504138205
504147356
504210780
504233805
504236695
504272223
504292620
504304222
504310772
504317818
504324927
504331007
504335622
504346643
504397831
504401921
504416384
504423881
504436033
504466468
504502794
504503544
504513657
504515673
504518352
504540620
504542981
504568689
504576344
504592146
504602883
504613260
504615799
504616830
504631425
504641071
504663448
504678317
504689579
504708725
504710657
504712589
504722578
504770663
504773304
504794089
504803935
504822398
504846866
504870318
504900059
504907788
504919105
504924839
504983940
504992790
505002868
505003117
505019017
505029701
505072787
505087443
505089825
505096256
505123464
505130930
505145484
505164858
505189726
505208903
505248679
505260001
505312939
505313224
505319051
505347959
505383222
505412796
505413964
505421891
505445148
505452458
505482633
505487784
505512630
505542311
505543119
505573776
505609777
505617730
505628703
505647489
505652178
505658353
505704073
505757826
505774491
505786276
505793778
505805641
505807325
505809622
505822042
505826281
505826631
505835174
505841183
505864700
505867496
505913972
505924694
505925302
505928306
505935339
505947921
505948566
505972599
505973682
506021422
506026057
506037660
506104495
506110664
506120040
506120656
506151038
506155217
506196434
506268374
506289359
506289850
506297259
506331906
506334126
506371767
506372078
506424769
506434266
506442631
506444512
506455213
506472133
506506555
506527287
506536426
506540954
506547013
506585141
506595762
506605538
506609381
506612100
506629715
506633071
506638201
506642311
506653069
506685013
506708973
506710545
506718425
506738919
506743889
506750726
506774532
506776613
506790663
506813521
506818510
506875112
506892591
506895687
506914943
506917698
506925795
506937026
506950108
506972688
506992945
506994770
507013270
507014260
507028934
507051506
507062183
507093575
507093832
507105786
507106684
507108143
507132184
507140502
507167992
507244036
507272778
507275811
507283860
507286618
507358916
507369526
507420851
507431422
507435827
507470580
507490483
507502135
507507928
507509878
507519082
507522893
507530010
507543236
507578099
507585383
507587913
507603326
507608022
507631890
507644778
507647154
507650947
507661922
507675437
507683806
507700749
507718895
507758285
507763719
507767396
507780465
507784872
507801836
507811567
507812514
507848557
507882140
507883846
507898128
507901033
507901623
507912131
507925548
507933162
507933638
507934514
507935298
507959289
507970697
507974775
507986517
507993083
508002836
508055444
508058383
508098924
508122719
508137361
508153441
508190052
508204670
508242111
508288438
508298195
508308274
508321646
508355306
508378068
508393765
508406066
508430865
508451352
508466466
508467145
508473958
508524061
508539415
508542405
508552955
508556942
508592981
508593263
508600851
508602871
508609839
508640556
508645822
508662261
508663674
508673113
508721155
508724912
508725057
508731708
508740111
508754291
508762008
508806500
508817257
508860350
508875159
508938881
508980283
508994509
508999879
509004385
509018933
509020118
509025019
509026795
509033326
509053633
509066442
509076654
509086103
509094030
509106546
509111461
509120289
509208495
509208960
509213003
509213984
509214669
509226720
509255545
509266468
509279706
509291823
509343503
509359469
509359676
509369575
509380332
509394472
509396026
509397418
509408396
509414896
509509064
509514401
509531955
509591909
509606220
509639611
509640187
509653441
509685509
509708989
509733261
509737261
509761824
509764118
509764488
509785303
509787401
509801934
509815860
509833879
509836638
509845164
509855781
509857640
509875883
509906918
509915582
509918530
509919573
509946747
509970568
509973276
509992767
509993705
510037164
510094543
510124507
510147712
510157801
510158054
510170680
510220778
510265095
510278456
510297034
510299805
510318085
510322112
510332186
510356058
510376469
510411484
510435126
510435938
510441756
510469043
510490219
510503784
510517284
510571581
510591968
510619085
510653042
510670976
510728142
510762157
510764638
510783296
510792869
510805007
510848262
510870746
510899312
510923402
510949819
511015189
511023099
511090025
511114530
511131732
511146202
511195229
511201238
511213342
511223247
511232423
511274866
511278427
511307654
511334525
511372900
511381008
511417751
511432942
511451538
511460618
511462199
511497040
511529923
511535213
511603556
511630085
511633805
511639563
511663859
511667545
511721055
511723896
511730776
511753525
511765635
511766870
511790049
511801823
511820755
511831671
511837144
511860292
511867980
511873355
511879215
511893791
511912868
511923225
511976524
511979805
511995779
512008491
512012468
512014791
512037191
512073711
512105359
512121655
512125691
512132622
512143347
512155547
512163600
512172948
512236236
512239225
512340864
512384063
512397306
512409516
512412204
512423491
512435818
512467834
512551451
512556370
512557966
512565524
512572912
512607646
512610160
512619047
512619989
512632368
512640390
512661800
512711848
512724538
512749121
512781782
512801851
512815081
512831896
512868663
512910272
512937712
512940219
512943784
512945982
512962550
512993679
512999873
513052377
513063084
513063881
513081068
513081098
513104350
513144045
513144364
513146514
513155440
513165692
513178243
513241975
513274115
513292929
513293264
513317057
513322566
513323708
513329418
513348033
513366502
513370073
513396308
513441031
513441417
513499907
513509136
513518317
513533165
513538196
513542323
513625642
513627803
513643583
513646801
513663048
513674691
513679870
513735425
513798113
513820454
513834995
513852841
513870999
513871243
513894532
513899852
513919136
513925815
513928618
513933004
513964958
513978707
514031374
514068539
514070188
514072573
514098032
514111386
514123809
514174117
514208795
514212153
514243737
514243800
514256951
514257131
514275977
514275980
514278857
514280232
514282998
514289793
514341706
514353360
514366790
514383308
514393482
514400542
514438275
514440332
514461572
514475523
514517300
514533013
514546167
514549561
514552572
514561771
514584431
514595266
514603476
514628230
514629408
514638665
514685041
514692535
514708973
514718102
514730061
514734190
514747982
514780240
514794333
514826218
514864247
514879845
514899361
514899444
514916267
514917653
514950375
514971935
514978546
514983677
514996501
515006283
515026312
515037093
515062074
515074458
515102842
515127275
515138482
515165013
515188563
515191192
515220903
515277816
515313030
515332191
515335983
515340501
515342924
515385761
515397037
515427164
515471279
515476439
515517822
515548557
515562946
515620197
515644035
515654365
515661143
515682778
515695829
515729750
515735427
515749729
515773813
515781968
515787274
515795930
515817058
515844544
515851626
515854253
515876367
515903404
515910112
515922755
515925339
515929216
515939455
515948945
515950776
515958801
515983501
515998727
516004306
516012171
516036869
516051069
516056265
516061078
516067392
516069423
516135335
516143327
516173668
516201971
516208899
516209096
516241334
516241705
516259753
516267860
516305317
516407920
516419792
516425238
516427259
516431623
516507639
516516279
516516355
516533838
516538145
516550723
516574549
516579717
516596395
516606736
516612894
516618173
516650135
516657633
516665891
516700369
516732989
516740781
516741964
516743103
516743670
516781661
516794133
516875909
516880213
516926790
516947369
516988156
517006803
517037417
517040873
517061748
517091079
517114104
517114114
517126452
517132143
517164968
517168233
517170121
517176305
517195445
517223541
517232028
517237716
517260096
517264382
517299495
517302230
517318925
517322664
517358507
517359389
517364858
517383606
517392351
517394054
517398739
517409319
517414429
517423339
517453234
517465057
517485403
517500389
517510870
517514747
517524485
517549226
517562574
517586888
517641381
517653477
517676630
517692477
517701680
517747779
517749196
517781414
517812700
517845827
517847101
517886086
517897048
517904402
517953287
517966501
517966723
518033781
518035220
518058015
518081736
518084133
518084338
518116158
518116511
518131060
518157707
518236270
518246995
518260279
518267832
518273288
518299335
518310916
518363957
518385267
518410376
518413190
518419640
518440006
518441842
518457397
518477702
518485108
518535796
518560602
518566186
518572806
518575209
518596464
518609746
518610412
518618792
518625330
518625714
518633019
518639755
518644252
518648957
518650008
518657980
518666923
518699652
518725409
518741361
518783407
518806399
518814180
518815217
518851492
518861733
518868630
518883026
518896487
518901317
518965073
518969954
518985871
518995275
518998930
519022924
519042900
519061003
519062564
519091656
519123478
519141621
519160071
519191701
519210725
519221885
519225430
519246181
519256288
519319078
519319621
519334060
519372951
519424528
519460678
519464565
519484777
519501799
519533608
519540063
519549536
519553493
519556133
519589573
519595273
519600966
519647201
519664671
519665808
519675338
519680854
519687475
519738822
519745864
519750672
519771262
519791213
519830531
519843001
519864657
519870353
519874613
519910291
519911097
519911995
519930432
519970709
519980244
520038309
520052862
520053762
520062309
520065555
520147027
520201400
520207537
520212125
520221197
520230075
520241952
520253827
520264074
520308056
520313467
520318509
520347690
520373707
520381363
520389843
520395842
520429061
520449834
520451207
520451877
520453233
520461245
520484933
520500488
520519844
520522634
520544889
520545899
520576060
520627825
520635253
520639922
520678450
520777985
520855864
520859150
520866454
520866556
520875586
520933283
520944706
520948345
520960792
520989056
520993084
520999199
521003842
521014134
521016011
521025111
521039258
521064972
521068160
521079959
521082757
521082927
521088464
521116877
521152230
521175168
521184112
521199539
521200357
521206561
521226322
521234755
521257517
521268075
521276709
521277642
521368869
521371304
521386099
521386824
521390728
521412584
521432221
521443676
521458770
521497746
521498654
521513286
521514499
521531374
521542440
521543404
521549985
521591100
521612192
521613889
521621120
521623991
521659403
521661579
521704112
521712258
521729483
521761401
521769673
521776810
521781959
521824805
521833444
521835422
521863726
521868026
521892016
521907262
521908944
521915202
521954209
521994225
522000596
522014990
522025965
522034137
522055788
522060483
522074296
522134508
522138121
522145834
522153955
522157387
522227451
522233235
522285724
522290870
522294154
522332157
522353978
522368769
522378202
522385051
522407435
522435396
522472178
522499439
522521899
522581047
522632358
522646094
522661482
522681540
522687483
522727321
522745072
522747554
522760666
522767427
522770815
522801871
522808528
522817318
522829452
522834358
522887464
522890071
522931407
522942091
522944877
522954917
522990785
523016478
523044387
523046307
523077838
523078731
523079502
523099032
523117478
523123537
523156435
523177301
523197047
523210971
523219122
523219390
523233504
523236875
523247134
523265409
523271852
523280390
523308867
523343912
523349508
523352898
523379214
523388876
523416008
523453776
523455518
523498075
523500794
523585715
523587370
523590412
523595028
523656939
523661188
523664539
523672966
523684648
523726610
523731352
523735528
523740226
523762593
523786643
523798076
523798620
523823696
523856602
523859225
523867998
523878795
523890611
523910753
523949170
523967974
523979377
524020689
524047726
524110959
524165312
524200893
524205147
524207384
524215563
524253232
524286919
524294973
524301951
524309234
524335216
524378053
524427061
524430019
524486047
524510837
524511690
524561046
524599542
524615591
524623766
524653622
524694617
524705133
524728073
524748733
524752391
524782811
524825657
524856361
524868780
524898418
524916373
524929784
524939492
524950807
525084748
525107059
525165330
525204008
525206736
525239372
525265051
525274157
525315395
525316620
525332506
525364893
525381022
525409746
525426882
525431294
525451825
525495609
525520703
525521286
525526608
525564782
525583178
525588963
525594086
525630331
525654907
525669287
525671861
525674308
525687311
525691808
525699910
525709635
525713003
525728290
525733445
525738525
525767769
525797120
525835754
525838156
525859424
525862082
525899648
525911812
525914164
525933812
525943107
525959300
526010793
526051538
526065132
526069345
526077765
526083831
526111481
526116525
526140683
526173874
526175044
526182342
526232363
526303219
526321457
526388156
526399935
526432264
526437973
526447710
526455985
526470561
526504712
526538610
526546816
526548589
526549461
526554570
526559910
526584443
526591495
526592034
526647181
526674170
526688375
526707093
526733414
526771496
526834489
526839729
526845774
526854542
526857535
526873325
526917616
526930374
526930797
526932943
526936418
526940618
526951926
526971053
527002693
527035979
527039630
527061010
527063622
527065537
527100695
527158503
527158974
527190911
527214977
527270532
527274652
527278300
527295956
527340564
527350551
527376760
527380934
527425903
527429648
527454127
527500017
527518280
527519761
527530216
527543897
527562206
527564288
527586011
527618167
527648604
527653609
527700538
527702003
527719784
527721853
527744804
527759120
527790740
527791825
527818592
527848234
527879693
527893136
527908898
527939712
527950719
527951989
527956922
527961364
528027660
528086295
528115195
528125532
528143707
528171235
528191115
528220034
528239354
528244601
528250211
528262931
528313255
528396620
528406927
528454750
528471766
528477529
528489529
528516380
528589133
528615561
528617199
528623820
528635840
528638750
528663084
528670527
528693941
528707402
528710301
528720987
528725214
528735832
528793553
528796882
528825696
528838195
528884370
528893535
528914301
528930495
528932299
528934421
528944947
528948838
528984637
528999666
529000322
529000990
529005334
529015598
529065334
529095711
529105477
529129702
529137010
529142821
529202926
529224028
529277123
529313955
529321065
529337695
529337711
529344761
529355031
529373527
529393886
529396069
529401046
529477126
529539204
529564844
529569560
529587754
529591599
529629429
529655471
529662896
529664719
529671947
529714528
529784353
529866597
529876391
529895866
529949053
529953005
529965904
529970371
529980512
530011674
530055920
530092170
530118148
530127351
530137817
530141325
530144747
530177145
530195413
530211863
530274205
530277537
530279818
530284022
530329944
530337589
530382500
530395428
530402254
530422022
530425544
530439136
530442868
530482861
530505202
530523796
530531996
530597153
530600333
530628525
530629274
530633290
530639243
530657606
530659870
530684823
530766434
530795096
530823029
530831808
530841519
530862416
530892261
530905228
530915868
530916663
530927115
530931901
530941218
530947164
530948859
530957960
530960905
530970127
530972912
531005323
531051166
531056804
531066703
531066740
531079032
531084915
531085997
531092156
531116615
531122423
531125922
531138778
531151182
531155792
531187739
531222498
531234372
531234921
531240032
531244463
531270621
531300874
531312210
531318720
531330083
531338407
531359019
531378535
531380660
531387569
531457691
531480594
531497540
531499614
531501009
531514675
531545363
531570640
531574647
531575101
531593581
531593667
531614644
531620788
531621864
531626185
531626481
531644586
531653726
531655312
531659494
531691508
531725389
531726583
531740867
531804618
531854805
531901357
531905894
531920451
531947465
531960191
531978972
531980111
531986223
531993756
532014426
532028339
532089870
532097499
532112733
532115960
532126516
532130183
532141003
532206573
532226742
532253317
532263849
532265192
532277210
532278627
532322819
532341060
532389121
532394274
532423600
532432629
532435986
532444420
532452559
532470849
532504107
532511210
532558836
532561643
532569988
532571134
532573069
532594868
532651769
532675232
532695016
532707526
532737311
532759334
532760581
532787475
532803506
532808337
532888318
532910130
532910865
532965156
532965904
532966467
533031115
533033776
533068900
533154164
533187837
533200703
533204560
533217932
533231164
533291088
533294839
533307646
533329540
533350197
533391454
533399168
533434508
533439198
533445306
533452286
533471675
533486429
533490426
533506673
533521722
533558721
533621669
533630868
533637834
533672075
533678755
533682726
533701632
533725260
533751644
533765776
533775174
533788884
533806318
533829339
533840158
533885972
533930928
533932740
533936505
533951721
533969963
533971997
534090601
534097868
534104620
534130915
534150458
534156765
534166169
534209574
534210004
534215649
534232392
534254128
534254806
534262120
534307686
534356035
534390457
534397178
534398141
534409969
534435417
534436225
534454838
534500917
534505958
534535754
534537726
534557249
534558582
534572359
534603038
534613120
534633626
534681180
534687310
534714978
534750019
534759300
534832842
534886404
534892953
534907360
534918958
534920213
534974591
535032273
535100934
535121930
535130865
535150827
535155392
535170810
535178432
535182645
535207056
535248430
535248890
535285093
535331160
535367961
535386672
535424453
535425447
535428626
535431869
535443162
535451979
535492012
535500027
535510292
535518712
535530858
535531220
535533491
535545329
535584036
535600172
535604334
535607385
535618314
535689842
535708469
535713830
535735214
535744476
535765189
535780807
535810477
535848035
535864402
535875133
535882164
535898454
535902783
535938869
535945209
535969866
535986233
535989975
536001269
536081797
536101578
536118322
536123920
536124753
536147575
536197225
536219013
536256786
536273923
536283003
536312527
536347004
536378516
536385832
536417537
536427748
536444065
536446941
536460234
536481380
536544987
536545081
536555825
536593753
536652145
536700177
536707184
536709133
536742932
536747000
536754045
536756513
536774182
536781482
536791396
536796926
536800934
536867375
536884582
536897897
536915953
536924287
536936524
536971568
537029914
537035019
537045988
537049844
537060125
537084431
537094717
537114806
537128368
537149096
537161389
537168071
537183170
537184046
537196642
537234908
537235142
537256073
537286890
537296910
537300067
537312325
537336910
537337251
537352187
537355672
537382404
537383477
537395841
537433331
537438014
537466161
537475768
537526421
537571199
537586211
537588185
537609943
537626074
537632216
537649985
537671340
537680283
537687338
537708684
537733500
537773571
537774308
537779672
537786523
537818603
537837380
537892006
537901892
537929295
537930537
537990097
538014690
538019924
538027457
538039708
538052240
538101048
538107544
538143114
538160447
538174487
538176071
538203950
538231077
538278127
538294952
538342724
538353031
538356476
538383411
538419553
538434399
538437758
538440269
538484101
538490788
538533238
538589042
538616881
538618505
538619278
538619425
538659275
538663535
538713937
538716316
538725572
538730363
538738164
538742050
538761417
538775861
538775884
538786386
538787390
538790283
538792127
538807808
538850604
538850798
538861435
538866868
538916171
538919852
538953318
538976267
539002838
539033934
539034293
539046205
539051911
539059820
539069023
539077538
539093754
539159662
539173166
539179882
539180437
539183027
539212493
539236300
539246609
539316607
539323083
539333261
539342269
539362869
539366157
539430882
539438299
539485729
539507165
539524719
539604912
539610180
539618761
539634162
539642752
539649402
539694998
539699179
539716068
539772062
539794465
539801054
539804888
539839406
539841441
539849424
539856694
539961119
539963708
539967290
539973940
539998146
540000056
540018641
540038541
540040505
540066446
540077362
540114385
540124701
540135721
540155114
540158740
540185733
540190645
540210379
540213645
540250548
540255668
540271731
540285718
540288707
540306213
540324522
540371717
540383043
540386029
540404251
540411943
540459844
540479856
540521941
540528253
540535350
540545337
540591681
540602338
540611151
540654925
540662740
540679553
540684820
540698744
540700833
540721747
540762384
540767089
540776673
540779040
540801604
540816163
540833994
540834993
540848988
540855516
540856106
540861878
540893617
540904971
540937842
540938071
540950834
540962169
540962410
540975581
540979147
541003546
541005834
541016469
541018197
541025600
541029329
541039703
541063615
541078819
541116558
541140683
541140968
541151050
541219733
541226863
541269679
541338769
541366662
541387873
541389628
541399943
541400746
541411924
541419307
541426299
541518346
541533782
541547884
541549677
541583720
541664432
541668617
541683608
541689073
541724935
541741926
541752632
541792535
541820731
541823692
541863036
541873212
541877416
541889208
541906696
541929041
541989374
542008157
542012636
542014120
542024863
542040945
542045827
542059745
542088338
542109592
542112510
542146198
542147688
542255636
542266014
542304334
542387563
542396709
542414260
542440488
542454049
542492297
542528501
542597286
542630742
542661633
542678282
542696144
542700076
542722568
542723395
542754234
542795742
542806444
542843971
542857121
542864643
542883952
542894038
542948306
542953117
542965288
543068069
543105288
543113385
543128222
543159041
543168940
543176187
543189398
543198610
543215994
543227269
543241024
543288684
543325405
543326064
543338055
543338592
543369446
543383242
543388111
543412977
543427601
543448279
543448886
543464802
543475447
543543590
543604501
543625800
543628638
543677032
543711112
543718249
543736759
543746146
543776667
543794837
543845779
543846420
543855601
543893721
543932541
544033702
544087743
544124468
544132645
544142244
544148617
544165135
544203527
544290111
544291142
544341049
544354331
544393497
544396803
544431415
544474304
544505209
544517432
544522822
544533899
544535201
544548517
544561477
544569904
544583285
544598363
544615662
544688273
544694186
544702866
544746102
544756552
544784779
544794399
544852602
544863452
544888564
544896483
544899137
544910760
544924138
544933179
544966001
544989739
545016906
545019153
545033292
545045581
545046442
545054107
545055436
545126283
545149143
545151905
545179680
545302894
545338511
545341524
545351347
545358369
545359519
545397696
545452269
545468242
545489163
545559259
545623692
545648895
545668364
545682453
545690833
545694846
545706420
545707329
545724233
545725782
545727137
545747638
545749027
545755602
545757667
545765237
545766737
545778979
545806408
545816446
545816562
545833078
545868098
545868682
545896806
545907952
545908084
545923218
545937860
545959418
545989960
546027693
546035384
546133476
546134262
546150145
546159796
546162623
546175927
546176302
546199393
546203659
546211812
546257554
546288161
546339020
546340672
546354992
546357764
546375414
546376661
546386629
546411448
546416741
546418352
546422655
546444869
546474533
546483520
546489088
546534920
546544138
546563266
546576755
546577030
546582006
546588526
546590005
546593440
546614781
546652035
546669583
546678766
546696835
546726470
546738420
546769275
546806037
546835534
546855867
546883860
546898054
546907647
546953932
546956295
547044939
547047128
547049669
547083119
547097063
547135589
547141302
547166318
547196741
547197235
547200330
547248612
547266009
547314807
547338418
547343478
547349251
547366286
547396826
547407044
547412932
547454806
547460879
547466019
547469213
547478735
547489031
547542414
547542538
547553559
547557614
547586925
547596921
547603304
547614528
547621126
547626924
547637114
547637484
547643652
547657749
547665015
547666415
547666955
547720682
547761896
547762712
547791010
547795933
547802032
547822876
547843104
547843402
547883250
547894437
547967005
547973974
547977581
547993409
548010396
548015178
548021041
548024030
548046207
548059602
548062827
548065076
548076708
548100621
548115294
548190168
548197938
548208611
548222437
548239973
548255128
548289901
548311570
548373968
548379603
548387363
548394577
548443106
548473880
548477772
548482853
548501543
548503983
548512619
548520287
548529588
548614403
548646273
548657003
548661856
548679103
548694972
548701201
548702099
548703204
548719950
548730930
548829412
548833812
548844487
548856785
548874125
548953763
548955986
548966022
549059046
549063974
549068222
549094193
549104482
549109095
549113647
549137149
549139211
549139365
549179333
549195637
549200686
549218164
549243795
549250988
549273933
549291518
549338891
549346042
549370318
549383685
549458621
549506882
549509255
549513627
549523386
549556011
549605445
549622829
549635374
549638181
549652400
549662513
549666951
549672111
549673285
549676370
549726112
549727928
549740257
549745437
549766224
549791049
549797705
549810651
549864498
549876052
549876375
549899897
549911052
549926875
549952224
549990931
550030542
550082238
550103740
550114604
550139797
550180364
550223303
550237991
550254544
550328854
550339235
550348488
550369854
550450520
550460281
550599137
550614706
550614749
550620607
550633037
550638462
550655978
550675961
550678319
550686413
550697708
550702765
550769670
550788136
550805957
550844222
550847604
550855867
550859017
550896342
550915374
550921484
550923054
550930597
550941689
550949946
551034634
551045583
551069829
551081493
551104275
551189780
551199550
551254987
551260630
551308800
551315342
551334743
551339656
551359045
551367750
551380091
551418974
551457361
551491366
551527559
551535525
551561690
551588264
551593993
551603394
551604504
551607522
551610540
551613973
551628773
551668440
551672220
551675780
551682578
551717388
551737449
551750807
551756872
551767291
551794345
551817338
551867006
551906878
551921792
551946484
551955033
551981282
551989630
552034194
552050139
552092574
552100786
552151221
552192704
552297957
552333086
552333896
552346144
552349716
552369741
552394479
552425346
552446747
552479394
552487487
552489732
552496646
552520186
552527435
552531806
552532301
552544006
552556503
552564201
552571051
552585116
552593352
552617970
552619165
552642625
552649044
552652251
552689843
552698153
552734810
552747857
552759594
552778471
552779674
552794750
552865283
552867578
552882315
552885386
552894449
552897104
552897853
552933409
553041343
553055658
553110182
553159038
553170313
553185829
553217651
553228013
553232865
553278847
553295799
553352748
553368450
553372820
553380829
553413836
553495191
553551789
553558699
553562661
553575161
553617451
553626506
553631366
553633853
553638216
553643358
553657594
553663493
553679182
553711317
553715774
553770547
553795050
553805913
553814547
553870604
553874967
553881199
553883155
553894560
553903742
553907611
553932641
553947479
553948034
553978418
553978950
553987467
554039507
554053396
554074779
554168635
554190150
554209447
554248040
554290920
554313025
554319140
554327008
554354629
554431391
554435892
554458501
554462174
554472487
554528147
554570060
554585019
554599278
554610506
554622916
554666505
554677547
554708926
554741007
554743012
554744601
554755732
554757531
554790207
554797354
554870730
554888579
554930512
554934713
554940782
554962367
554987947
555024640
555033113
555033441
555036751
555044914
555083562
555132978
555149572
555175254
555203678
555224021
555227542
555235140
555237660
555277642
555291194
555294149
555308786
555311944
555338765
555339752
555349696
555386528
555389532
555404418
555422175
555423486
555454429
555478974
555497657
555526038
555528709
555570048
555634408
555639013
555644076
555646378
555657902
555694551
555707083
555739249
555754327
555811612
555824406
555825907
555832507
555850927
555914201
555972865
555974225
556016487
556053120
556071403
556094142
556148787
556151889
556153859
556158298
556163206
556167315
556228664
556230521
556232770
556236027
556242775
556247203
556267172
556277152
556289970
556291081
556319021
556329902
556333753
556356582
556361990
556371782
556394778
556421481
556428394
556434616
556454359
556479857
556499455
556500167
556597994
556628698
556639588
556643090
556648716
556648933
556651512
556754722
556782177
556851591
556851724
556854491
556857633
556884565
556894619
556898702
556900334
556944913
556978491
557055815
557062568
557107970
557109065
557120370
557128554
557129324
557206133
557262620
557263994
557277997
557289975
557300922
557311184
557332725
557343982
557381972
557389143
557392846
557395328
557416939
557449404
557488108
557513330
557553361
557555065
557566664
557577332
557578870
557587958
557674097
557678708
557758550
557792748
557793453
557821268
557883004
557892144
557922384
557928679
557943208
557989337
557994168
558061805
558073362
558111268
558113572
558130960
558136144
558145295
558182753
558187960
558235736
558241705
558243962
558247244
558256070
558263081
558278567
558293261
558321294
558323855
558354205
558372356
558400387
558418108
558480111
558490504
558491652
558500009
558515046
558515853
558522690
558527823
558539174
558553212
558564007
558591215
558591559
558611517
558622381
558623241
558624687
558627535
558628794
558637837
558645492
558666538
558691030
558708785
558711838
558755605
558758031
558773560
558793565
558865537
558906232
558961491
558964148
558968042
559015204
559025746
559061663
559074103
559088830
559093977
559147317
559165968
559185860
559243156
559303412
559312166
559317631
559325483
559349882
559358880
559381029
559436908
559484499
559495691
559529894
559563877
559588490
559610483
559655164
559672102
559701896
559703377
559711245
559759911
559771000
559788071
559850174
559859424
559870842
559874223
559893356
559897228
559910790
559955946
559960645
559969966
559989759
560002412
560008605
560036405
560049952
560066991
560096765
560158714
560178600
560189654
560189894
560200661
560217044
560235836
560239858
560243083
560248416
560265392
560274670
560276417
560302771
560362282
560373915
560375010
560381530
560400366
560402946
560411396
560434860
560452770
560496376
560499170
560499402
560501852
560515696
560528089
560552049
560614865
560667032
560681174
560692235
560692860
560712422
560725524
560794261
560798162
560809194
560812471
560844664
560856070
560881821
560886400
560890407
560895324
560915415
560955076
560964078
560973418
560988622
560999236
561004306
561033801
561088808
561092505
561101192
561104979
561119518
561161479
561176911
561184653
561212189
561215932
561243322
561262056
561280836
561281716
561316350
561356632
561360648
561362759
561406296
561407699
561411390
561472549
561512561
561536114
561579003
561584440
561585696
561641851
561700018
561715271
561759400
561759949
561766273
561767146
561795472
561817026
561830405
561847473
561847846
561851047
561870304
561911660
561924452
561938798
561962143
561993003
562029830
562030404
562040820
562046145
562061571
562094234
562094997
562112105
562172893
562254038
562346495
562405326
562409319
562427795
562443681
562451344
562473017
562475127
562493653
562512200
562602730
562646372
562652616
562678086
562718423
562735877
562744417
562783841
562785579
562885167
562909472
562921790
562947369
562959997
562992995
562998427
563027994
563067950
563152369
563195064
563198800
563204852
563206360
563207501
563240719
563241441
563251607
563261704
563269257
563288255
563320935
563323354
563330811
563332629
563362034
563374703
563405528
563416122
563435033
563470801
563496602
563522270
563527868
563541127
563552079
563571347
563580457
563624310
563684713
563697312
563699153
563699254
563715713
563716125
563744127
563800842
563801643
563857468
563895442
563898096
563901158
563906831
563940059
563964347
563985476
564023444
564055121
564062283
564062951
564081278
564090630
564145284
564146994
564197291
564281010
564293785
564423398
564445002
564449058
564489556
564506294
564513717
564578057
564607657
564629268
564662050
564673417
564676892
564679717
564691401
564710388
564742933
564757994
564783679
564792951
564812385
564819170
564842516
564858238
564880041
564885934
564899144
564914020
564916690
564956344
564956580
564986367
564987102
564992854
564996123
565008496
565012698
565032056
565037679
565042218
565045149
565093310
565116537
565158212
565159606
565180824
565191577
565281089
565285121
565320291
565339183
565353248
565396778
565406192
565420268
565440559
565447042
565456379
565505285
565517484
565576980
565591479
565595444
565642548
565644731
565710202
565834749
565845223
565845673
565941651
565980408
566010585
566033783
566033929
566035976
566047180
566058934
566121894
566138447
566153068
566156898
566169183
566180392
566190045
566203888
566237760
566238610
566240126
566261879
566275267
566336454
566352456
566366367
566471040
566540632
566556493
566597186
566609975
566653722
566670170
566704929
566711559
566728177
566790205
566810976
566849179
566886932
566924581
566942558
566946662
566985023
567015237
567016501
567045656
567058621
567058915
567080743
567081611
567105457
567125804
567137456
567144583
567250764
567298945
567309092
567438349
567503374
567519895
567521944
567535105
567539415
567584651
567596775
567617970
567620226
567645561
567673489
567694965
567698558
567707775
567735026
567761626
567798060
567813041
567818311
567833940
567903074
567908551
567936340
567957668
567977543
567977565
567991448
568016488
568108516
568109222
568116264
568214631
568251009
568257833
568266488
568268043
568328774
568392819
568447888
568502810
568544880
568554476
568581468
568652105
568666141
568714685
568722729
568753166
568756006
568858448
568859217
568860549
568910355
568914503
568998376
569020664
569031301
569049301
569073709
569076239
569080776
569111988
569141865
569209988
569252688
569273309
569285704
569289113
569429955
569507095
569532319
569556739
569562782
569608495
569635164
569686602
569690729
569737581
569748867
569830880
569836035
569840082
569857656
569865066
569875406
569924268
569927115
569956757
569961378
569962610
569987794
569988142
569988968
570051911
570072102
570075946
570094827
570107525
570147530
570162667
570181162
570207236
570406016
570429217
570467989
570489953
570533534
570590894
570592755
570597229
570648322
570673757
570684255
570684698
570686456
570752014
570841077
570907461
570910898
570933407
570946254
570981214
570993035
570994758
571037678
571037899
571109160
571159158
571202639
571207697
571224600
571264508
571390510
571391858
571405754
571445906
571457682
571459616
571460540
571486637
571486645
571500371
571517585
571560957
571575247
571585099
571593721
571595820
571606790
571633140
571635708
571652208
571675801
571706732
571716312
571716481
571718671
571720078
571757898
571810035
571874027
571877682
571897365
571971734
572016872
572017336
572019220
572038250
572040120
572074615
572079146
572109094
572114420
572132119
572176739
572194217
572232464
572241938
572258999
572276106
572311598
572365013
572374274
572374431
572376822
572380131
572403528
572441920
572456713
572465179
572477190
572525244
572532712
572534115
572544614
572602776
572625077
572643001
572663249
572672540
572719559
572803753
572858509
572953520
572989426
573073548
573082941
573110392
573250238
573270273
573272622
573317063
573323954
573345574
573360919
573395595
573417399
573424355
573446478
573470617
573470719
573484761
573520329
573558401
573567070
573583551
573592870
573611909
573639942
573648001
573673047
573683725
573694133
573698018
573700168
573711291
573711976
573713013
573720081
573742357
573757575
573796741
573819037
573840863
573848936
573858287
573861463
573893327
573897687
573969526
574017371
574023923
574025387
574026478
574034265
574052422
574071062
574088145
574097189
574098683
574128363
574129639
574129969
574139384
574158004
574225106
574268269
574275684
574276944
574293740
574330537
574377071
574384323
574410625
574469321
574469608
574475798
574495577
574497504
574537121
574545248
574562766
574564831
574592165
574604779
574606076
574626344
574633474
574662501
574685668
574736838
574752860
574755412
574821561
574826808
574831231
574836653
574863239
574879791
574892253
574936523
574962046
574967014
575004146
575099529
575107090
575128070
575132400
575139938
575205601
575305064
575323943
575396187
575448901
575485053
575522284
575526950
575583273
575609666
575614906
575616275
575680943
575726059
575740409
575744942
575750452
575806622
575823270
575911274
575914467
575950502
575976937
575982860
576040962
576086527
576094868
576117558
576151444
576172373
576204586
576216261
576225684
576253619
576253679
576271983
576288554
576303709
576304796
576323532
576383065
576417156
576536298
576546117
576564291
576587286
576636036
576636688
576640804
576669595
576696446
576750536
576759434
576769312
576847748
576904260
576916183
577052710
577070791
577171665
577209283
577226328
577275793
577300886
577359357
577369132
577375785
577392108
577394730
577423476
577443134
577448576
577470565
577492239
577504078
577522421
577534154
577574821
577651949
577653968
577664794
577665397
577706961
577735656
577741087
577753487
577761961
577816777
577826425
577865358
577871343
577878587
577920117
578033769
578100224
578139347
578141741
578186433
578193776
578212561
578227513
578232648
578247719
578283129
578427916
578432118
578432479
578442425
578459285
578465310
578521600
578522025
578525925
578535030
578619172
578630885
578655471
578668974
578709895
578717609
578725069
578753381
578769217
578831606
578907559
578923558
578965501
578970428
579018977
579023439
579051667
579063029
579141807
579146396
579154756
579184913
579201418
579230711
579238363
579250889
579345428
579385838
579417293
579452299
579481382
579502632
579509882
579517050
579522186
579588027
579599345
579619176
579638197
579668961
579683110
579694398
579697714
579745772
579767887
579771684
579786360
579840226
579978889
580035879
580077326
580105572
580167229
580172763
580258193
580260595
580274917
580280751
580327094
580331638
580392499
580399349
580430708
580504437
580548777
580554898
580605838
580655291
580685645
580707414
580715479
580724660
580738639
580739552
580814511
580825390
580887690
580888900
580897689
580914817
580984596
581001692
581007080
581040003
581043152
581047255
581047376
581062529
581165700
581256333
581294045
581340896
581367177
581419483
581433941
581454406
581477755
581523346
581565141
581599038
581640621
581697840
581745898
581772970
581794795
581873605
581877570
581918924
581924231
581952116
581985085
582057972
582084838
582176116
582178127
582186806
582312279
582353252
582362361
582386310
582386865
582420935
582424375
582435870
582437857
582441650
582459796
582459964
582506503
582579216
582609490
582694752
582728579
582731054
582795784
582806894
582821444
582923856
582949283
582969411
582980620
583018407
583047730
583062552
583071588
583121303
583164251
583182223
583191890
583194102
583210373
583224459
583255075
583268343
583272633
583308173
583350590
583359067
583361907
583372133
583374158
583379273
583383843
583516376
583531725
583543578
583555289
583572393
583578180
583622474
583668678
583678218
583695860
583796348
583837599
583853089
583893520
583902944
583942589
583988085
584000223
584006346
584039793
584086509
584095178
584128277
584155296
584222559
584233684
584244416
584260554
584362514
584441354
584506717
584510200
584528473
584559783
584564227
584666406
584688555
584764986
584781350
584796015
584912062
584933821
584953394
584958503
584998261
585033791
585043493
585049075
585051458
585067053
585091482
585112839
585222425
585251676
585256408
585287742
585294046
585295448
585302352
585347075
585375766
585433127
585435989
585477603
585485125
585495326
585569915
585596429
585707079
585792106
585826104
585838003
585853727
585881931
585882590
585913534
585921157
585943712
585991213
586063660
586166707
586169182
586174582
586193555
586297704
586302969
586313264
586338692
586377865
586389308
586456695
586506145
586515141
586533265
586568429
586589408
586596886
586612156
586614871
586645477
586699012
586726201
586726632
586784108
586785492
586794020
586796906
586837881
586845701
586878783
586893196
586896603
586988857
587017537
587028285
587029292
587037330
587045338
587163296
587170422
587196240
587202959
587273434
587367189
587461510
587493406
587578628
587592799
587632976
587657423
587702335
587705756
587805322
587830237
587836502
587869701
587904056
587915516
587926612
587958398
587965357
587981705
588055574
588062946
588064805
588075215
588076024
588194506
588230187
588246550
588259960
588283257
588304967
588308592
588315757
588454002
588463755
588484737
588549844
588552872
588593050
588600452
588606245
588611905
588669240
588861190
588874209
588895777
588932402
588989433
589021005
589032761
589063607
589170563
589199769
589212261
589247033
589301510
589386207
589398634
589433961
589448881
589497277
589551538
589557142
589716672
589735727
589747977
589757472
589801779
589815397
589821904
589852166
589970594
589992901
590004863
590035906
590091289
590111237
590138086
590139005
590155309
590155959
590223506
590229319
590248173
590281793
590282347
590291903
590384563
590483574
590529011
590538498
590602653
590765635
590781432
590829756
590836826
590866123
590952693
590989866
590997729
591058540
591066280
591095913
591109563
591138997
591152130
591165581
591177923
591193205
591212587
591275855
591301549
591312604
591342321
591343685
591345722
591367904
591428176
591483751
591548780
591551942
591639178
591728567
591772384
591922250
591961638
592104365
592120275
592304140
592339578
592411691
592434782
592485449
592494334
592504046
592506443
592522505
592613020
592655053
592678944
592691651
592707403
592712009
592728956
592769458
592798122
592819098
592841062
592871516
593002904
593040157
593122737
593128219
593150678
593201420
593226561
593235421
593296475
593303548
593385239
593386143
593449589
593507493
593518473
593545988
593576907
593659376
593834027
593841984
593843221
593868358
593871820
593879837
593929200
593997004
594003136
594059501
594228521
594265186
594403694
594445225
594524217
594568625
594589210
594597521
594605154
594628874
594672231
594695474
594706718
594711999
594839618
594847255
594879655
594934297
594972170
595007346
595058750
595064059
595105365
595145231
595237396
595313721
595315541
595341514
595418404
595449307
595458885
595486428
595530856
595569923
595679363
595711640
595715659
595715708
595723592
595748061
595781490
595792075
595829767
595852045
595935793
595998197
596000505
596002942
596026714
596049876
596073138
596096643
596159897
596408281
596442002
596449999
596486015
596586031
596621642
596668700
596722822
596738350
596745935
596755379
596792305
596874330
596904971
596945452
597022912
597161285
597215366
597327180
597331784
597348198
597367707
597371828
597449958
597599509
597625675
597786804
597826940
597834285
597836726
597859292
597931272
597940406
597960181
597973471
598053176
598059837
598085914
598131818
598147236
598156848
598261221
598352756
598406352
598539715
598568870
598589108
598707164
598804852
598810062
598834057
598837413
598843716
598856753
599039600
599121945
599123264
599124092
599124817
599145462
599247833
599254255
599275210
599340885
599383166
599412815
599420980
599483771
599517438
599551666
599561230
599643242
599751433
599884029
599949654
599953102
599983617
599992472
600039545
600086637
600140796
600157398
600189628
600218536
600242046
600250781
600319560
600403029
600405496
600436382
600546328
600575450
600578723
600598576
600726218
600769634
600854463
600998802
601010591
601041485
601068510
601100828
601112823
601134798
601136056
601237653
601273343
601367238
601392617
601515566
601524151
601548589
601578064
601579533
601650872
601651879
601670981
601774049
601805608
601825109
601887546
601970498
602054447
602082450
602129026
602133408
602159522
602177102
602178985
602204469
602310134
602396524
602480186
602543666
602548262
602580712
602614915
602637115
602711363
602735701
602762902
602786360
602809776
602867009
602919583
602943097
602946450
602960145
602984037
603018682
603081785
603105339
603154623
603187008
603283390
603341782
603345603
603378313
603429655
603432065
603483317
603623511
603826998
603877034
603908585
603926561
603960455
603966959
603969337
604148216
604275605
604281228
604323596
604342051
604462910
604495488
604534585
604541517
604562499
604581143
604604046
604740992
604847985
604863096
604893290
605030993
605084032
605086617
605114576
605141002
605289324
605320912
605335186
605350594
605379082
605380289
605461522
605498922
605535853
605571286
605574836
605592819
605599373
605636006
605688838
605700302
605751362
605775626
605952642
605959896
606054905
606266275
606358163
606373847
606477542
606559660
606584968
606636245
606641810
606736958
606923325
607137947
607143052
607173928
607174652
607179942
607180952
607197819
607206638
607209733
607233766
607287415
607300131
607309812
607345350
607567418
607568831
607612195
607638566
607745203
607763667
607766018
607776387
607866237
607930049
607996075
608097135
608129173
608135667
608142032
608341627
608347963
608358421
608377358
608473889
608498964
608570933
608573376
608613888
608627188
608670159
608770078
608801612
608856329
608886462
609002848
609112448
609125065
609205415
609231722
609269580
609376926
609443192
609643092
609783653
609848086
609943352
609944951
610001026
610013564
610027795
610045447
610231055
610239171
610247253
610403078
610441970
610450102
610581353
610642669
610645871
610804534
610808549
610828253
610866382
610974489
611069673
611090387
611136099
611215196
611259544
611272279
611331721
611359509
611365080
611387135
611444719
611510785
611614749
611637315
611656148
611700969
611847215
611848726
611898795
611901568
611930294
611949972
611958676
612114987
612168756
612171878
612173575
612181648
612254697
612294363
612394240
612410312
612415274
612454612
612456742
612471890
612481946
612563139
612647311
612650275
612666689
612688401
612713405
612744391
612749035
612818210
612828259
612860797
612868549
612891471
612990536
612993391
613037954
613122162
613153723
613154310
613197713
613285434
613292021
613302683
613334680
613431896
613446241
613455959
613475488
613526106
613529526
613605341
613650149
613677709
613732862
613761512
613769556
613822196
613839522
613873739
613885711
613894025
613897586
613925039
613961740
613991941
613992053
614000380
614106412
614156878
614177848
614180303
614187207
614197157
614244968
614268314
614492859
614636593
614668744
614676022
614740472
614753586
614809272
614840465
614872094
615046448
615236801
615282965
615298547
615358179
615437582
615450018
615455949
615494746
615499132
615526821
615635743
615641198
615718712
615786081
615809373
615856260
615879175
615929120
616077584
616082316
616182845
616203099
616292513
616294573
616302536
616433905
616460211
616497251
616580223
616615219
616626643
616656974
616675225
616745464
616748689
616765009
616783122
616784472
616816429
616866063
616978819
616987609
617001023
617019074
617019838
617125266
617241679
617263051
617271309
617381486
617423025
617431375
617447462
617457365
617707561
617729168
617746808
617759743
617832438
617906874
617926773
617958189
617959216
617964551
618001400
618004811
618038203
618100604
618105603
618137376
618152849
618178670
618193296
618203981
618235413
618248496
618289728
618293374
618329870
618380665
618487287
618506686
618712623
618722852
618830795
618833322
618889575
619081319
619116311
619116743
619132642
619152946
619286723
619410272
619526851
619585805
619590136
619614531
619632781
619716736
619770616
619826190
619861733
619880905
619922141
619995194
619995915
620025808
620125765
620175726
620182688
620250819
620263222
620264843
620310551
620381092
620446700
620452099
620479697
620484564
620526717
620586987
620617771
620619481
620758022
620803517
620849288
620867656
620915838
620987718
621113488
621198967
621227612
621339718
621441170
621492351
621642821
621647867
621699650
621720714
621783092
621794899
621886265
621918907
621928778
622062185
622106409
622217655
622272217
622300790
622325668
622333206
622349715
622357168
622436689
622486879
622488302
622576152
622636267
622673302
622729904
622836749
622853412
623008305
623029163
623142034
623262901
623369990
623503256
623538645
623550635
623558337
623581604
623607996
623616928
623620949
623622792
623721741
623849550
623973142
623982835
624018979
624052125
624115052
624216421
624264811
624302496
624408365
624454036
624484223
624544224
624669205
624690205
624739597
624771705
624889992
624956665
625005279
625027184
625191364
625237068
625255454
625286861
625319229
625340987
625358069
625380850
625410546
625420270
625507537
625554170
625565056
625651951
625781249
625818095
625892116
626054500
626222726
626436750
626492948
626495986
626497714
626521077
626536281
626559812
626623625
626626336
626690253
626781112
626813294
626872928
626904126
626906739
626911037
626940557
626984060
627249565
627261542
627280978
627317247
627408431
627431489
627432022
627453975
627504449
627607611
627613562
627636064
627639013
627658476
627683839
627724258
627778411
627835409
627857154
627928693
627930511
627931170
627950275
627965962
627988656
628018350
628053502
628106280
628113163
628164227
628244745
628361533
628381065
628437266
628586184
628631947
628670397
628693831
628731253
628767707
628942665
628962014
628981115
629017128
629038614
629039650
629045733
629164280
629247529
629301821
629356515
629435400
629439677
629610898
629655809
629716861
629912723
629929009
629945677
630058796
630086753
630295337
630347693
630495169
630592019
630628949
630662587
630671747
630709064
630849318
630892166
631065107
631189491
631220792
631316450
631332444
631445187
631450399
631505648
631530630
631549281
631729357
631766770
631781169
631789563
631825562
631888063
631958393
632101738
632227864
632237171
632273154
632439021
632612939
632756711
632847547
632858677
632924190
632926589
633069913
633075823
633135196
633392950
633617585
633844890
633968266
633971449
633974050
634221906
634238247
634240522
634313224
634318959
634433388
634484641
634499041
634541669
634579190
634675545
634739146
634747452
634780855
634846131
634950037
635024692
635123828
635159156
635159158
635204596
635300039
635325196
635362637
635388387
635400328
635575014
635614255
635663903
635691597
635834485
635900868
635902072
636171634
636293674
636307410
636355823
636457531
636480431
636543597
636664292
636678211
636715854
636827068
637082744
637144054
637151902
637188473
637320517
637455298
637525093
637561104
637565840
637623237
637682127
637809494
637843672
637877367
637929671
638000349
638012354
638069060
638105984
638152768
638292490
638402198
638513473
638667288
638699307
638701950
638722882
638755722
638801634
638825142
639024697
639115086
639140633
639148841
639227333
639291124
639321056
639444470
639514377
639616049
639623271
639626501
639759215
639809842
639849814
639875916
639973012
640017271
640033733
640139348
640151548
640237389
640276058
640341119
640491394
640518078
640667328
640700199
640838981
641007644
641086041
641208524
641238556
641328272
641391928
641395087
641585049
641626746
641641623
641652683
641756557
641757571
641762850
641952259
642089280
642169564
642257434
642323846
642435695
642475148
642538680
642680083
642844874
642845719
642983945
643065647
643169139
643258075
643270045
643314803
643321789
643513710
643632328
643678387
643693520
643805236
643816765
643840238
643846198
643863877
644029138
644043709
644120866
644207198
644317562
644328386
644393695
644622141
644868960
644945341
645126691
645176746
645221803
645264606
645276779
645306158
645326927
645497521
645508708
645515340
645543784
645710250
645748281
645794751
645849781
645862560
645863822
646037626
646148828
646153887
646203745
646276648
646330873
646421719
646460951
646599251
647033104
647054426
647098227
647201687
647274441
647333766
647404121
647611673
647831531
648176928
648681705
648820340
648972505
649000420
649475663
649486779
649735190
649852633
649973196
650291926
650563240
650742577
650845162
650894122
650940172
650940878
651059958
651118548
651250252
651659397
651880122
651969996
652126171
652182777
652189765
652212817
652308752
652638075
652725725
652808945
652920554
652954899
652960236
653218838
653257749
653644319
653688876
653813457
653878733
653885220
653931610
653985082
654109162
654240411
654258441
654279706
654328933
654480749
654561071
654633650
654721573
654869884
654896422
654991138
655051773
655163335
655180344
655182421
655329789
655408661
655517753
655553562
655835055
655844495
655847118
656086051
656113883
656132400
656242193
656359378
656360262
656464595
656566600
656620062
656642756
656791515
656806782
656929424
656932088
657216069
657322659
657382429
657388919
657553870
657695089
657705640
657709826
657756365
657921684
657932529
657999122
658088517
658142659
658157416
658162882
658215181
658250492
658271998
658351071
658444954
658546600
658604835
658677704
658971689
658972384
659269017
659281626
659284170
659331404
659445750
659546566
659650122
659816326
659961254
660095593
660123201
660287055
660362554
660627584
660661168
660669546
660698926
660777556
660781187
660852827
660867760
660898196
661015941
661142896
661285599
661310055
661372287
661469699
661616482
661665374
661725252
661776756
662051500
662093536
662178541
662250881
662389601
662390207
662768414
662849024
662851115
662898687
663169306
663436122
663471268
663498930
663514087
663566217
663619708
663802680
663836635
663863170
663878177
663886467
663938079
664019916
664366485
664397834
664410102
664536817
664550333
664582655
664586367
664603400
664950238
664982379
665116611
665475277
665595167
665713998
665932251
665941849
665943062
665959143
666098893
666152719
666192186
666202108
666655484
666737088
666781077
666875051
667401518
667739117
667833216
667882317
667882954
667990816
668035435
668126370
668623833
668653498
668763738
668916356
669000509
669003062
669013827
669153927
669207730
669229816
669259921
669465700
669502421
669643998
669722839
669738393
669739535
669826706
669879686
669925014
670019364
670059561
670378495
670637511
670665479
670777671
670843078
670867548
670972066
670994880
671138112
671161947
671212404
671228074
671360786
671399148
671468445
671606564
671736227
671863946
671934913
671943700
672129916
672160618
672308783
672316556
672387418
672395129
672422382
672463131
672466094
672543906
672661867
672682063
672706924
672730970
672750395
673067856
673127708
673218253
673231339
673568105
673785864
673862724
674344650
674359426
674441330
674549198
674740710
674860520
674871921
674915910
675032393
675037243
675058919
675147896
675176118
675259627
675300042
675380698
675783230
675852317
676171620
676179406
676196500
676199201
676319371
676419511
676493208
676719203
676752658
676874812
676977177
677117358
677215971
677277854
677391264
677560059
678101251
678247390
678375519
678412873
678722586
679264071
679595023
679784261
680054503
680161682
680235603
680241672
680330254
680403545
680488542
680566860
680763631
680830235
680838819
680969081
681058880
681382437
681883525
681955140
682030780
682056421
682262523
682434321
682437622
682446793
682592405
682626287
682705473
682731633
682925721
682979729
683032969
683111245
683146249
683210968
683276625
683601148
683667249
683974227
684165611
684259600
684359760
684399021
684438352
684504397
685466340
686015306
686069119
686164283
686274500
686626730
686699869
686711952
686804261
687047988
687208295
687538494
687563791
687566266
687596117
687739958
687925986
688024012
688099798
688119744
688238620
688245628
688246331
688357575
688535255
688604090
688641471
688752309
688826714
688868092
689228627
689310589
689795050
689834875
690003410
690087984
690344875
690354579
690700782
690710060
690836123
690894288
691026194
691091321
691129819
691207565
691306727
691308148
691394294
691429994
691445689
691624284
691794287
691836712
691881646
691943831
692648975
692883639
692917848
692962234
692991987
693379588
693510989
693608299
693658610
693798342
693879911
694040151
694084025
694198957
694238780
694240839
694334734
694437259
694488390
694605874
694666315
694711440
694823328
695200412
695286324
695380849
695455158
695534909
695621712
695799393
696056085
696088984
696117113
696156961
696160342
696214509
696379064
696859812
697113493
697132296
697152744
697167467
697250238
697263531
697285718
697438652
697492938
697989098
698030735
698108085
698160326
698221003
698570518
698698438
698794177
699104427
699161906
699362209
699523031
699554961
699730215
699922637
699955606
700127523
700158611
700171147
700284328
700306241
700734483
700783852
700794165
700958653
700977819
701190624
701334908
701340634
701510575
701844144
701897876
701939524
702129364
702184353
702287855
702292779
702530913
702579284
703282970
703874592
704242170
704316212
704375300
704577482
704788088
704839955
704919207
705313943
705592918
705688491
705733836
705837634
706145620
706334434
706410009
706415402
706449063
706461552
706537152
706653817
706660248
706705614
706792344
706806700
706869067
706885428
707140973
707195772
707287866
707972409
707974165
708097425
708147068
708419955
708570533
708828052
708852694
708885121
708980214
708990744
709051092
709088804
709091367
709295096
709345896
709706775
709752119
709842018
710131594
710132507
710133438
710156888
710250263
710361810
710475228
710514279
710533081
710546337
710563309
710594549
710603861
710637150
710659507
710813290
710818654
711094648
711189514
711273769
711294812
711309347
711335709
711399868
711549444
711752466
711800932
711812465
711814420
711883277
711929623
712035714
712078690
712141959
712162082
712312207
712315039
712346584
712359385
712404872
712421567
712451165
712504312
712599896
712684599
712913226
712914825
712959224
712999957
713034839
713324521
713415126
713490439
713645980
713648530
713673061
713673652
713792171
713880748
713898515
713902135
713928077
713954853
713971200
713972536
714002377
714094548
714138256
714238419
714319513
714327730
714394284
714435187
714502416
714721451
714757774
715122736
715329302
715389662
715477568
715479621
715565126
715711331
715804145
716058225
716142100
716380721
716728392
716826067
716843063
716882801
716905448
717108869
717155972
717782535
718097649
718165581
718649950
718650938
718780496
718856191
718975846
719038725
719064153
719104821
719132388
719135742
719142176
719324642
719371762
719447007
719517246
720081034
720406599
720488840
720584585
720844207
720946343
721009944
721154406
721276617
721674821
721761483
721858224
721860852
721894593
722105025
722165422
722708656
722716672
722878994
723058768
723212066
723353258
723525450
723642806
728197037
728205506
728224458
728749675
728905842
728956219
729120914
729251844
729476396
729554198
729595160
729603314
729645301
729671392
729680242
729716969
729785907
729825850
729861396
729943981
729991704
730188004
730231532
730232098
730432967
730675475
730689506
730767223
731199525
731359264
731361223
731467913
732231148
732350084
732407561
732615817
733109570
733204137
733230163
733377091
733538966
733701844
733875354
733982481
734253888
734447947
734559425
734604972
734693832
734851605
735146779
735333902
735358159
735390960
735427629
735547682
735792272
736188272
736212447
736355470
736549390
736564473
736586857
736602882
736741783
736914440
736919675
737107492
737120988
737491121
737550949
737566413
737653641
737749020
737815388
737884013
737893093
738001882
738505078
738541710
738786338
738819633
738824757
739123088
739412135
739686686
739861363
739975805
740001070
740108760
740316850
740330432
740383666
740570285
740609527
740764732
740965739
740984243
741095958
741346488
741808632
741927161
741967581
741975474
741989772
742218452
742288469
742289024
742587014
742614858
742742073
743148933
743351824
743549217
743568614
743622505
743660058
743677117
743709564
743884387
744077381
744099653
744290397
744588472
744635679
744892675
745216310
745274785
745275685
745402306
745457238
745876959
745886741
745910704
745925673
745940682
745966542
746116523
746280627
746352112
746404451
746586630
746754765
746999672
747024032
747109048
747126305
747220923
747405568
747414631
747422233
747655422
747718130
747791295
747821864
748024806
748273639
748423008
748437587
748684730
748901745
749484710
749542316
749758485
749829946
749930856
750072430
750282717
750379967
750507082
750660379
751019555
751057311
751192752
751309224
751855474
751957802
752361710
752579553
752695113
752715253
752782353
752809804
752868919
753062232
753063914
753238755
753259625
753479205
753932079
754015945
754072647
754108117
754200871
754223483
754250650
754275894
754371003
754480272
754659864
754757248
754850990
754859129
754875914
755016467
755157245
755303250
755319271
755371042
755478506
755636698
755748250
755824064
755954559
756211557
756491637
756789944
756862073
757485725
757495076
757660873
757855484
758013749
758609556
758766481
758838878
758866017
759311323
759387871
759586876
759736703
759785679
760200747
760432008
760822579
760923842
760940281
761421422
761499335
761507155
761514647
761772090
761894991
761957153
761997707
762276673
762737539
763224085
763292326
763651367
763747271
763754612
763935168
763957125
763985438
764042045
764093205
764099783
764719541
764739348
764857986
765137277
765456483
766186311
766820278
767156593
767157027
767179357
767365566
767372423
767397218
767465090
767583509
767624933
767924202
767928211
768354516
768365441
768460111
768538522
768677852
768986918
769088166
769103737
769118431
769186129
769194514
769729836
769858140
769997265
771198407
771465493
771807211
772761220
772882409
773065188
773091436
773113280
773586245
774148713
774680818
775024335
775265644
775394393
775440068
775531980
775762439
776659601
776891965
777049689
777625749
777832374
778170586
778347541
778954681
779051647
779178407
779431321
779564144
779674705
779772185
779810168
780175103
780311361
780422745
780630249
780783528
780961406
781188642
781261929
781266418
782168816
782203088
782862585
782885904
782893864
782933982
782963792
783200656
783240645
783294240
783302729
783681366
783754014
783902616
784286363
784316493
784317453
784550969
784558475
784590310
785813222
785945527
786023379
786039174
786657417
787153912
787778090
787809877
787944323
788515020
788745474
789013110
789095913
789099381
789279688
789384584
789479261
789536787
789624776
789687748
789917865
790185038
790233772
790425205
790429829
790490516
790653073
790926726
790938364
790986692
791013170
791029867
791428527
791429721
791640042
791653610
791777244
791781808
791854216
792084709
792087409
792109771
792415948
792573940
792580007
792611174
792651018
792744237
793040827
793227571
793579066
793584889
793667129
794022608
794030479
794867006
794995141
795120580
795271454
795523146
795548054
795742622
795949278
796093520
796096486
796166166
796432128
796527799
796551514
796599462
796612794
796764561
796873832
796931255
796941539
797061776
797349269
797380660
797426290
797735286
798227741
798520804
798645101
799105706
799110425
799279481
799390832
799412214
799585305
799732073
800007195
800372368
800693573
800802794
800972950
801316299
801330325
801349438
801517119
801563790
801647406
801767645
801805628
801920915
802274004
802815808
802881547
803210471
803292561
803460974
803783030
804652825
804679739
805249391
805473602
805933421
805941162
805961541
806132633
806348658
806476922
806512616
806808380
807008365
807096864
807119506
807125281
807174936
807415314
807923080
808056306
808095736
808354019
808541196
808691967
809036102
809083079
809270234
809283470
809283664
809407041
809442497
809454852
809479951
810898895
810945339
811276173
811423740
811491988
811537942
811656267
811674737
811772384
811807970
811868612
811901248
811934498
812017057
812068210
812145596
812334526
812397451
812429051
812655218
812814688
812828885
812958482
813259843
813305376
813431380
813501455
813598493
813712122
813733733
813742746
813875763
813882286
814226294
814374316
814458098
814477195
814583923
814914926
815186477
815603680
815707593
815722474
815759354
815946644
815948825
816277651
816438805
816448263
816478801
816646985
816691429
816908576
817013603
817231515
817433824
817483245
817818106
817991572
818150024
818259878
818668803
819034340
819119815
819301893
819335204
819354112
819464181
819948009
820020591
820198534
820211693
820252263
820427578
820585375
820657949
820747309
820850047
821006772
821073662
821082891
821125019
821149580
821183981
821295484
821350330
821372608
821434958
821681351
821747307
821751878
821867254
821916111
822073312
822527914
822550423
822566508
822717521
822764676
823082894
823162744
823205934
823236268
823294471
823301458
823319158
823448711
824004273
824019330
824324205
824419978
824440736
824468614
824578521
824662125
824878299
825076301
825083589
825244574
825275960
825291082
825312210
825501082
825507131
825594180
825729885
825977542
826014112
826183803
826190956
826891596
827684395
827686837
827708663
827970192
828153618
828352770
828974475
829427752
829931922
829973903
830109105
830207019
830245126
830387116
830445318
830541633
830709265
830752376
830756543
830942764
830980216
831069141
831074709
831106740
831367784
831759015
831764865
831977007
832072471
832130085
832450122
832621765
832758654
832766629
832972460
833046158
833231995
833383393
833413848
833758034
834153044
834429723
834694742
834740249
834784681
834856731
834986606
835741812
835921217
836152730
836237281
837011675
837120926
837132126
837305043
837785867
838116323
838261745
838457390
838547984
838684619
838688313
839042562
839113664
839192601
839358567
839452255
839890800
839980918
840373475
840422891
840872609
841276223
841353350
841580187
841851298
842121672
842511539
842529483
842593171
843460751
843713290
843765792
844002155
844186775
844557266
844603609
844648826
844824257
845001779
845160276
845164596
845228452
845509914
845932964
845991975
846044831
846088646
846260515
846407745
846605954
846722058
846835480
846903965
847114993
847172909
847338621
847497347
847525755
847622415
848094194
848120846
848637927
848794736
848817318
848932259
849009699
849121405
849137839
849518063
849552254
849674976
849755671
849770157
850158813
850163690
850217320
850230038
850254693
850494173
850636607
850921235
851117415
851204579
851258604
851527441
851640101
851821988
851988914
852189015
852344388
852448190
852580151
852621884
853179887
853280078
853573041
853721331
853828521
853889774
854153613
854393185
854459407
854828930
855178382
855423850
855703744
856080766
856408172
856424240
856902699
857069515
857190687
857252473
857308230
857450610
857515887
857615552
857975341
858091028
858162621
858210640
858486159
858518477
858611516
858654692
858721886
858751328
858794994
859025020
859033337
859067948
859230878
859377959
859510186
859733533
859751079
859779359
860099991
860236555
860271494
860654315
860796085
860985838
861075934
861137449
861241772
861301793
861321623
861398317
861658440
861846319
861864638
861867812
861889612
862277616
862669668
863096813
863117320
863345304
863503868
863602137
863876228
863910093
864270654
864301284
864406757
864589076
864644991
864743472
864845465
864873275
864961189
864977189
865055255
865269404
865682606
866255973
866266822
866606792
866615003
866807857
866850401
866872360
867153956
867296322
867528414
867683754
868032741
868035805
868123584
868242303
868247422
868414792
868472346
868489472
868519804
868796306
868797297
868895359
868915106
868979091
869041584
869116273
869344682
869358915
869426262
869501950
869831427
869889554
870111105
870114970
870146594
870341280
870389239
870510864
870874424
870996331
871228056
871781835
871848310
871973578
871989025
872470004
872485320
872575884
873205435
873583428
873601027
873734546
874005267
874026840
874156466
874282209
874291743
874405756
874604925
874717851
874871285
874959514
874998094
875242841
875254438
875262740
875427473
875798835
876491763
876575574
876759998
876762140
877185335
877292626
877346511
877406576
877582264
877609733
877828208
878168285
878421112
878644595
878804604
878824403
879295560
879327763
879335474
879758114
880544081
881472761
881478369
881777432
881813712
881957583
882001165
882123414
882495694
882504930
882541297
882675022
882877031
883157247
883182283
883295299
883712947
883861366
883864151
884122176
884214924
884435712
884954033
884999693
885724681
885817028
886127603
886142919
886390337
886466251
886746838
886945581
887245507
888001708
888697743
889410409
889900635
890130610
890169283
890506579
890948169
891486747
892023193
892284147
892340769
892355558
893165231
893302954
893403574
893460840
894892166
895297281
895470589
895651801
896078405
896256289
896792368
897002906
897166286
916396368
976713450
1019099678
1019432824
1020352647
1021201897
1021562958
1022208224
1022288356
1022662714
1022813758
1023288751
1023510005
1023867647
1023944966
1024112034
1024652016
1025276688
1025706302
1025736042
1025789839
1026659913
1026842528
1026885897
1027813234
1028736309
1030325517
1030413970
1030661705
1030746349
1031723981
1031760256
1031981624
1032018837
1032299534
1034259864
1034306660
1035263681
1036362808
1037014336
1037088385
1037161795
1037357441
1037891597
1037954511
1037973518
1038106903
1038251462
1038306583
1039274380
1039428316
1039668471
1039907435
1042305823
1042410357
1042560283
1044572095
1045338834
1045605927
1046269319
1046344418
1047846689
1048082728
1048631923
1048751500
1049044454
1049197080
1049294965
1050070358
1051766058
1052171080
1052171797
1052246537
1053308798
1053846960
1054704648
1055425270
1055790687
1056274475
1056574788
1056938332
1057158457
1057572636
1058622834
1058968392
1059025131
1059563053
1060117579
1060229572
1060293898
1060668312
1060686284
1061949460
1062468294
1063014458
1063232417
1063828945
1064681583
1067923264
1068334582
1068621579
1069256098
1071210408
1071482918
1072283101
1073567757
1074904851
1075669059
1077842699
1077903279
1078035848
1078852715
1079531698
1079989779
1080269675
1080625260
1081658648
1082364195
1084974883
1085159137
1086174334
1086914078
1087595686
1087694413
1088230333
1088764210
1088964615
1089188900
1090223565
1090370179
1090785184
1091217857
1094061014
1094201738
1094338429
1096643892
1097147484
1098288916
1099258309
1099355497
1099996169
1100403128
1100554347
1101330046
1101691982
1102521700
1102807921
1106248012
1106275489
1107109573
1107172482
1108396981
1109521290
1111025833
1111922592
1112046297
1112667139
1115448150
1116866824
1117466874
1123628009
1125068870
1125134458
5151272750
200001366011
200002299884
